arm,U0d,U0d,U2,U2
frame,B1,B2,B1,B2
A_FP_area_dry_cropland_km2,0.5443,0.0045,0.1126,0.0027
A_FP_rate_dry_cropland,0.002074,7.5e-05,0.000429,4.5e-05
A_evaluated_dry_cropland_km2,262.48,59.62,262.48,59.62
B_recall_flooded_open_low_veg,0.8142,0.0648,0.8588,0.0989
B_IoU_open_low_veg,0.7271,0.0637,0.8271,0.0956
B_FN_area_km2,0.8728,0.5341,0.6635,0.5146
B_reference_km2,4.697,0.571,4.697,0.571
C_recall_flooded_cropland_LOWN,0.798,0.8252,0.8103,0.9371
C_FN_area_km2,0.1096,0.0025,0.1029,0.0009
C_reference_km2,0.542,0.014,0.542,0.014
W_precision,0.9736,0.9673,0.9677,0.9568
W_recall,0.9927,0.977,0.9948,0.9728
W_IoU,0.9667,0.9457,0.9628,0.9318
BU_FP_area_km2,0.2341,0.1523,0.5472,0.2575
BU_precision,0.4492,0.4413,0.3043,0.3291
BS_FP_area_km2,0.0006,0.0005,0.0023,0.0008
G_F1,0.9452,0.9451,0.9449,0.9265
G_IoU,0.8962,0.896,0.8956,0.863
G_precision,0.9369,0.948,0.9242,0.913
G_recall,0.9537,0.9422,0.9666,0.9404
A1_isolated_field_FP_km2,0.4357,0.0033,0.0609,0.0004
A2_pred_flood_on_nonflood_cropland_km2,0.5443,0.0045,0.1126,0.0027
A2_PREDICTED_FLOOD_BURDEN_ON_UNLABELLED_CROPLAND_km2,9.9191,11.2893,4.0934,7.5866
A2_unlabelled_cropland_evaluated_km2,250.54,158.42,250.54,158.42
A2_frac_unlabelled_cropland_above_thr,0.03959,0.07126,0.01634,0.04789
A2_frac_nonflood_cropland_above_thr,0.00207,8e-05,0.00043,5e-05
A2_isolated_field_like_km2,8.1231,11.0543,3.2671,7.1873
A2_isolated_field_like_on_unlabelled_km2,7.6018,10.7149,3.1801,7.0014
B_n_contributing_blocks,7.0,2.0,7.0,2.0
B_n_ref_components,568.0,808.0,568.0,808.0
B_n_recovered,229.0,28.0,257.0,36.0
W_largest_component_share,0.3354424263975479,0.3083682832103376,0.3431839448599055,0.3258114740728658
A2_isolated_size_0.01_0.05_km2_n,16.0,29.0,30.0,36.0
A2_isolated_size_0.05_0.1_km2_n,9.0,17.0,7.0,10.0
A2_isolated_size_0.1_0.5_km2_n,19.0,19.0,6.0,14.0
A2_isolated_size_0.5_1.0_km2_n,2.0,1.0,1.0,3.0
A2_isolated_size_1.0_inf_km2_n,1.0,3.0,0.0,0.0
A2_score_p50_nonflood,0.0017,0.0019,0.0274,0.0235
A2_score_p75_nonflood,0.002,0.0023,0.0342,0.0285
A2_score_p90_nonflood,0.0025,0.0041,0.0432,0.0344
A2_score_p99_nonflood,0.0198,0.0368,0.1539,0.0652
A2_score_p50_ignore,0.0021,0.0024,0.0396,0.0269
A2_score_p75_ignore,0.0028,0.0107,0.0559,0.0387
A2_score_p90_ignore,0.0115,0.1531,0.1162,0.1911
A2_score_p99_ignore,0.9879,0.9941,0.5999,0.7698
