epoch,train_loss,val_F1_at_0p5,vram_gb
0,1.34833,0.14143,1.98
1,1.05416,0.40725,1.98
2,0.84306,0.41822,1.98
3,0.72226,0.53892,1.98
4,0.65859,0.57085,1.98
5,0.64854,0.50327,1.98
6,0.58087,0.51603,1.98
7,0.53273,0.60618,1.98
8,0.44245,0.6903,1.98
9,0.4901,0.61742,1.98
10,0.40282,0.71405,1.98
11,0.40738,0.67955,1.98
12,0.4905,0.68394,1.98
13,0.27831,0.75068,1.98
14,0.33296,0.78918,1.98
15,0.33719,0.81012,1.98
16,0.2943,0.80254,1.98
17,0.3062,0.79225,1.98
18,0.2556,0.71528,1.98
19,0.28532,0.79043,1.98
20,0.2258,0.76917,1.98
21,0.21446,0.8073,1.98
22,0.38485,0.74522,1.98
23,0.30919,0.8192,1.98
24,0.28276,0.78892,1.98
25,0.23701,0.76113,1.98
26,0.27001,0.80113,1.98
27,0.18729,0.78788,1.98
28,0.25408,0.83007,1.98
29,0.22563,0.78894,1.98
30,0.26162,0.76078,1.98
31,0.23998,0.77366,1.98
32,0.26412,0.80095,1.98
33,0.17366,0.81043,1.98
34,0.21572,0.79616,1.98
35,0.24974,0.76725,1.98
36,0.19602,0.77572,1.98
37,0.21771,0.77221,1.98
38,0.18889,0.805,1.98
39,0.24713,0.767,1.98
40,0.22543,0.76094,1.98
41,0.19306,0.81012,1.98
42,0.21257,0.81643,1.98
43,0.17122,0.82694,1.98
44,0.16226,0.80805,1.98
45,0.19003,0.82961,1.98
46,0.15402,0.82574,1.98
47,0.20795,0.79429,1.98
48,0.22689,0.79771,1.98
49,0.20651,0.81843,1.98
50,0.18601,0.76536,1.98
51,0.19131,0.80806,1.98
52,0.19795,0.75094,1.98
53,0.17145,0.75525,1.98
54,0.18474,0.82159,1.98
55,0.15715,0.81897,1.98
56,0.19653,0.82574,1.98
57,0.16608,0.83053,1.98
58,0.16593,0.78735,1.98
59,0.12268,0.79855,1.98
