row,col,split,flood_px,neg_px,disputed_px
256,3456,train,0,14606,8690
384,3456,train,0,19304,12900
512,3456,train,0,21086,17872
640,3456,train,0,24134,16176
768,3328,train,0,52,0
768,3456,train,0,24080,17734
896,3328,train,0,1532,0
896,3456,train,0,29070,13528
1536,3456,test,0,29700,7840
1664,3456,test,0,40720,1400
1792,3456,test,0,52934,2200
1920,3456,test,0,74112,2200
2048,3456,test,0,100556,2200
2176,3456,test,0,116032,2200
2304,3456,test,0,128496,0
2432,3456,test,0,129718,0
2560,3456,test,0,132362,1824
2688,3456,test,0,141998,4060
2816,3456,test,0,159302,5928
3072,2944,train,1,332,521
3200,2944,train,66,494,2760
3328,2816,train,0,444,0
3328,2944,train,66,2842,4936
3456,1536,train,0,1144,70
3456,1664,train,0,3414,710
3456,1792,train,0,8432,710
3456,1920,train,0,12978,2126
3456,2048,train,0,17212,2056
3456,2176,train,0,16652,1416
3456,2304,train,0,11636,1416
3456,2432,train,0,7090,0
3456,2560,train,0,1712,0
3456,2688,train,0,1390,248
3456,2816,train,0,15312,248
3456,2944,train,66,25950,9146
3456,3456,val,297,200384,36416
3584,1280,train,0,650,656
3584,1408,train,244,5526,3833
3584,1536,train,248,21214,4533
3584,1664,train,248,31368,9269
3584,1792,train,248,50000,8827
3584,1920,train,4,65788,7066
3584,2048,train,0,69116,6366
3584,2176,train,0,73314,1630
3584,2304,train,0,65704,1416
3584,2432,train,0,53616,0
3584,2560,train,0,44144,0
3584,2688,train,0,44040,1068
3584,2816,train,0,62676,1068
3584,2944,train,65,80752,9477
3584,3456,val,230,210374,29358
3712,1152,train,0,3528,0
3712,1280,train,0,14952,656
3712,1408,train,244,34792,3833
3712,1536,train,248,63962,4533
3712,1664,train,248,83778,9337
3712,1792,train,248,99462,8921
3712,1920,train,4,114412,7174
3712,2048,train,0,118674,6476
3712,2176,train,0,121572,2472
3712,2304,train,0,122506,2232
3712,2432,train,0,112664,802
3712,2560,train,0,105156,800
3712,2688,train,0,109154,1368
3712,2816,train,0,127172,1872
3712,2944,train,0,145098,8042
3712,3456,val,9,219930,26174
3840,1024,train,0,2936,0
3840,1152,train,0,17754,1494
3840,1280,train,0,39510,3032
3840,1408,train,244,67818,6453
3840,1536,train,248,103760,8385
3840,1664,train,248,121312,11695
3840,1792,train,248,136090,11233
3840,1920,train,4,153434,13156
3840,2048,train,0,153030,17536
3840,2176,train,0,154860,14588
3840,2304,train,0,160302,13512
3840,2432,train,0,155974,8168
3840,2560,train,0,159742,1878
3840,2688,train,0,172166,1390
3840,2816,train,0,192190,1894
3840,2944,train,0,208212,5888
3840,3456,val,0,239450,13302
3968,2560,train,0,209964,5786
3968,2688,train,0,229866,3562
3968,2816,train,0,238724,3550
3968,2944,train,0,248304,3582
4096,2560,train,0,217912,10192
4096,2688,train,0,243724,5918
4096,2816,train,0,248474,5650
4096,2944,train,0,256248,3910
4224,2560,train,17,207476,13058
4224,2688,train,17,234708,8994
4224,2816,train,17,244290,7666
4224,2944,train,17,253058,5926
4352,2560,train,894,190456,19828
4352,2688,train,894,213952,16820
4352,2816,train,894,232012,12660
4352,2944,train,894,246566,9366
4480,512,val,0,214804,10880
4480,640,val,0,186256,22020
4480,768,val,0,155134,38358
4480,896,val,0,140212,41798
4480,1536,test,3141,138312,23732
4480,1664,test,201,150110,25997
4480,1792,test,202,165592,29034
4480,1920,test,205,170424,31168
4480,2560,train,7574,182456,24388
4480,2688,train,7470,199750,22291
4480,2816,train,4576,220062,17647
4480,2944,train,1842,239852,12300
4480,3456,test,22860,197558,32885
4608,512,val,0,209542,9692
4608,640,val,0,186306,19698
4608,768,val,0,158536,36964
4608,896,val,0,149566,40470
4608,1536,test,3141,133662,25254
4608,1664,test,201,159104,22605
4608,1792,test,233,175662,30901
4608,1920,test,401,173500,43136
4608,2560,train,35523,139586,44314
4608,2688,train,35638,158838,35485
4608,2816,train,25476,189588,28600
4608,2944,train,8146,216172,26513
4608,3456,test,45990,149266,52283
4736,512,val,0,218014,9294
4736,640,val,0,193222,18574
4736,768,val,0,165244,33426
4736,896,val,0,152116,37814
4736,1536,test,994,128590,22703
4736,1664,test,201,150468,19252
4736,1792,test,665,165846,33946
4736,1920,test,1086,154104,62949
4736,2560,train,50822,99880,73339
4736,2688,train,45193,112706,72522
4736,2816,train,29487,151134,61746
4736,2944,train,9843,183612,55547
4736,3456,test,74208,109178,58165
4864,512,val,0,218166,6333
4864,640,val,1,200290,14102
4864,768,val,1,174430,25020
4864,896,val,1,163642,28912
4864,1536,test,0,135928,24884
4864,1664,test,0,164202,13068
4864,1792,test,564,180272,23585
4864,1920,test,1068,159836,61335
4864,2560,train,72532,71882,93144
4864,2688,train,58434,86816,94950
4864,2816,train,35157,118362,91454
4864,2944,train,10105,147976,89472
4864,3456,test,97615,79214,54008
5504,256,train,0,10150,250030
5504,384,train,0,2242,258246
5504,512,train,19,3634,257029
5504,640,train,36,31134,222921
5504,768,train,53,59808,179559
5504,896,train,88,95320,133759
5504,1024,train,1034,123002,93748
5504,1152,train,1669,128470,83871
5504,1280,train,2039,125996,92202
5504,1408,train,2995,115760,99392
5504,1536,train,8941,104372,111309
5504,1664,train,9301,92364,130347
5504,1792,train,9126,81878,144684
5504,1920,train,16074,68902,157869
5504,2560,test,91843,51372,93542
5504,2688,test,94223,59932,82384
5504,2816,test,92108,63774,80125
5504,2944,test,77310,67798,93072
5504,3456,val,31562,119410,81424
5632,512,train,28,3468,258320
5632,640,train,77,32530,225519
5632,768,train,105,61870,186633
5632,896,train,338,96112,146832
5632,1024,train,1858,122598,112772
5632,1152,train,2530,122764,110503
5632,1280,train,3059,117398,118791
5632,1408,train,4867,100054,127782
5632,1536,train,10872,81342,135869
5632,1664,train,11488,62024,155753
5632,1792,train,11330,45036,176985
5632,1920,train,17870,34250,188514
5632,2560,test,49750,78954,110635
5632,2688,test,53986,89290,95392
5632,2816,test,60931,90678,86102
5632,2944,test,53034,87878,99883
5632,3456,val,19559,156050,59091
5760,512,train,17,4830,256898
5760,640,train,306,39038,219173
5760,768,train,1960,76484,176095
5760,896,train,5942,103238,140737
5760,1024,train,10440,119462,115243
5760,1152,train,10888,103714,129164
5760,1280,train,10081,83548,147888
5760,1408,train,8345,67768,156593
5760,1536,train,12315,54910,157601
5760,1664,train,12952,45212,167962
5760,1792,train,13234,34006,182402
5760,1920,train,17452,28876,190840
5760,2560,test,30083,104834,109283
5760,2688,test,36837,112662,92491
5760,2816,test,42502,98848,98456
5760,2944,test,31975,96406,112644
5760,3456,val,23115,163570,52054
5888,512,train,23,7522,253659
5888,640,train,318,44138,212786
5888,768,train,1962,81842,169871
5888,896,train,6263,103760,139260
5888,1024,train,10700,114456,120425
5888,1152,train,10715,90782,144658
5888,1280,train,13944,69284,162856
5888,1408,train,14302,58174,166787
5888,1536,train,12031,50236,168220
5888,1664,train,12679,47368,170369
5888,1792,train,8862,38530,183606
5888,1920,train,7820,32674,195165
5888,2560,test,16414,141902,85232
5888,2688,test,19522,152776,70966
5888,2816,test,21509,137964,81720
5888,2944,test,17272,125892,98577
5888,3456,val,20654,179258,42755
6016,256,train,2,1344,260384
6016,384,train,75,7490,253168
6016,512,train,116,16016,243501
6016,640,train,414,45824,210065
6016,768,train,2060,78610,171999
6016,896,train,6291,93606,149021
6016,1024,train,9812,102492,133772
6016,1152,train,9644,84154,152501
6016,1280,train,14623,63536,168444
6016,1408,train,14915,54244,172988
6016,1536,train,13148,47480,170871
6016,1664,train,13762,48208,167017
6016,1792,train,8516,44138,176574
6016,1920,train,8232,45140,177811
6144,256,train,2,4514,255348
6144,384,train,97,12520,246448
6144,512,train,137,20380,237514
6144,640,train,403,45470,209523
6144,768,train,2054,78286,171798
6144,896,train,6130,86324,157155
6144,1024,train,9069,92070,146989
6144,1152,train,8866,75240,164078
6144,1280,train,13683,53908,181541
6144,1408,train,13058,45672,189377
6144,1536,train,11256,42806,189651
6144,1664,train,11710,54872,175585
6144,1792,train,6336,66440,168879
6144,1920,train,6180,85352,149934
6272,256,train,120,48498,202931
6272,384,train,119,58916,193900
6272,512,train,140,57302,196041
6272,640,train,156,56926,194873
6272,768,train,180,69248,180784
6272,896,train,514,66458,184800
6272,1024,train,484,64560,186536
6272,1152,train,515,54746,196067
6272,1280,train,6660,39296,206824
6272,1408,train,9561,36662,206910
6272,1536,train,9800,50052,190256
6272,1664,train,10233,78228,159864
6272,1792,train,4415,108010,136384
6272,1920,train,3558,139708,105956
6400,256,train,207,89490,152271
6400,384,train,153,106280,135952
6400,512,train,188,96196,143301
6400,640,train,410,81272,154665
6400,768,train,564,73870,158475
6400,896,train,634,64260,173750
6400,1024,train,570,62198,179434
6400,1152,train,395,54104,188418
6400,1280,train,2157,48908,194127
6400,1408,train,3163,48940,194732
6400,1536,train,3348,71400,170825
6400,1664,train,3622,111160,131459
6400,1792,train,2045,149576,97933
6400,1920,train,1761,191996,58052
6528,256,train,206,139518,95470
6528,384,train,78,154042,84493
6528,512,train,172,134838,99382
6528,640,train,441,107318,121595
6528,768,train,630,87660,136115
6528,896,train,775,77908,152294
6528,1024,train,686,80506,156361
6528,1152,train,584,68076,171610
6528,1280,train,711,56682,183681
6528,1408,train,2320,50070,181180
6528,1536,train,2602,72938,157322
6528,1664,train,2533,126310,108115
6528,1792,train,2213,180844,60551
6528,1920,train,437,231906,22700
6528,2048,train,98,252752,3893
6528,2176,train,0,243678,3641
6528,2304,train,192,219866,14000
6528,2432,train,2408,165802,43349
6528,2560,train,4002,110702,77818
6528,2688,train,5335,61258,107454
6528,2816,train,6776,22796,129315
6528,2944,train,6212,18752,129986
6528,3072,train,5668,14120,122599
6528,3200,train,5107,13326,124763
6528,3328,train,4079,17640,130244
6528,3456,train,3082,17220,132574
6656,256,train,206,170410,53839
6656,384,train,56,194884,38543
6656,512,train,142,179574,52028
6656,640,train,411,148836,78131
6656,768,train,586,126638,97964
6656,896,train,759,108866,119994
6656,1024,train,737,109818,125843
6656,1152,train,1181,88042,142103
6656,1280,train,1518,73656,152908
6656,1408,train,3358,68552,144297
6656,1536,train,3868,86210,121290
6656,1664,train,3163,143752,75926
6656,1792,train,2647,195790,35073
6656,1920,train,634,236758,9528
6656,2048,train,8,251208,598
6656,2176,train,8,235192,5421
6656,2304,train,188,207460,18223
6656,2432,train,1292,166498,41781
6656,2560,train,2137,125942,69383
6656,2688,train,2909,88756,92583
6656,2816,train,4078,53858,104732
6656,2944,train,4593,39524,102092
6656,3072,train,4746,21328,95227
6656,3200,train,4572,10676,94210
6656,3328,train,3631,8470,101269
6656,3456,train,2469,4494,105981
6784,256,train,88,151836,70389
6784,384,train,34,183388,50263
6784,512,train,139,184048,47536
6784,640,train,407,178168,48978
6784,768,train,584,172936,53709
6784,896,train,752,160240,68688
6784,1024,train,732,164990,70360
6784,1152,train,1370,130566,93736
6784,1280,train,1716,107392,110528
6784,1408,train,3713,96656,103603
6784,1536,train,4230,95258,97036
6784,1664,train,3332,149800,60233
6784,1792,train,2806,196068,24735
6784,1920,train,641,225096,9635
6784,2048,train,8,240360,616
6784,2176,train,15,223590,5214
6784,2304,train,158,199212,16810
6784,2432,train,947,168548,34730
6784,2560,train,1517,139872,52354
6784,2688,train,2093,106620,65302
6784,2816,train,2791,70334,71709
6784,2944,train,3345,48660,66465
6784,3072,train,3372,19696,63700
6784,3200,train,2988,5682,64995
6784,3328,train,2266,4478,69094
6784,3456,train,994,1732,73536
6912,512,train,141,173788,59140
6912,640,train,199,180064,51065
6912,768,train,246,187402,47391
6912,896,train,322,186580,51464
6912,1024,train,339,197662,45919
6912,1152,train,1287,151422,72182
6912,1280,train,1780,113166,100238
6912,1408,train,3071,92012,99558
6912,1536,train,3468,83554,99367
6912,1664,train,2470,133324,66850
6912,1792,train,1930,182500,26079
6912,1920,train,532,206314,14947
6912,3456,train,463,1010,34794
7040,512,train,80,156742,69970
7040,640,train,84,174622,51600
7040,768,train,94,194362,38200
7040,896,train,172,202982,34026
7040,1024,train,214,217576,25566
7040,1152,train,1231,168316,51398
7040,1280,train,1477,127100,84344
7040,1408,train,1917,115314,84859
7040,1536,train,2220,104394,87216
7040,1664,train,1206,143630,63740
7040,1792,train,949,184226,25089
7040,1920,train,394,189718,18272
7040,3456,train,39,356,2428
7168,512,train,90,148024,74548
7168,640,train,94,160934,59741
7168,768,train,108,177274,47989
7168,896,train,112,202388,31324
7168,1024,train,98,221890,18071
7168,1152,train,630,184640,38835
7168,1280,train,663,154298,65858
7168,1408,train,931,146740,67959
7168,1536,train,972,138374,68766
7168,1664,train,444,164606,49706
7168,1792,train,396,189898,18169
7168,1920,train,117,183328,16446
7296,512,train,145,137764,60980
7296,640,train,149,146164,57026
7296,768,train,162,153700,52719
7296,896,train,163,178016,37510
7296,1024,train,101,201636,23436
7296,1152,train,440,184528,34303
7296,1280,train,464,170042,50875
7296,1408,train,577,172408,49148
7296,1536,train,585,165104,48539
7296,1664,train,666,165886,37796
7296,1792,train,628,168806,16766
7296,1920,train,502,148496,16204
