# Load-bearing inputs of the paper's results (review F16). Generated by workflows/paper/data_manifest.py on 2026-09-29; sha256 of a file, or digest: = sha256 of the sorted 'relpath sha256' lines of a directory / glob. Locations: repo / bulk ($FLOODSTATE_DATA_ROOT) / swot (SWOT-DNIPRO) / icesat (hydrology sibling). TBD = not recorded, never invented.
input_id,role,used_by,location,source,url,version,licence,redistributable,exists,n_files,size_bytes,sha256,notes
terrain_zone4,"terrain-bed elevation, EVRF2019",p95 p95e p95j p95c p95l,bulk:dem_seamless/ZONE_4_DAM_TO_KHERSON_FLOODWAY_dem_evrf2019_20m.tif,"derived from FABDEM v1.2 (Hawker et al. 2022, doi 10.1088/1748-9326/ac4d4f; CC BY-NC-SA 4.0) and the Paper-2 bed",TBD,Paper 2 seamless model,CC BY-NC-SA 4.0 (FABDEM-derived),NO (FABDEM-derived numeric raster; rebuild with the Paper-2 chain),True,1,85350412,3dfc21fb191087e1631eabb04dea5870288b5e6e13c5ae36d84de8a39dbae048,
terrain_source_zone4,"source mask of the terrain (1/2/5 bed, 3/4 FABDEM)",p95 p95e p95j p95c,bulk:dem_seamless/ZONE_4_DAM_TO_KHERSON_FLOODWAY_dem_source_20m.tif,Paper 2 seamless model,TBD,Paper 2,CC BY-NC-SA 4.0 (FABDEM-derived),NO (FABDEM-derived numeric raster; rebuild with the Paper-2 chain),True,1,82808,facb30b1bc253a24a5e8eb4cb6bd81d40bf010ff9d41f66a32452467edbb199a,
terrain_zone2,"terrain-bed elevation, EVRF2019",p95 p95e p95j p95c p95l,bulk:dem_seamless/ZONE_2_KHERSON_DELTA_dem_evrf2019_20m.tif,"derived from FABDEM v1.2 (Hawker et al. 2022, doi 10.1088/1748-9326/ac4d4f; CC BY-NC-SA 4.0) and the Paper-2 bed",TBD,Paper 2 seamless model,CC BY-NC-SA 4.0 (FABDEM-derived),NO (FABDEM-derived numeric raster; rebuild with the Paper-2 chain),True,1,23920224,4acef5449218e38f6608a7f78936959e6103b881b92d57fce9349459d88a3933,
terrain_source_zone2,source mask of the terrain,p95 p95e p95j p95c,bulk:dem_seamless/ZONE_2_KHERSON_DELTA_dem_source_20m.tif,Paper 2 seamless model,TBD,Paper 2,CC BY-NC-SA 4.0 (FABDEM-derived),NO (FABDEM-derived numeric raster; rebuild with the Paper-2 chain),True,1,61824,87e45af2f3faee53d4cea8eeddd317bb31ebde3df72df1c9d9bd28b9835d7854,
terrain_pool_50m,"pool bed + surroundings, EVRF2019 (reservoir side)",p95f p95h,bulk:dem_seamless/dem_seamless_evrf2019_50m.tif,"derived from FABDEM v1.2 (Hawker et al. 2022, doi 10.1088/1748-9326/ac4d4f; CC BY-NC-SA 4.0) and the Paper-2 bed",TBD,Paper 2 seamless model,CC BY-NC-SA 4.0 (FABDEM-derived),NO (FABDEM-derived numeric raster; rebuild with the Paper-2 chain),True,1,68911460,2cca8338ec6429d0e678b9c45fe6996d5443453ef626a624865bfa1c877613f3,
worldcover_zone4,land-cover class of the terrain bias and the strata,p95 p95j p95c p95d p73,bulk:worldcover_frames/ZONE_4_DAM_TO_KHERSON_FLOODWAY/wc_2021_20m.tif,ESA WorldCover v200 (2021),https://esa-worldcover.org/en,v200,CC BY 4.0,YES (attribution),True,1,1641160,01b69cc3a972ac61aaff92c095984789ccc699c94425c9bf6c96053bbd570967,resampled to 20 m per zone
worldcover_zone2,land-cover class of the terrain bias and the strata,p95 p95j p95c p95d p73,bulk:worldcover_frames/ZONE_2_KHERSON_DELTA/wc_2021_20m.tif,ESA WorldCover v200 (2021),https://esa-worldcover.org/en,v200,CC BY 4.0,YES (attribution),True,1,518203,506825c4fe0b80413b9f3dc4ef9e230e52f705f2819a456118431a4c4067486e,resampled to 20 m per zone
s1_masks_zone4,"per-scene S1 dark-water masks (checks, labels)",p95 p95b p95c p95d p60 p77,bulk:s1_zone_cache/ZONE_4_FLOODWAY_june2023_s32,"Sentinel-1 GRD/RTC (Copernicus) -> M3 per-scene classifier (SWOT-DNIPRO, not migrated)",https://catalogue.dataspace.copernicus.eu,2023 scenes,"Copernicus Sentinel data (free, open)",YES (derived masks),True,14,1015661038,digest:8fa1d6a624db405cc5e1b309b826fc6e0920105409bc039a2d18691a26a35cc6,producer not in this repository (UNRESOLVED_DEPENDENCIES)
s1_masks_zone2,"per-scene S1 dark-water masks (checks, labels)",p95 p95b p95c p95d p60 p77,bulk:s1_zone_cache/ZONE_2_KHERSON_DELTA_flood_june2023,"Sentinel-1 GRD/RTC (Copernicus) -> M3 per-scene classifier (SWOT-DNIPRO, not migrated)",https://catalogue.dataspace.copernicus.eu,2023 scenes,"Copernicus Sentinel data (free, open)",YES (derived masks),True,12,561290857,digest:d7f6a1b85714889ab87e2657457ce95e64c6653fcfd12450e26119ec258af496,producer not in this repository (UNRESOLVED_DEPENDENCIES)
swot_nodes,water-surface nodes (EVRF2019 chain of Paper 1),p95 p95e p96,repo:case_studies/kakhovka_2023/tables/p59_swot_flood_nodes.csv,SWOT L2_HR_RiverSP nodes (PO.DAAC) via the Paper-1 chain (SWOT-DNIPRO p59),TBD (PO.DAAC record),RiverSP v2.0,NASA open data,YES (derived table),True,1,6097641,c3b1be15aafa14b632783756ba2b99a6b6d60e3ad3d4095f2ce6d5e7f05a7fc6,
kherson_gauge,"water-surface anchor (gauge 80805), EVRF2019",p95 p95e p95k p96,repo:case_studies/kakhovka_2023/tables/p59_swot_vs_kherson.csv,UkrHMC gauge 80805 Kherson (daily),TBD,2023,TBD (national hydrometeorological record),TBD,True,1,5196,e539baca153203e2c79bcdbb39f4d11fe398a1f50bc6134e75e7f9e00de14760,repository copy (review F16); BS-77 -> EVRF2019 by EPSG:9902
icesat2_atl08_kakhovka,"night ground heights (terrain error model, ICESat-2 checks)",p95j p95c (p57),bulk:data_swot/processed/atl08/kakhovka_atl08_terrain.parquet,"ICESat-2 ATL08 (NSIDC), Paper-2 pull",TBD (NSIDC),TBD,NASA open data,YES,True,1,129663611,92269d6ffc35f43a6ac124c3ef96b76eaf26239d51cb7fdc10c82f33bdb7b038,
icesat2_atl08_lower_dnipro,night ground heights (20 m segments),p95j p95c (p57),bulk:data_swot/processed/atl08/lower_dnipro_atl08_20m_raw.parquet,"ICESat-2 ATL08 (NSIDC), Paper-2 pull",TBD (NSIDC),TBD,NASA open data,YES,True,1,112120913,89138d38054972aa98d6bfd58eb7a8d0e0e542b4da75fce089b073a1a460b2f9,
icesat2_atl08_liman,night ground heights (20 m segments),p95j p95c (p57),bulk:data_swot/processed/atl08/liman_atl08_20m_raw.parquet,"ICESat-2 ATL08 (NSIDC), Paper-2 pull",TBD (NSIDC),TBD,NASA open data,YES,True,1,42715231,8ec2ac5464aaf3ba22c79a07fa601bcc058a1317d0013c32ed80655e9edf4eb0,
egg2015,quasigeoid of the vertical chain,"p57 p59 (SWOT-DNIPRO), p95j",icesat:data/1_data/egg_2015.tif,EGG2015 European Gravimetric Quasigeoid,TBD,2015,TBD,TBD,True,1,207381966,933cb8372fa5832b76d2acefba115c34c07af225bc9ec1d12a71d9b18e756d40,
epsg9902_grid,BS-77 -> EVRF2019 grid (gauge zeros),p95k,icesat:data/external/datum/ua_2019z.asc,EPSG:9902 transformation grid,TBD,TBD,TBD,TBD,True,1,114406,297440243e2ed8d67b1a61c6099db173b5fb13f85973854198b167c6c67b1a95,
p57_accuracy,Paper-2 terrain accuracy table (T18),p96 p95 (fallback),repo:case_studies/kakhovka_2023/tables/p57_dem_accuracy_night.csv,Paper 2 / SWOT-DNIPRO p57,,,this repository,YES,True,1,5304,f9ac2e1222b0b65c18defb39d785e2db842549fc1d4039e63a937786673572c2,
floodplain_domain,p42 terrain-eligible floodplain (accounting region),p95 p95l p92,swot:data/processed/domains/below_dam_floodplain_utm.geojson,SWOT-DNIPRO p42,,,maintainer's,TBD,True,1,1780563,4ac50401b7b7bbb03b4d10f7241ff5d9dfc47be551cf9405ef9a5f25b454d164,sibling repository (UNRESOLVED_DEPENDENCIES #3)
yearbook_2023_daily,"withheld gauges Kalynivske 80575 / Mykolaiv 98027, daily",p95k,icesat:data/1_data/data/parquet/*/daily/post_id=*/year=2023/data.parquet,"UkrHMC hydrological yearbook 2023, vol. 2, table 1.2 (ingested)",TBD,2023,TBD (national hydrometeorological record),TBD,True,297,2980868,digest:91adb44ba94c28e6f35cf4551f0ae747ed70bd892e75da52eb8c4fb2f55ebe94,
yearbook_2023_monthly,withheld gauges: monthly highest levels,p95k,icesat:data/1_data/data/parquet/*/monthly/post_id=*/year=2023/data.parquet,UkrHMC hydrological yearbook 2023 (ingested),TBD,2023,TBD (national hydrometeorological record),TBD,True,297,1985759,digest:31fd946f4effad8e3ad15f7033739a628c31fc12ffb250e8d40b462c0d6c4d0f,
dniprohes_releases,inflow to the pool,p95f p95i,swot:outputs/tables/dniprohes_releases.csv,DniproHES daily releases (post 80039),TBD,2023,TBD,TBD,True,1,2179440,7c91a80fdacce70f5354e44edb5a7ebec26ec792f70a23763b13afd479a52a44,sibling repository
pool_levels_2023,"pool levels (SWOT outlet, Nikopol, Rozumivka, G-REALM, ICESat-2, Yi)",p95f p95i p97,swot:outputs/tables/p61_pool_levels_2023.csv,SWOT-DNIPRO p61 (per-row sources),,,mixed (per row),TBD,True,1,98902,cae98480d7ea56adad9edf77aafaa56b6948113b1b77f4d04c22a043a674cfdd,sibling repository
k5_gauge_levels,"Rozumivka 80959 levels, EVRF2019",p95i,swot:outputs/tables/k5_gauge_levels_evrf2019.csv,UkrHMC gauge records via SWOT-DNIPRO k5,TBD,2023,TBD,TBD,True,1,6481291,caa0cdf9dd3501d42b8dd1fdcf60ee18d633bc3a67e203e3892ebbdbb417c175,sibling repository
swot_outlet_drawdown,SWOT 0.5 km below the dam,p95i,swot:outputs/tables/p60_swot_outlet_drawdown.csv,SWOT-DNIPRO p60,,,NASA open data (derived),TBD,True,1,4732,3870b465a6ee3111511c1661b16ffa3c38284e3ad70648458e081336082ed8da,sibling repository
design_hypsometry_table19,design level-area-volume (Table 19),p95f p95i,swot:outputs/tables/hist2_hypsometry.csv,"Dnipro-reservoirs monograph, Table 19 (transcribed)",,,TBD (monograph),TBD,True,1,2202,585d7830eee9e446c42bcb2bf08b66339491df773b594f21d3d572604a12351b,sibling repository
design_hypsometry_reaches,design curve per reach (Tables 19/21),p95i,swot:data/historical/historical_level_area_volume.csv,Dnipro-reservoirs monograph (transcribed),,,TBD (monograph),TBD,True,1,3627,cb1543a8f95d65afb4da3897962f28937d21533d4bc05cc3495ec806cef5268f,sibling repository
reservoir_reaches,reaches at NPG / GMO (Table 21),p95i,swot:data/historical/historical_reservoir_reaches.csv,Dnipro-reservoirs monograph (transcribed),,,TBD (monograph),TBD,True,1,1493,439946c99e2325239a0efe95cdd1366cdc4267407c0ecd87febbefa5c29f96ec,sibling repository
yi2025_reservoir_area,"literature comparison (Fig09b, T23)",p97 p96,swot:outputs/tables/p61_yi2025_reservoir_area.csv,"Yi et al. 2025 (WRR), authors' archive Zenodo 14639520 (observations.mat obs.A, Sentinel-1)",https://doi.org/10.5281/zenodo.14639520,code_share_v2,as published by the authors,TBD,True,1,268,7fe40bd4d2b33dcaed569b7c8eb1d0f395ebc43ae7a250577654809165f07577,"context, not validation"
hand_zone4,HAND input of U2/U2b; hand rule (sensitivity),p86 p95,bulk:floodplain/ZONE_4_DAM_TO_KHERSON_FLOODWAY/ZONE_4_DAM_TO_KHERSON_FLOODWAY_hand_m.tif,"derived from FABDEM v1.2 (Hawker et al. 2022, doi 10.1088/1748-9326/ac4d4f; CC BY-NC-SA 4.0) and the Paper-2 bed",TBD,Paper 2,CC BY-NC-SA 4.0 (FABDEM-derived),NO (FABDEM-derived numeric raster; rebuild with the Paper-2 chain),True,1,39554303,d162e2f420425e1fb4b75b32dfb6d78d743471e0a24ce5ece0e37123da7107df,
hand_zone2,HAND input of U2/U2b; hand rule (sensitivity),p86 p95,bulk:floodplain/ZONE_2_KHERSON_DELTA/ZONE_2_KHERSON_DELTA_hand_m.tif,"derived from FABDEM v1.2 (Hawker et al. 2022, doi 10.1088/1748-9326/ac4d4f; CC BY-NC-SA 4.0) and the Paper-2 bed",TBD,Paper 2,CC BY-NC-SA 4.0 (FABDEM-derived),NO (FABDEM-derived numeric raster; rebuild with the Paper-2 chain),True,1,14920491,723eb8c115331289a8b165cbe55d42ab9019378a4aefd9a1f76fc4c983851285,
composite_preall_B1,"S2 PRE/EVENT/TRACE index composites (M2 features, RF20 predictors)",p65a p67b p73,bulk:frames10/B1/composite_preall.tif,Sentinel-2 L2A (manifests/s2_scenes.csv) -> p54a/p54b,https://catalogue.dataspace.copernicus.eu,L2A,"Copernicus Sentinel data (free, open)",YES (derived),True,1,8790399276,b71d66edbb503407c7b63bbb05e69e3c595000c485cdbfb35fa56cc9a7c26771,
composite_preseas_B1,S2 PRE seasonal composites (RF20 predictors),p73,bulk:frames10/B1/composite_preseas.tif,Sentinel-2 L2A -> p54b,https://catalogue.dataspace.copernicus.eu,L2A,"Copernicus Sentinel data (free, open)",YES (derived),True,1,9205292114,9866fa3e867cbf8a7ce466642cb7653c7023f7f6197c206856479d93e3883ac2,
s1_change_B1,S1 event-change channels (U-Net inputs),p86,bulk:frames10/B1/s1_change.tif,Sentinel-1 -> p71,https://catalogue.dataspace.copernicus.eu,2023 scenes,"Copernicus Sentinel data (free, open)",YES (derived),True,1,3247322827,133f29b59f751de95ae464b246e3991a9cef2d9d34f1b36a5426df0006371339,
p60_labels_B1,"p60 weak labels (M2 training, v002/v004 ingredients)",p65a p77 p77d,bulk:frames10/B1/labels.tif,p60 (S1 peak dates + pre-breach state),,,derived,YES,True,1,12684593,9bc5a807e548aafd3a2a6f79a76006174801045ef3782d9cb3bbd29a2ec22676,
labels_v004_B1,canonical weak labels (FROZEN),p86 p87 p90 p92,bulk:frames10/B1/m6_labels_v004.tif,p77d --m2-tag _notrace,,v004,derived,YES,True,1,9381876,fc02964fd91935336b8cf85d5b72c535e76a3128c39a89b9d339ff5660b4fab8,sha256 also in tables/m6_labels_v004_FROZEN.json
split_role_B1,frozen spatial-block split,p86 p87 p90,bulk:frames10/B1/m6_split_v1_role.tif,p84,,m6_split_v1,derived,YES,True,1,171979,55928be1200ceb32d61310e45d4c8c5da7328a8f679b0894a1687a8c71f79255,
rf20_rev2_B1,"RF20 rev 2 classes (U1 input, strata; FROZEN)",p86 p95d p87,bulk:frames10/B1/p73_rf20_rev2/surface_class_20m.tif,p73 --rev 2,,rev 2,derived (WorldCover-trained),YES,True,1,1607132,b7a5120a47ac9fcd398ba82d31c24be2e81517ca911e1d48b681908c63df5c9a,
composite_preall_B2,"S2 PRE/EVENT/TRACE index composites (M2 features, RF20 predictors)",p65a p67b p73,bulk:frames10/B2/composite_preall.tif,Sentinel-2 L2A (manifests/s2_scenes.csv) -> p54a/p54b,https://catalogue.dataspace.copernicus.eu,L2A,"Copernicus Sentinel data (free, open)",YES (derived),True,1,4167960868,dace95b24da0e04195e4d6616eb1adaa16a511eb06d9dce41de709ca067642b1,
composite_preseas_B2,S2 PRE seasonal composites (RF20 predictors),p73,bulk:frames10/B2/composite_preseas.tif,Sentinel-2 L2A -> p54b,https://catalogue.dataspace.copernicus.eu,L2A,"Copernicus Sentinel data (free, open)",YES (derived),True,1,4149016857,a3dbdcd13f34ff527ab8b6bb7fb4652b02fdebc41bd19bda8987a00170ed0030,
s1_change_B2,S1 event-change channels (U-Net inputs),p86,bulk:frames10/B2/s1_change.tif,Sentinel-1 -> p71,https://catalogue.dataspace.copernicus.eu,2023 scenes,"Copernicus Sentinel data (free, open)",YES (derived),True,1,1229741659,fde5ca5575b6dd3de9ac150a780236662d06874d2aa6b9804fcee1cf4e69b39f,
p60_labels_B2,"p60 weak labels (M2 training, v002/v004 ingredients)",p65a p77 p77d,bulk:frames10/B2/labels.tif,p60 (S1 peak dates + pre-breach state),,,derived,YES,True,1,5881501,c3063f370f00db246f10d840cd238bc67530ffbf3aeb4cd92a14ed8a1d1dd03c,
labels_v004_B2,canonical weak labels (FROZEN),p86 p87 p90 p92,bulk:frames10/B2/m6_labels_v004.tif,p77d --m2-tag _notrace,,v004,derived,YES,True,1,5583061,fe88137abbb559069ff3f7187450b226fcd8127e340dffd9d8afbb8cd20a0f0b,sha256 also in tables/m6_labels_v004_FROZEN.json
split_role_B2,frozen spatial-block split,p86 p87 p90,bulk:frames10/B2/m6_split_v1_role.tif,p84,,m6_split_v1,derived,YES,True,1,108323,5eea608d512af00c5bac60f55092dcc9a362d45b2ccfe0c28638be5308cb3d2e,
rf20_rev2_B2,"RF20 rev 2 classes (U1 input, strata; FROZEN)",p86 p95d p87,bulk:frames10/B2/p73_rf20_rev2/surface_class_20m.tif,p73 --rev 2,,rev 2,derived (WorldCover-trained),YES,True,1,776964,45b2f862ae5707ee20abd911a9102091c4bcd8ff4bb579809b601f3b61a2f03e,
m2_features,p65a feature memmap (M2 nested CV and production fit),p65b p67b,bulk:frames10/_ml/X_preall.i2,p65a,,,derived,YES,True,1,3725300672,32fc067a41137c89fc1d379098d3bdd2b19a6495a0e118ad808871537469047a,84 features; manifest tables/p65a_feature_manifest.csv (sha256 35f43a21...)
m2_index,"p65a sample index (labels, blocks)",p65b p67b,bulk:frames10/_ml/index.parquet,p65a,,,derived,YES,True,1,54101422,368758c0dee6d26507b2bb41d57551fafffaef3409a8ac00dceba8ffcd7b21df,
