# S2 L2A scenes actually fetched+verified for the canonical B1/B2/B3 frames. Source: SWOT-DNIPRO outputs/tables/p52d_fetch_ledger.csv (PASS 1, event window B1/B2/B3) + p52d_fetch_ledger_pass_2_b2.csv (PASS 2, B2-targeted infill), source_commit=f3e3e1afe91902a82a73f3c09354d1f9eb847766. sha256/size_bytes are REAL values copied from those tables (both scripts write a checksum per download), not computed here. 44 unique products (zero product_id overlap between the two passes, checked directly).
# EXCLUDED: outputs/tables/sentinel_scene_inventory.csv (88 rows, has its own real sha256) was investigated and is a DIFFERENT, non-canonical fetch -- its local_path prefix is /mnt/f/data_kakhovka_dem_swot/data_swot/sentinel/ (a legacy PRE_BREACH/regime-tagged, zone-based scheme), vs. p52d's canonical .../sentinel_event_2023/ prefix used by the migrated B1/B2/B3 frame scripts. No migrated src/floodstate_eo/** file reads sentinel_scene_inventory.csv (grep-checked). Not merged in.
# p52b_s2_scene_inventory.csv (57 rows) was also NOT used here: it is a per-zone/date COVERAGE-FRACTION summary (no product_id, no checksum), not a per-scene manifest -- it documents footprint coverage, not scene identity, so it complements this file rather than substituting for it.
dataset_id,source,product_id_or_scene_id,acquisition_date,url_or_query,license,sha256,size_bytes,local_relpath,role,redistributable,notes
S2_L2A_B1_2023-06-15_T36TVS,"Copernicus Data Space Ecosystem (CDSE), Sentinel-2 L2A",6c836f92-e099-47f3-bdde-8824be2e7f7b,2023-06-15,https://catalogue.dataspace.copernicus.eu/odata/v1/Products(6c836f92-e099-47f3-bdde-8824be2e7f7b),"Copernicus Sentinel Data - free, full and open (Copernicus Programme / ESA); attribution required",05d4c70ba0ac43f8c22655171dfdec59c6039c0f6ca6fafc6a02a95bc7833f78,322948608,s2_l2a/S2A_MSIL2A_20230615T083601_N0510_R064_T36TVS_20240911T232944.SAFE.zip,input,NO,frame=B1; tile=T36TVS; cloud_pct=16.676016; bands_fetched=B03+B08+B11+SCL; fetch_pass=pass1; fetched+hashed by src/floodstate_eo/io/p52d_fetch_event_optics.py (source_commit=f3e3e1afe91902a82a73f3c09354d1f9eb847766); real sha256 from p52d_fetch_ledger.csv
S2_L2A_B3_2023-06-16_T36TUS,"Copernicus Data Space Ecosystem (CDSE), Sentinel-2 L2A",c7abc400-7c5e-4d67-912f-12ad5cd92657,2023-06-16,https://catalogue.dataspace.copernicus.eu/odata/v1/Products(c7abc400-7c5e-4d67-912f-12ad5cd92657),"Copernicus Sentinel Data - free, full and open (Copernicus Programme / ESA); attribution required",c84fe73127e1cb63e2654d7f037ac56f6f227b36ca92efc564262d01d8af4b76,964160570,s2_l2a/S2B_MSIL2A_20230616T085559_N0510_R007_T36TUS_20240909T032949.SAFE.zip,input,NO,frame=B3; tile=T36TUS; cloud_pct=16.677688; bands_fetched=B03+B08+B11+SCL; fetch_pass=pass1; fetched+hashed by src/floodstate_eo/io/p52d_fetch_event_optics.py (source_commit=f3e3e1afe91902a82a73f3c09354d1f9eb847766); real sha256 from p52d_fetch_ledger.csv
S2_L2A_B1_2023-06-18_T36TWT,"Copernicus Data Space Ecosystem (CDSE), Sentinel-2 L2A",1bd16a89-a87d-4e1a-a0d9-179a94ae9b87,2023-06-18,https://catalogue.dataspace.copernicus.eu/odata/v1/Products(1bd16a89-a87d-4e1a-a0d9-179a94ae9b87),"Copernicus Sentinel Data - free, full and open (Copernicus Programme / ESA); attribution required",d8b118875b1f62a9cb8d0f245b04487e15b68dd7773555bc8860a3bf607649df,1140695649,s2_l2a/S2A_MSIL2A_20230618T084601_N0510_R107_T36TWT_20240909T044759.SAFE.zip,input,NO,frame=B1; tile=T36TWT; cloud_pct=3.528491; bands_fetched=B03+B08+B11+SCL; fetch_pass=pass1; fetched+hashed by src/floodstate_eo/io/p52d_fetch_event_optics.py (source_commit=f3e3e1afe91902a82a73f3c09354d1f9eb847766); real sha256 from p52d_fetch_ledger.csv
S2_L2A_B1_2023-06-18_T36TVS,"Copernicus Data Space Ecosystem (CDSE), Sentinel-2 L2A",7bb15c6a-0af6-4da9-9318-361541767d96,2023-06-18,https://catalogue.dataspace.copernicus.eu/odata/v1/Products(7bb15c6a-0af6-4da9-9318-361541767d96),"Copernicus Sentinel Data - free, full and open (Copernicus Programme / ESA); attribution required",b1bcfe3479e30415849ce37a3ef402a3942b7580775023318e4e9e79f41d437c,1098127780,s2_l2a/S2A_MSIL2A_20230618T084601_N0510_R107_T36TVS_20240909T044759.SAFE.zip,input,NO,frame=B1; tile=T36TVS; cloud_pct=9.35258; bands_fetched=B03+B08+B11+SCL; fetch_pass=pass1; fetched+hashed by src/floodstate_eo/io/p52d_fetch_event_optics.py (source_commit=f3e3e1afe91902a82a73f3c09354d1f9eb847766); real sha256 from p52d_fetch_ledger.csv
S2_L2A_B1_2023-06-18_T36TVT,"Copernicus Data Space Ecosystem (CDSE), Sentinel-2 L2A",8be180d6-d422-4b1c-bde1-e8d38a079530,2023-06-18,https://catalogue.dataspace.copernicus.eu/odata/v1/Products(8be180d6-d422-4b1c-bde1-e8d38a079530),"Copernicus Sentinel Data - free, full and open (Copernicus Programme / ESA); attribution required",3fe0033968b8322649662db8e7cf324937e805294eea499098eb31d5ff98ca36,1148026953,s2_l2a/S2A_MSIL2A_20230618T084601_N0510_R107_T36TVT_20240909T044759.SAFE.zip,input,NO,frame=B1; tile=T36TVT; cloud_pct=3.850641; bands_fetched=B03+B08+B11+SCL; fetch_pass=pass1; fetched+hashed by src/floodstate_eo/io/p52d_fetch_event_optics.py (source_commit=f3e3e1afe91902a82a73f3c09354d1f9eb847766); real sha256 from p52d_fetch_ledger.csv
S2_L2A_B3_2023-06-18_T36TUT,"Copernicus Data Space Ecosystem (CDSE), Sentinel-2 L2A",4c08af92-aef3-4775-9bbf-58aadefba69b,2023-06-18,https://catalogue.dataspace.copernicus.eu/odata/v1/Products(4c08af92-aef3-4775-9bbf-58aadefba69b),"Copernicus Sentinel Data - free, full and open (Copernicus Programme / ESA); attribution required",f22cc6cea8d43c5582361ab6a97cd7c64e3d3f4b8d7c380b65c3ddea77b29fce,1016196495,s2_l2a/S2A_MSIL2A_20230618T084601_N0510_R107_T36TUT_20240909T044759.SAFE.zip,input,NO,frame=B3; tile=T36TUT; cloud_pct=6.86648; bands_fetched=B03+B08+B11+SCL; fetch_pass=pass1; fetched+hashed by src/floodstate_eo/io/p52d_fetch_event_optics.py (source_commit=f3e3e1afe91902a82a73f3c09354d1f9eb847766); real sha256 from p52d_fetch_ledger.csv
S2_L2A_B3_2023-06-18_T36TUS,"Copernicus Data Space Ecosystem (CDSE), Sentinel-2 L2A",8415a5e6-b94f-48bf-a9c5-31f6325f898e,2023-06-18,https://catalogue.dataspace.copernicus.eu/odata/v1/Products(8415a5e6-b94f-48bf-a9c5-31f6325f898e),"Copernicus Sentinel Data - free, full and open (Copernicus Programme / ESA); attribution required",f358a957b5fde2fcb3110ff499754d06dd241aa9ce3c05567ebfda5b93c2cdeb,960020781,s2_l2a/S2A_MSIL2A_20230618T084601_N0510_R107_T36TUS_20240909T044759.SAFE.zip,input,NO,frame=B3; tile=T36TUS; cloud_pct=9.088153; bands_fetched=B03+B08+B11+SCL; fetch_pass=pass1; fetched+hashed by src/floodstate_eo/io/p52d_fetch_event_optics.py (source_commit=f3e3e1afe91902a82a73f3c09354d1f9eb847766); real sha256 from p52d_fetch_ledger.csv
S2_L2A_B1_2023-06-23_T36TVT,"Copernicus Data Space Ecosystem (CDSE), Sentinel-2 L2A",9466427e-eed8-44cd-a1bb-f3b4e27a6a91,2023-06-23,https://catalogue.dataspace.copernicus.eu/odata/v1/Products(9466427e-eed8-44cd-a1bb-f3b4e27a6a91),"Copernicus Sentinel Data - free, full and open (Copernicus Programme / ESA); attribution required",254629576a3642ead33bc45e93708f30891db4e6a7f6667603f83bd5f2e6bc8c,1128992456,s2_l2a/S2B_MSIL2A_20230623T084559_N0510_R107_T36TVT_20241002T064209.SAFE.zip,input,NO,frame=B1; tile=T36TVT; cloud_pct=4.978862; bands_fetched=B03+B08+B11+SCL; fetch_pass=pass1; fetched+hashed by src/floodstate_eo/io/p52d_fetch_event_optics.py (source_commit=f3e3e1afe91902a82a73f3c09354d1f9eb847766); real sha256 from p52d_fetch_ledger.csv
S2_L2A_B1_2023-06-23_T36TVS,"Copernicus Data Space Ecosystem (CDSE), Sentinel-2 L2A",ae390735-448b-402d-b487-54e9f54bd8c1,2023-06-23,https://catalogue.dataspace.copernicus.eu/odata/v1/Products(ae390735-448b-402d-b487-54e9f54bd8c1),"Copernicus Sentinel Data - free, full and open (Copernicus Programme / ESA); attribution required",b13f8ab9bca506a21a4578512f6be8b5fb81d17bee3c7dd1ec0c8102656fccdb,1073961444,s2_l2a/S2B_MSIL2A_20230623T084559_N0510_R107_T36TVS_20241002T064209.SAFE.zip,input,NO,frame=B1; tile=T36TVS; cloud_pct=11.091012; bands_fetched=B03+B08+B11+SCL; fetch_pass=pass1; fetched+hashed by src/floodstate_eo/io/p52d_fetch_event_optics.py (source_commit=f3e3e1afe91902a82a73f3c09354d1f9eb847766); real sha256 from p52d_fetch_ledger.csv
S2_L2A_B3_2023-06-23_T36TUT,"Copernicus Data Space Ecosystem (CDSE), Sentinel-2 L2A",27b3f3bb-da29-47f1-9f98-75bb6d2fa288,2023-06-23,https://catalogue.dataspace.copernicus.eu/odata/v1/Products(27b3f3bb-da29-47f1-9f98-75bb6d2fa288),"Copernicus Sentinel Data - free, full and open (Copernicus Programme / ESA); attribution required",4fba39600ed82c16f93ffb520cfc0b5fa7a2c5dcc71b622498140fa138515fb8,982004687,s2_l2a/S2B_MSIL2A_20230623T084559_N0510_R107_T36TUT_20241002T064209.SAFE.zip,input,NO,frame=B3; tile=T36TUT; cloud_pct=9.480033; bands_fetched=B03+B08+B11+SCL; fetch_pass=pass1; fetched+hashed by src/floodstate_eo/io/p52d_fetch_event_optics.py (source_commit=f3e3e1afe91902a82a73f3c09354d1f9eb847766); real sha256 from p52d_fetch_ledger.csv
S2_L2A_B3_2023-06-23_T36TUS,"Copernicus Data Space Ecosystem (CDSE), Sentinel-2 L2A",eddd659f-6246-43b2-904b-46b5f5b2e959,2023-06-23,https://catalogue.dataspace.copernicus.eu/odata/v1/Products(eddd659f-6246-43b2-904b-46b5f5b2e959),"Copernicus Sentinel Data - free, full and open (Copernicus Programme / ESA); attribution required",2e916d088e4e213d923c64ae8eb0c114f3c42e21b6043822cad9e3ac895432f6,922307498,s2_l2a/S2B_MSIL2A_20230623T084559_N0510_R107_T36TUS_20241002T064209.SAFE.zip,input,NO,frame=B3; tile=T36TUS; cloud_pct=0.019189; bands_fetched=B03+B08+B11+SCL; fetch_pass=pass1; fetched+hashed by src/floodstate_eo/io/p52d_fetch_event_optics.py (source_commit=f3e3e1afe91902a82a73f3c09354d1f9eb847766); real sha256 from p52d_fetch_ledger.csv
S2_L2A_B1_2023-06-25_T36TWS,"Copernicus Data Space Ecosystem (CDSE), Sentinel-2 L2A",3a0ce36c-4e02-4019-9d73-1ae9b2753447,2023-06-25,https://catalogue.dataspace.copernicus.eu/odata/v1/Products(3a0ce36c-4e02-4019-9d73-1ae9b2753447),"Copernicus Sentinel Data - free, full and open (Copernicus Programme / ESA); attribution required",c60821fb6f8640edc162f9c7f1fc72a79f161f8ac47fac03d431c1d0e79a4c76,1138595991,s2_l2a/S2A_MSIL2A_20230625T083601_N0510_R064_T36TWS_20240910T091441.SAFE.zip,input,NO,frame=B1; tile=T36TWS; cloud_pct=12.92875; bands_fetched=B03+B08+B11+SCL; fetch_pass=pass1; fetched+hashed by src/floodstate_eo/io/p52d_fetch_event_optics.py (source_commit=f3e3e1afe91902a82a73f3c09354d1f9eb847766); real sha256 from p52d_fetch_ledger.csv
S2_L2A_B1_2023-06-25_T36TVS,"Copernicus Data Space Ecosystem (CDSE), Sentinel-2 L2A",48128b53-2653-4bf7-8e76-fd5720802df1,2023-06-25,https://catalogue.dataspace.copernicus.eu/odata/v1/Products(48128b53-2653-4bf7-8e76-fd5720802df1),"Copernicus Sentinel Data - free, full and open (Copernicus Programme / ESA); attribution required",50ce2ffd20df222c5f0725c21c91954b7ae3abe0c69e34e07027d1f85cd75b47,310727069,s2_l2a/S2A_MSIL2A_20230625T083601_N0510_R064_T36TVS_20240910T091441.SAFE.zip,input,NO,frame=B1; tile=T36TVS; cloud_pct=16.619314; bands_fetched=B03+B08+B11+SCL; fetch_pass=pass1; fetched+hashed by src/floodstate_eo/io/p52d_fetch_event_optics.py (source_commit=f3e3e1afe91902a82a73f3c09354d1f9eb847766); real sha256 from p52d_fetch_ledger.csv
S2_L2A_B1_2023-06-25_T36TVT,"Copernicus Data Space Ecosystem (CDSE), Sentinel-2 L2A",6a011f29-5b48-4424-a835-6606f153b8db,2023-06-25,https://catalogue.dataspace.copernicus.eu/odata/v1/Products(6a011f29-5b48-4424-a835-6606f153b8db),"Copernicus Sentinel Data - free, full and open (Copernicus Programme / ESA); attribution required",7ba50a4bc7a8a678d7bc390b0c9bcbaa9799fa532b4616c15bf0dc88c3035414,73575902,s2_l2a/S2A_MSIL2A_20230625T083601_N0510_R064_T36TVT_20240910T091441.SAFE.zip,input,NO,frame=B1; tile=T36TVT; cloud_pct=11.526463; bands_fetched=B03+B08+B11+SCL; fetch_pass=pass1; fetched+hashed by src/floodstate_eo/io/p52d_fetch_event_optics.py (source_commit=f3e3e1afe91902a82a73f3c09354d1f9eb847766); real sha256 from p52d_fetch_ledger.csv
S2_L2A_B3_2023-07-01_T36TUS,"Copernicus Data Space Ecosystem (CDSE), Sentinel-2 L2A",03d80ced-dd10-4698-a1ac-1fb17517e3cf,2023-07-01,https://catalogue.dataspace.copernicus.eu/odata/v1/Products(03d80ced-dd10-4698-a1ac-1fb17517e3cf),"Copernicus Sentinel Data - free, full and open (Copernicus Programme / ESA); attribution required",3060dbd05041b28d4d9ae60959e8de2c84852a1e4e2ec6f5834a8b87f6bbd34e,979999991,s2_l2a/S2A_MSIL2A_20230701T085601_N0510_R007_T36TUS_20240929T180451.SAFE.zip,input,NO,frame=B3; tile=T36TUS; cloud_pct=5.522469; bands_fetched=B03+B08+B11+SCL; fetch_pass=pass1; fetched+hashed by src/floodstate_eo/io/p52d_fetch_event_optics.py (source_commit=f3e3e1afe91902a82a73f3c09354d1f9eb847766); real sha256 from p52d_fetch_ledger.csv
S2_L2A_B3_2023-07-01_T36TVT,"Copernicus Data Space Ecosystem (CDSE), Sentinel-2 L2A",52d4a64e-cd7e-48fd-b419-07836eceb80f,2023-07-01,https://catalogue.dataspace.copernicus.eu/odata/v1/Products(52d4a64e-cd7e-48fd-b419-07836eceb80f),"Copernicus Sentinel Data - free, full and open (Copernicus Programme / ESA); attribution required",403cc2845a96bace9a39022a6e492aa5de06779081ae02bb89b135dd7829a01d,370476478,s2_l2a/S2A_MSIL2A_20230701T085601_N0510_R007_T36TVT_20240929T180451.SAFE.zip,input,NO,frame=B3; tile=T36TVT; cloud_pct=15.783647; bands_fetched=B03+B08+B11+SCL; fetch_pass=pass1; fetched+hashed by src/floodstate_eo/io/p52d_fetch_event_optics.py (source_commit=f3e3e1afe91902a82a73f3c09354d1f9eb847766); real sha256 from p52d_fetch_ledger.csv
S2_L2A_B1_2023-07-03_T36TWT,"Copernicus Data Space Ecosystem (CDSE), Sentinel-2 L2A",158dcb16-1aa5-4524-a9b5-611087e7c9da,2023-07-03,https://catalogue.dataspace.copernicus.eu/odata/v1/Products(158dcb16-1aa5-4524-a9b5-611087e7c9da),"Copernicus Sentinel Data - free, full and open (Copernicus Programme / ESA); attribution required",aa2e8746459d4f11832e01d745eab9597926b3ddf56601d0f8df7dd1886d88e5,1119172162,s2_l2a/S2B_MSIL2A_20230703T084609_N0510_R107_T36TWT_20240913T052852.SAFE.zip,input,NO,frame=B1; tile=T36TWT; cloud_pct=13.811393; bands_fetched=B03+B08+B11+SCL; fetch_pass=pass1; fetched+hashed by src/floodstate_eo/io/p52d_fetch_event_optics.py (source_commit=f3e3e1afe91902a82a73f3c09354d1f9eb847766); real sha256 from p52d_fetch_ledger.csv
S2_L2A_B1_2023-07-03_T36TWS,"Copernicus Data Space Ecosystem (CDSE), Sentinel-2 L2A",2bdcb3fc-cbfa-4b8b-be2b-7acfa000417c,2023-07-03,https://catalogue.dataspace.copernicus.eu/odata/v1/Products(2bdcb3fc-cbfa-4b8b-be2b-7acfa000417c),"Copernicus Sentinel Data - free, full and open (Copernicus Programme / ESA); attribution required",4451306284a22d23242398093379cf3e37fbfcda81b1975c5dba3c92216b15ca,982220152,s2_l2a/S2B_MSIL2A_20230703T084609_N0510_R107_T36TWS_20240913T052852.SAFE.zip,input,NO,frame=B1; tile=T36TWS; cloud_pct=8.638459; bands_fetched=B03+B08+B11+SCL; fetch_pass=pass1; fetched+hashed by src/floodstate_eo/io/p52d_fetch_event_optics.py (source_commit=f3e3e1afe91902a82a73f3c09354d1f9eb847766); real sha256 from p52d_fetch_ledger.csv
S2_L2A_B1_2023-07-03_T36TVS,"Copernicus Data Space Ecosystem (CDSE), Sentinel-2 L2A",841fc86a-3d1f-40d1-9e4c-b812e3a0ca49,2023-07-03,https://catalogue.dataspace.copernicus.eu/odata/v1/Products(841fc86a-3d1f-40d1-9e4c-b812e3a0ca49),"Copernicus Sentinel Data - free, full and open (Copernicus Programme / ESA); attribution required",8dfb06f5021257c3c46bd31eacf4933ad083691c77b8af8b018ed96f835565bf,1089670484,s2_l2a/S2B_MSIL2A_20230703T084609_N0510_R107_T36TVS_20240913T052852.SAFE.zip,input,NO,frame=B1; tile=T36TVS; cloud_pct=6.326207; bands_fetched=B03+B08+B11+SCL; fetch_pass=pass1; fetched+hashed by src/floodstate_eo/io/p52d_fetch_event_optics.py (source_commit=f3e3e1afe91902a82a73f3c09354d1f9eb847766); real sha256 from p52d_fetch_ledger.csv
S2_L2A_B1_2023-07-03_T36TVT,"Copernicus Data Space Ecosystem (CDSE), Sentinel-2 L2A",b896ca97-58cd-4545-a31d-fd52ce61a053,2023-07-03,https://catalogue.dataspace.copernicus.eu/odata/v1/Products(b896ca97-58cd-4545-a31d-fd52ce61a053),"Copernicus Sentinel Data - free, full and open (Copernicus Programme / ESA); attribution required",bea56e8a0c9f9ce3720506afc452eeb66e353e384728461aae091d62ff8a77b1,1130641792,s2_l2a/S2B_MSIL2A_20230703T084609_N0510_R107_T36TVT_20240913T052852.SAFE.zip,input,NO,frame=B1; tile=T36TVT; cloud_pct=12.647851; bands_fetched=B03+B08+B11+SCL; fetch_pass=pass1; fetched+hashed by src/floodstate_eo/io/p52d_fetch_event_optics.py (source_commit=f3e3e1afe91902a82a73f3c09354d1f9eb847766); real sha256 from p52d_fetch_ledger.csv
S2_L2A_B3_2023-07-06_T36TUT,"Copernicus Data Space Ecosystem (CDSE), Sentinel-2 L2A",3c2cb8b1-081c-4967-a062-6b9650150448,2023-07-06,https://catalogue.dataspace.copernicus.eu/odata/v1/Products(3c2cb8b1-081c-4967-a062-6b9650150448),"Copernicus Sentinel Data - free, full and open (Copernicus Programme / ESA); attribution required",e7d80df479a5950ab68416384cd9505f6499a453c7be970d28703aedfb2f1c21,1115349686,s2_l2a/S2B_MSIL2A_20230706T085559_N0510_R007_T36TUT_20240912T233246.SAFE.zip,input,NO,frame=B3; tile=T36TUT; cloud_pct=9.432358; bands_fetched=B03+B08+B11+SCL; fetch_pass=pass1; fetched+hashed by src/floodstate_eo/io/p52d_fetch_event_optics.py (source_commit=f3e3e1afe91902a82a73f3c09354d1f9eb847766); real sha256 from p52d_fetch_ledger.csv
S2_L2A_B1_2023-07-08_T36TWS,"Copernicus Data Space Ecosystem (CDSE), Sentinel-2 L2A",b9d42f64-232e-464b-9b7f-965312354e77,2023-07-08,https://catalogue.dataspace.copernicus.eu/odata/v1/Products(b9d42f64-232e-464b-9b7f-965312354e77),"Copernicus Sentinel Data - free, full and open (Copernicus Programme / ESA); attribution required",33e0a4374c8a0dcc08868084d50f2a4ba2927607d9ba2f3d1761de1224998d30,983849568,s2_l2a/S2A_MSIL2A_20230708T084601_N0510_R107_T36TWS_20240930T204405.SAFE.zip,input,NO,frame=B1; tile=T36TWS; cloud_pct=14.495346; bands_fetched=B03+B08+B11+SCL; fetch_pass=pass1; fetched+hashed by src/floodstate_eo/io/p52d_fetch_event_optics.py (source_commit=f3e3e1afe91902a82a73f3c09354d1f9eb847766); real sha256 from p52d_fetch_ledger.csv
S2_L2A_B3_2023-07-11_T36TVT,"Copernicus Data Space Ecosystem (CDSE), Sentinel-2 L2A",c5fa6a79-1014-4a35-8856-5d95a7ad15d6,2023-07-11,https://catalogue.dataspace.copernicus.eu/odata/v1/Products(c5fa6a79-1014-4a35-8856-5d95a7ad15d6),"Copernicus Sentinel Data - free, full and open (Copernicus Programme / ESA); attribution required",5da0c58934f96274446e434a73d0f9f36b403612ab40c524645b1f34623e1ce6,377568793,s2_l2a/S2A_MSIL2A_20230711T085601_N0510_R007_T36TVT_20241020T210719.SAFE.zip,input,NO,frame=B3; tile=T36TVT; cloud_pct=19.449565; bands_fetched=B03+B08+B11+SCL; fetch_pass=pass1; fetched+hashed by src/floodstate_eo/io/p52d_fetch_event_optics.py (source_commit=f3e3e1afe91902a82a73f3c09354d1f9eb847766); real sha256 from p52d_fetch_ledger.csv
S2_L2A_B1_2023-07-15_T36TVS,"Copernicus Data Space Ecosystem (CDSE), Sentinel-2 L2A",78e7770b-9111-4d83-ac37-024c98c468f1,2023-07-15,https://catalogue.dataspace.copernicus.eu/odata/v1/Products(78e7770b-9111-4d83-ac37-024c98c468f1),"Copernicus Sentinel Data - free, full and open (Copernicus Programme / ESA); attribution required",e56171c5cd96fcfbd40ae54dc737db19419ebeaaa254eeeef725fd01ee03c343,308291322,s2_l2a/S2A_MSIL2A_20230715T083601_N0510_R064_T36TVS_20240925T134235.SAFE.zip,input,NO,frame=B1; tile=T36TVS; cloud_pct=15.660964; bands_fetched=B03+B08+B11+SCL; fetch_pass=pass1; fetched+hashed by src/floodstate_eo/io/p52d_fetch_event_optics.py (source_commit=f3e3e1afe91902a82a73f3c09354d1f9eb847766); real sha256 from p52d_fetch_ledger.csv
S2_L2A_B1_2023-07-15_T36TWS,"Copernicus Data Space Ecosystem (CDSE), Sentinel-2 L2A",caed2c89-6396-4948-a09e-cdbf5978c127,2023-07-15,https://catalogue.dataspace.copernicus.eu/odata/v1/Products(caed2c89-6396-4948-a09e-cdbf5978c127),"Copernicus Sentinel Data - free, full and open (Copernicus Programme / ESA); attribution required",e4aa3c763d266e32d0b4e3b40bbbd634cf90cb82b20d36ee3a9902ace400557a,1119483872,s2_l2a/S2A_MSIL2A_20230715T083601_N0510_R064_T36TWS_20240925T134235.SAFE.zip,input,NO,frame=B1; tile=T36TWS; cloud_pct=12.728867; bands_fetched=B03+B08+B11+SCL; fetch_pass=pass1; fetched+hashed by src/floodstate_eo/io/p52d_fetch_event_optics.py (source_commit=f3e3e1afe91902a82a73f3c09354d1f9eb847766); real sha256 from p52d_fetch_ledger.csv
S2_L2A_B3_2023-07-16_T36TUS,"Copernicus Data Space Ecosystem (CDSE), Sentinel-2 L2A",6816dfe2-2f62-4eda-95a7-59282dd2af3a,2023-07-16,https://catalogue.dataspace.copernicus.eu/odata/v1/Products(6816dfe2-2f62-4eda-95a7-59282dd2af3a),"Copernicus Sentinel Data - free, full and open (Copernicus Programme / ESA); attribution required",358a98c551d0e53d82aaeea75fd602e40203214aea99dc4857b85357630f5707,926650946,s2_l2a/S2B_MSIL2A_20230716T085559_N0510_R007_T36TUS_20240913T192316.SAFE.zip,input,NO,frame=B3; tile=T36TUS; cloud_pct=1.933775; bands_fetched=B03+B08+B11+SCL; fetch_pass=pass1; fetched+hashed by src/floodstate_eo/io/p52d_fetch_event_optics.py (source_commit=f3e3e1afe91902a82a73f3c09354d1f9eb847766); real sha256 from p52d_fetch_ledger.csv
S2_L2A_B3_2023-07-16_T36TVS,"Copernicus Data Space Ecosystem (CDSE), Sentinel-2 L2A",81beb52a-b44c-4749-9c59-12021dc1e637,2023-07-16,https://catalogue.dataspace.copernicus.eu/odata/v1/Products(81beb52a-b44c-4749-9c59-12021dc1e637),"Copernicus Sentinel Data - free, full and open (Copernicus Programme / ESA); attribution required",712d51699e82744e72917f5b182154da949f164a3c15c3449589f37abaf80122,81430835,s2_l2a/S2B_MSIL2A_20230716T085559_N0510_R007_T36TVS_20240913T192316.SAFE.zip,input,NO,frame=B3; tile=T36TVS; cloud_pct=7.276290999999999; bands_fetched=B03+B08+B11+SCL; fetch_pass=pass1; fetched+hashed by src/floodstate_eo/io/p52d_fetch_event_optics.py (source_commit=f3e3e1afe91902a82a73f3c09354d1f9eb847766); real sha256 from p52d_fetch_ledger.csv
S2_L2A_B3_2023-07-16_T36TUT,"Copernicus Data Space Ecosystem (CDSE), Sentinel-2 L2A",a04ebb89-0739-445f-949b-e58aa346f460,2023-07-16,https://catalogue.dataspace.copernicus.eu/odata/v1/Products(a04ebb89-0739-445f-949b-e58aa346f460),"Copernicus Sentinel Data - free, full and open (Copernicus Programme / ESA); attribution required",38d29afdcfa1249f7aadfa2b04e17713ddbe082e38fda8de17258e623dcc6f93,1134259560,s2_l2a/S2B_MSIL2A_20230716T085559_N0510_R007_T36TUT_20240913T192316.SAFE.zip,input,NO,frame=B3; tile=T36TUT; cloud_pct=9.145597; bands_fetched=B03+B08+B11+SCL; fetch_pass=pass1; fetched+hashed by src/floodstate_eo/io/p52d_fetch_event_optics.py (source_commit=f3e3e1afe91902a82a73f3c09354d1f9eb847766); real sha256 from p52d_fetch_ledger.csv
S2_L2A_B3_2023-07-21_T36TVT,"Copernicus Data Space Ecosystem (CDSE), Sentinel-2 L2A",81a51773-5525-4be0-a444-f213905036a2,2023-07-21,https://catalogue.dataspace.copernicus.eu/odata/v1/Products(81a51773-5525-4be0-a444-f213905036a2),"Copernicus Sentinel Data - free, full and open (Copernicus Programme / ESA); attribution required",3868179f0338607dc7c6fc50b6330d0c2d97b7996bedea7266cf3c07237787bd,385550887,s2_l2a/S2A_MSIL2A_20230721T085601_N0510_R007_T36TVT_20241021T235401.SAFE.zip,input,NO,frame=B3; tile=T36TVT; cloud_pct=3.479544; bands_fetched=B03+B08+B11+SCL; fetch_pass=pass1; fetched+hashed by src/floodstate_eo/io/p52d_fetch_event_optics.py (source_commit=f3e3e1afe91902a82a73f3c09354d1f9eb847766); real sha256 from p52d_fetch_ledger.csv
S2_L2A_B3_2023-07-21_T36TUS,"Copernicus Data Space Ecosystem (CDSE), Sentinel-2 L2A",c6312d98-1c37-4686-859b-689fd052170a,2023-07-21,https://catalogue.dataspace.copernicus.eu/odata/v1/Products(c6312d98-1c37-4686-859b-689fd052170a),"Copernicus Sentinel Data - free, full and open (Copernicus Programme / ESA); attribution required",9a37328df535d85a063c7aab6cfcc3c4af4c6945841cee26108504b428e54993,964788741,s2_l2a/S2A_MSIL2A_20230721T085601_N0510_R007_T36TUS_20241021T235401.SAFE.zip,input,NO,frame=B3; tile=T36TUS; cloud_pct=0.21219; bands_fetched=B03+B08+B11+SCL; fetch_pass=pass1; fetched+hashed by src/floodstate_eo/io/p52d_fetch_event_optics.py (source_commit=f3e3e1afe91902a82a73f3c09354d1f9eb847766); real sha256 from p52d_fetch_ledger.csv
S2_L2A_B3_2023-07-21_T36TVS,"Copernicus Data Space Ecosystem (CDSE), Sentinel-2 L2A",d39ba1eb-f786-4940-894a-70dfb348909b,2023-07-21,https://catalogue.dataspace.copernicus.eu/odata/v1/Products(d39ba1eb-f786-4940-894a-70dfb348909b),"Copernicus Sentinel Data - free, full and open (Copernicus Programme / ESA); attribution required",b6a32323568fa8e53090625be22062037e8e5310d6b0faf345ca5df134b78471,82034971,s2_l2a/S2A_MSIL2A_20230721T085601_N0510_R007_T36TVS_20241021T235401.SAFE.zip,input,NO,frame=B3; tile=T36TVS; cloud_pct=0.004944; bands_fetched=B03+B08+B11+SCL; fetch_pass=pass1; fetched+hashed by src/floodstate_eo/io/p52d_fetch_event_optics.py (source_commit=f3e3e1afe91902a82a73f3c09354d1f9eb847766); real sha256 from p52d_fetch_ledger.csv
S2_L2A_B3_2023-07-21_T36TUT,"Copernicus Data Space Ecosystem (CDSE), Sentinel-2 L2A",fc98ef17-63a7-4d76-8c40-4567cd46acdc,2023-07-21,https://catalogue.dataspace.copernicus.eu/odata/v1/Products(fc98ef17-63a7-4d76-8c40-4567cd46acdc),"Copernicus Sentinel Data - free, full and open (Copernicus Programme / ESA); attribution required",b7241291cf2fdf54c4f0e8ba8e5630aca99900f4306c8ee84e7be6bb905211bd,1142693540,s2_l2a/S2A_MSIL2A_20230721T085601_N0510_R007_T36TUT_20241021T235401.SAFE.zip,input,NO,frame=B3; tile=T36TUT; cloud_pct=1.841212; bands_fetched=B03+B08+B11+SCL; fetch_pass=pass1; fetched+hashed by src/floodstate_eo/io/p52d_fetch_event_optics.py (source_commit=f3e3e1afe91902a82a73f3c09354d1f9eb847766); real sha256 from p52d_fetch_ledger.csv
S2_L2A_B3_2023-07-26_T36TVS,"Copernicus Data Space Ecosystem (CDSE), Sentinel-2 L2A",a2451665-e5e1-4979-a7e5-0341703356b6,2023-07-26,https://catalogue.dataspace.copernicus.eu/odata/v1/Products(a2451665-e5e1-4979-a7e5-0341703356b6),"Copernicus Sentinel Data - free, full and open (Copernicus Programme / ESA); attribution required",8dc4382a568956f006fa0fa30311f6181b23ed51db33576c28b1c4734bbb3b8b,78005089,s2_l2a/S2B_MSIL2A_20230726T085559_N0510_R007_T36TVS_20240928T121751.SAFE.zip,input,NO,frame=B3; tile=T36TVS; cloud_pct=0.02402; bands_fetched=B03+B08+B11+SCL; fetch_pass=pass1; fetched+hashed by src/floodstate_eo/io/p52d_fetch_event_optics.py (source_commit=f3e3e1afe91902a82a73f3c09354d1f9eb847766); real sha256 from p52d_fetch_ledger.csv
S2_L2A_B3_2023-07-26_T36TUS,"Copernicus Data Space Ecosystem (CDSE), Sentinel-2 L2A",d136a72e-aa99-4404-a6a3-d3a4ffa35590,2023-07-26,https://catalogue.dataspace.copernicus.eu/odata/v1/Products(d136a72e-aa99-4404-a6a3-d3a4ffa35590),"Copernicus Sentinel Data - free, full and open (Copernicus Programme / ESA); attribution required",0715eefac350c91a00fab5a516c6c120ae34e13f5e783f90b27987314075ea33,985016645,s2_l2a/S2B_MSIL2A_20230726T085559_N0510_R007_T36TUS_20240928T121751.SAFE.zip,input,NO,frame=B3; tile=T36TUS; cloud_pct=16.394123; bands_fetched=B03+B08+B11+SCL; fetch_pass=pass1; fetched+hashed by src/floodstate_eo/io/p52d_fetch_event_optics.py (source_commit=f3e3e1afe91902a82a73f3c09354d1f9eb847766); real sha256 from p52d_fetch_ledger.csv
S2_L2A_B3_2023-07-28_T36TUT,"Copernicus Data Space Ecosystem (CDSE), Sentinel-2 L2A",5e5d7f13-403e-404f-abab-f8b1067deb7e,2023-07-28,https://catalogue.dataspace.copernicus.eu/odata/v1/Products(5e5d7f13-403e-404f-abab-f8b1067deb7e),"Copernicus Sentinel Data - free, full and open (Copernicus Programme / ESA); attribution required",6edfc9790dc0afc2e1305b1ea89d141e6e37010ec6032bb668e11f3e2c58012a,1001437193,s2_l2a/S2A_MSIL2A_20230728T084601_N0510_R107_T36TUT_20241020T004741.SAFE.zip,input,NO,frame=B3; tile=T36TUT; cloud_pct=5.774958; bands_fetched=B03+B08+B11+SCL; fetch_pass=pass1; fetched+hashed by src/floodstate_eo/io/p52d_fetch_event_optics.py (source_commit=f3e3e1afe91902a82a73f3c09354d1f9eb847766); real sha256 from p52d_fetch_ledger.csv
S2_L2A_B3_2023-07-28_T36TUS,"Copernicus Data Space Ecosystem (CDSE), Sentinel-2 L2A",7ac25305-e070-459f-880f-428c9e8e6d01,2023-07-28,https://catalogue.dataspace.copernicus.eu/odata/v1/Products(7ac25305-e070-459f-880f-428c9e8e6d01),"Copernicus Sentinel Data - free, full and open (Copernicus Programme / ESA); attribution required",1386078fa0569547a2aff676ffe5bf7675a8455d60d45bfe764ad958dcac3291,1004323645,s2_l2a/S2A_MSIL2A_20230728T084601_N0510_R107_T36TUS_20241020T004741.SAFE.zip,input,NO,frame=B3; tile=T36TUS; cloud_pct=0.578958; bands_fetched=B03+B08+B11+SCL; fetch_pass=pass1; fetched+hashed by src/floodstate_eo/io/p52d_fetch_event_optics.py (source_commit=f3e3e1afe91902a82a73f3c09354d1f9eb847766); real sha256 from p52d_fetch_ledger.csv
S2_L2A_B1_2023-07-30_T36TWS,"Copernicus Data Space Ecosystem (CDSE), Sentinel-2 L2A",1ad61399-b5f1-4e55-a4ea-64c26898e874,2023-07-30,https://catalogue.dataspace.copernicus.eu/odata/v1/Products(1ad61399-b5f1-4e55-a4ea-64c26898e874),"Copernicus Sentinel Data - free, full and open (Copernicus Programme / ESA); attribution required",c18f12abbc50b23999ffb1436475b5ec074c7861b929d23de4725d7ad665e944,1117874112,s2_l2a/S2B_MSIL2A_20230730T083609_N0510_R064_T36TWS_20241020T234519.SAFE.zip,input,NO,frame=B1; tile=T36TWS; cloud_pct=10.943852; bands_fetched=B03+B08+B11+SCL; fetch_pass=pass1; fetched+hashed by src/floodstate_eo/io/p52d_fetch_event_optics.py (source_commit=f3e3e1afe91902a82a73f3c09354d1f9eb847766); real sha256 from p52d_fetch_ledger.csv
S2_L2A_B1_2023-07-30_T36TWT,"Copernicus Data Space Ecosystem (CDSE), Sentinel-2 L2A",79ef48ca-3e67-4e98-90ee-2926417b25a8,2023-07-30,https://catalogue.dataspace.copernicus.eu/odata/v1/Products(79ef48ca-3e67-4e98-90ee-2926417b25a8),"Copernicus Sentinel Data - free, full and open (Copernicus Programme / ESA); attribution required",bd806f5cb9c9eba5df7be0d1cf00f7f62b37a6a8c7222a6e65d8724eecd4ba6f,1092566331,s2_l2a/S2B_MSIL2A_20230730T083609_N0510_R064_T36TWT_20241020T234519.SAFE.zip,input,NO,frame=B1; tile=T36TWT; cloud_pct=6.828172999999999; bands_fetched=B03+B08+B11+SCL; fetch_pass=pass1; fetched+hashed by src/floodstate_eo/io/p52d_fetch_event_optics.py (source_commit=f3e3e1afe91902a82a73f3c09354d1f9eb847766); real sha256 from p52d_fetch_ledger.csv
S2_L2A_B1_2023-07-30_T36TVS,"Copernicus Data Space Ecosystem (CDSE), Sentinel-2 L2A",8741e510-907e-430e-b5ec-5173503d1386,2023-07-30,https://catalogue.dataspace.copernicus.eu/odata/v1/Products(8741e510-907e-430e-b5ec-5173503d1386),"Copernicus Sentinel Data - free, full and open (Copernicus Programme / ESA); attribution required",11a877dd38765c021f6277cf2d780308bfbe3995bd70800d4c831568d67269d9,303452164,s2_l2a/S2B_MSIL2A_20230730T083609_N0510_R064_T36TVS_20241020T234519.SAFE.zip,input,NO,frame=B1; tile=T36TVS; cloud_pct=9.746766; bands_fetched=B03+B08+B11+SCL; fetch_pass=pass1; fetched+hashed by src/floodstate_eo/io/p52d_fetch_event_optics.py (source_commit=f3e3e1afe91902a82a73f3c09354d1f9eb847766); real sha256 from p52d_fetch_ledger.csv
S2_L2A_B1_2023-07-30_T36TVT,"Copernicus Data Space Ecosystem (CDSE), Sentinel-2 L2A",87bc1a67-9c89-434a-a47d-a6d9335fb834,2023-07-30,https://catalogue.dataspace.copernicus.eu/odata/v1/Products(87bc1a67-9c89-434a-a47d-a6d9335fb834),"Copernicus Sentinel Data - free, full and open (Copernicus Programme / ESA); attribution required",66047b38ee6fdbe50d0bf332012a98a2133b53e8d789afd16176b78d0fd64ef8,71049395,s2_l2a/S2B_MSIL2A_20230730T083609_N0510_R064_T36TVT_20241020T234519.SAFE.zip,input,NO,frame=B1; tile=T36TVT; cloud_pct=3.314148; bands_fetched=B03+B08+B11+SCL; fetch_pass=pass1; fetched+hashed by src/floodstate_eo/io/p52d_fetch_event_optics.py (source_commit=f3e3e1afe91902a82a73f3c09354d1f9eb847766); real sha256 from p52d_fetch_ledger.csv
S2_L2A_B3_2023-07-31_T36TVS,"Copernicus Data Space Ecosystem (CDSE), Sentinel-2 L2A",39a31929-9cfa-4e27-b21b-d017bb0b2d21,2023-07-31,https://catalogue.dataspace.copernicus.eu/odata/v1/Products(39a31929-9cfa-4e27-b21b-d017bb0b2d21),"Copernicus Sentinel Data - free, full and open (Copernicus Programme / ESA); attribution required",7f50d316abba2451fb1b70639102b5eb75c4b613a11fdeb71de9f3153271211c,78459360,s2_l2a/S2A_MSIL2A_20230731T085601_N0510_R007_T36TVS_20241021T030808.SAFE.zip,input,NO,frame=B3; tile=T36TVS; cloud_pct=7.938989; bands_fetched=B03+B08+B11+SCL; fetch_pass=pass1; fetched+hashed by src/floodstate_eo/io/p52d_fetch_event_optics.py (source_commit=f3e3e1afe91902a82a73f3c09354d1f9eb847766); real sha256 from p52d_fetch_ledger.csv
S2_L2A_B2_2023-06-28_T36TVS,"Copernicus Data Space Ecosystem (CDSE), Sentinel-2 L2A",9759e6c1-d83c-49d3-9864-2baad985ba07,2023-06-28,https://catalogue.dataspace.copernicus.eu/odata/v1/Products(9759e6c1-d83c-49d3-9864-2baad985ba07),"Copernicus Sentinel Data - free, full and open (Copernicus Programme / ESA); attribution required",d3713669c51c8df1ac94e083831240498713ba61f1b7e90a2f8f2d736502d74a,1110679121,s2_l2a/S2A_MSIL2A_20230628T084601_N0510_R107_T36TVS_20240910T222026.SAFE.zip,input,NO,frame=B2; tile=T36TVS; cloud_pct=35.1136; bands_fetched=B03+B08+B11+SCL; fetch_pass=pass2_b2; fetched+hashed by src/floodstate_eo/io/p52d_fetch_event_optics.py (source_commit=f3e3e1afe91902a82a73f3c09354d1f9eb847766); real sha256 from p52d_fetch_ledger_pass_2_b2.csv
S2_L2A_B2_2023-07-08_T36TVS,"Copernicus Data Space Ecosystem (CDSE), Sentinel-2 L2A",adf84057-2905-4ec0-afa0-a99d3592a7cf,2023-07-08,https://catalogue.dataspace.copernicus.eu/odata/v1/Products(adf84057-2905-4ec0-afa0-a99d3592a7cf),"Copernicus Sentinel Data - free, full and open (Copernicus Programme / ESA); attribution required",977b750d076a96d469b5d7511780b6d32b1b896f9edf1aa9eb7909d11d0204d6,1085675129,s2_l2a/S2A_MSIL2A_20230708T084601_N0510_R107_T36TVS_20240930T204405.SAFE.zip,input,NO,frame=B2; tile=T36TVS; cloud_pct=22.05777; bands_fetched=B03+B08+B11+SCL; fetch_pass=pass2_b2; fetched+hashed by src/floodstate_eo/io/p52d_fetch_event_optics.py (source_commit=f3e3e1afe91902a82a73f3c09354d1f9eb847766); real sha256 from p52d_fetch_ledger_pass_2_b2.csv
S2_L2A_B2_2023-07-28_T36TVS,"Copernicus Data Space Ecosystem (CDSE), Sentinel-2 L2A",02883521-3178-4bf8-a5dd-def1781cf08a,2023-07-28,https://catalogue.dataspace.copernicus.eu/odata/v1/Products(02883521-3178-4bf8-a5dd-def1781cf08a),"Copernicus Sentinel Data - free, full and open (Copernicus Programme / ESA); attribution required",bd544bf3643944cb63d4a8bb631a1e7b0ef0e3aed40936a378f2dd0ab22151ef,1026588628,s2_l2a/S2A_MSIL2A_20230728T084601_N0510_R107_T36TVS_20241020T004741.SAFE.zip,input,NO,frame=B2; tile=T36TVS; cloud_pct=47.828659; bands_fetched=B03+B08+B11+SCL; fetch_pass=pass2_b2; fetched+hashed by src/floodstate_eo/io/p52d_fetch_event_optics.py (source_commit=f3e3e1afe91902a82a73f3c09354d1f9eb847766); real sha256 from p52d_fetch_ledger_pass_2_b2.csv
