epoch,train_loss,val_patch_F1_at_0p5
0,1.49561,0.07789
1,1.2775,0.50191
2,1.09891,0.24947
3,1.04518,0.06896
4,0.90718,0.82392
5,0.96738,0.79605
6,0.76971,0.87764
7,0.83338,0.84639
8,0.73636,0.85532
9,0.82689,0.86135
10,0.54117,0.65719
11,0.52825,0.5277
12,0.68899,0.90073
13,0.49678,0.9164
14,0.58018,0.5724
15,0.41433,0.87625
16,0.54052,0.82107
17,0.51569,0.90051
18,0.53915,0.90756
19,0.30052,0.77583
20,0.3659,0.27821
21,0.36467,0.6736
22,0.26887,0.13553
23,0.28701,0.91906
24,0.28922,0.73933
25,0.36338,0.9203
26,0.31285,0.89808
27,0.31088,0.86159
28,0.27689,0.07261
29,0.21436,0.55941
30,0.2068,0.34717
31,0.20965,0.8208
32,0.34795,0.87799
33,0.40021,0.91782
34,0.24549,0.51717
35,0.17807,0.9098
36,0.44339,0.42586
37,0.211,0.90483
38,0.21332,0.82619
39,0.15925,0.90827
40,0.36674,0.71287
41,0.23784,0.86645
42,0.28922,0.313
43,0.21925,0.23357
44,0.29701,0.89558
45,0.17259,0.89529
46,0.21342,0.86026
47,0.19972,0.73319
48,0.23336,0.5033
49,0.16676,0.75692
50,0.18315,0.91435
51,0.14556,0.75712
52,0.12714,0.33847
53,0.15722,0.92045
54,0.21448,0.0266
55,0.21578,0.87467
56,0.13271,0.93193
57,0.21283,0.88537
58,0.16099,0.89045
59,0.15039,0.84584
