,median,lo,hi
A_FP_area_dry_cropland_km2,0.05830000000000002,-0.029399999999999996,0.1698099999999999
A_FP_rate_dry_cropland,0.00018899999999999993,-8.799999999999997e-05,0.0004920499999999995
A_evaluated_dry_cropland_km2,0.0,0.0,0.0
B_recall_flooded_open_low_veg,0.10574999999999996,0.0056975,0.37160249999999995
B_IoU_open_low_veg,0.07590000000000005,-0.006104999999999993,0.304105
B_FN_area_km2,-0.5222500000000001,-1.5423425,-0.004197499999999997
B_reference_km2,0.0,0.0,0.0
C_recall_flooded_cropland_LOWN,0.030200000000000005,0.004699999999999998,0.39382249999999985
C_FN_area_km2,-0.015200000000000002,-0.0417025,-0.0005
C_reference_km2,0.0,0.0,0.0
W_precision,0.012800000000000034,-0.0121,0.014599999999999946
W_recall,-0.0005999999999999339,-0.0014000000000000679,0.01649999999999996
W_IoU,0.01200000000000001,-0.006499999999999953,0.014102499999999988
BU_FP_area_km2,-0.3212,-0.8318,-0.0063
BU_precision,0.3470000000000001,0.01336500000000005,0.41839999999999994
BS_FP_area_km2,0.004699999999999999,0.0,0.011904999999999973
G_F1,0.01649999999999996,-0.006702499999999931,0.02510000000000001
G_IoU,0.030100000000000016,-0.008705000000000037,0.045502499999999974
G_precision,0.022799999999999987,-0.01931000000000009,0.030299999999999994
G_recall,0.010599999999999943,0.00019999999999997797,0.022199999999999998
A1_isolated_field_FP_km2,0.0786,0.0005975,0.20980999999999994
A2_pred_flood_on_nonflood_cropland_km2,0.05830000000000002,-0.029399999999999996,0.1698099999999999
A2_PREDICTED_FLOOD_BURDEN_ON_UNLABELLED_CROPLAND_km2,2.59915,-1.91629,9.323619999999998
A2_unlabelled_cropland_evaluated_km2,0.0,0.0,0.0
A2_frac_unlabelled_cropland_above_thr,0.006589999999999999,-0.00546025,0.019761999999999988
A2_frac_nonflood_cropland_above_thr,0.00019000000000000006,-9.000000000000002e-05,0.00049
A2_isolated_field_like_km2,2.871199999999999,-1.5474300000000014,9.655417500000002
A2_isolated_field_like_on_unlabelled_km2,2.435249999999999,-1.73046,8.7362275
