,U0d,U1
A_FP_area_dry_cropland_km2,0.5397,0.7171
A_FP_rate_dry_cropland,0.002135,0.002837
A_evaluated_dry_cropland_km2,252.77,252.77
B_recall_flooded_open_low_veg,0.6032,0.7177
B_IoU_open_low_veg,0.5462,0.63
B_FN_area_km2,2.5702,1.8285
B_reference_km2,6.477,6.477
C_recall_flooded_cropland_LOWN,0.7725,0.817
C_FN_area_km2,0.1462,0.1176
C_reference_km2,0.643,0.643
W_precision,0.9677,0.9848
W_recall,0.9795,0.9709
W_IoU,0.9485,0.9566
BU_FP_area_km2,0.3561,0.109
BU_precision,0.5292,0.7151
BS_FP_area_km2,0.0076,0.0
G_F1,0.9261,0.9407
G_IoU,0.8624,0.8881
G_precision,0.9305,0.9595
G_recall,0.9217,0.9226
A1_isolated_field_FP_km2,0.4253,0.578
A2_pred_flood_on_nonflood_cropland_km2,0.5397,0.7171
A2_PREDICTED_FLOOD_BURDEN_ON_UNLABELLED_CROPLAND_km2,6.4036,13.4042
A2_unlabelled_cropland_evaluated_km2,474.6,474.6
A2_frac_unlabelled_cropland_above_thr,0.01349,0.02824
A2_frac_nonflood_cropland_above_thr,0.00214,0.00284
A2_isolated_field_like_km2,5.5467,12.2505
A2_isolated_field_like_on_unlabelled_km2,4.9768,11.3385
A1_n_fp_components,232,253
A2_n_isolated_field_like_components,78,104
B_n_ref_components,1704,1704
B_n_recovered,192,229
B_n_contributing_test_blocks,10,10
B_status,"PRIMARY SCIENTIFIC ENDPOINT, LOW EFFECTIVE SPATIAL SAMPLE SIZE","PRIMARY SCIENTIFIC ENDPOINT, LOW EFFECTIVE SPATIAL SAMPLE SIZE"
C_n_ref_components_LOWN,274,274
C_n_recovered_LOWN,112,138
W_pred_components,580,538
G_PR_AUC,0.9558,0.9585
threshold,0.17,0.71
arm,U0d,U1
