variant,evaluation,zone,reference,predicted,n
spectral,spatial_block_cv_5fold,ALL,WATER,WATER,150694
spectral,spatial_block_cv_5fold,ALL,WATER,CROPLAND,11
spectral,spatial_block_cv_5fold,ALL,WATER,GRASS_LOW_VEGETATION,2
spectral,spatial_block_cv_5fold,ALL,WATER,FOREST,46
spectral,spatial_block_cv_5fold,ALL,WATER,WETLAND_REED,481
spectral,spatial_block_cv_5fold,ALL,WATER,BUILT_UP,35
spectral,spatial_block_cv_5fold,ALL,WATER,BARE_SAND,234
spectral,spatial_block_cv_5fold,ALL,CROPLAND,WATER,18
spectral,spatial_block_cv_5fold,ALL,CROPLAND,CROPLAND,81502
spectral,spatial_block_cv_5fold,ALL,CROPLAND,GRASS_LOW_VEGETATION,32791
spectral,spatial_block_cv_5fold,ALL,CROPLAND,FOREST,12156
spectral,spatial_block_cv_5fold,ALL,CROPLAND,WETLAND_REED,12698
spectral,spatial_block_cv_5fold,ALL,CROPLAND,BUILT_UP,12556
spectral,spatial_block_cv_5fold,ALL,CROPLAND,BARE_SAND,1279
spectral,spatial_block_cv_5fold,ALL,GRASS_LOW_VEGETATION,WATER,48
spectral,spatial_block_cv_5fold,ALL,GRASS_LOW_VEGETATION,CROPLAND,17819
spectral,spatial_block_cv_5fold,ALL,GRASS_LOW_VEGETATION,GRASS_LOW_VEGETATION,102449
spectral,spatial_block_cv_5fold,ALL,GRASS_LOW_VEGETATION,FOREST,8115
spectral,spatial_block_cv_5fold,ALL,GRASS_LOW_VEGETATION,WETLAND_REED,12122
spectral,spatial_block_cv_5fold,ALL,GRASS_LOW_VEGETATION,BUILT_UP,11129
spectral,spatial_block_cv_5fold,ALL,GRASS_LOW_VEGETATION,BARE_SAND,1318
spectral,spatial_block_cv_5fold,ALL,FOREST,WATER,57
spectral,spatial_block_cv_5fold,ALL,FOREST,CROPLAND,5714
spectral,spatial_block_cv_5fold,ALL,FOREST,GRASS_LOW_VEGETATION,13200
spectral,spatial_block_cv_5fold,ALL,FOREST,FOREST,99796
spectral,spatial_block_cv_5fold,ALL,FOREST,WETLAND_REED,23635
spectral,spatial_block_cv_5fold,ALL,FOREST,BUILT_UP,10395
spectral,spatial_block_cv_5fold,ALL,FOREST,BARE_SAND,203
spectral,spatial_block_cv_5fold,ALL,WETLAND_REED,WATER,4352
spectral,spatial_block_cv_5fold,ALL,WETLAND_REED,CROPLAND,7989
spectral,spatial_block_cv_5fold,ALL,WETLAND_REED,GRASS_LOW_VEGETATION,14219
spectral,spatial_block_cv_5fold,ALL,WETLAND_REED,FOREST,22772
spectral,spatial_block_cv_5fold,ALL,WETLAND_REED,WETLAND_REED,85093
spectral,spatial_block_cv_5fold,ALL,WETLAND_REED,BUILT_UP,13708
spectral,spatial_block_cv_5fold,ALL,WETLAND_REED,BARE_SAND,2308
spectral,spatial_block_cv_5fold,ALL,BUILT_UP,WATER,268
spectral,spatial_block_cv_5fold,ALL,BUILT_UP,CROPLAND,6520
spectral,spatial_block_cv_5fold,ALL,BUILT_UP,GRASS_LOW_VEGETATION,8915
spectral,spatial_block_cv_5fold,ALL,BUILT_UP,FOREST,5881
spectral,spatial_block_cv_5fold,ALL,BUILT_UP,WETLAND_REED,8749
spectral,spatial_block_cv_5fold,ALL,BUILT_UP,BUILT_UP,103694
spectral,spatial_block_cv_5fold,ALL,BUILT_UP,BARE_SAND,17707
spectral,spatial_block_cv_5fold,ALL,BARE_SAND,WATER,555
spectral,spatial_block_cv_5fold,ALL,BARE_SAND,CROPLAND,1405
spectral,spatial_block_cv_5fold,ALL,BARE_SAND,GRASS_LOW_VEGETATION,568
spectral,spatial_block_cv_5fold,ALL,BARE_SAND,FOREST,15
spectral,spatial_block_cv_5fold,ALL,BARE_SAND,WETLAND_REED,538
spectral,spatial_block_cv_5fold,ALL,BARE_SAND,BUILT_UP,11965
spectral,spatial_block_cv_5fold,ALL,BARE_SAND,BARE_SAND,122051
spectral,spatial_block_cv_5fold,ZONE_1_KAKHOVKA_LOWER_DNIPRO,WATER,WATER,99980
spectral,spatial_block_cv_5fold,ZONE_1_KAKHOVKA_LOWER_DNIPRO,WATER,CROPLAND,9
spectral,spatial_block_cv_5fold,ZONE_1_KAKHOVKA_LOWER_DNIPRO,WATER,GRASS_LOW_VEGETATION,0
spectral,spatial_block_cv_5fold,ZONE_1_KAKHOVKA_LOWER_DNIPRO,WATER,FOREST,31
spectral,spatial_block_cv_5fold,ZONE_1_KAKHOVKA_LOWER_DNIPRO,WATER,WETLAND_REED,295
spectral,spatial_block_cv_5fold,ZONE_1_KAKHOVKA_LOWER_DNIPRO,WATER,BUILT_UP,21
spectral,spatial_block_cv_5fold,ZONE_1_KAKHOVKA_LOWER_DNIPRO,WATER,BARE_SAND,167
spectral,spatial_block_cv_5fold,ZONE_1_KAKHOVKA_LOWER_DNIPRO,CROPLAND,WATER,12
spectral,spatial_block_cv_5fold,ZONE_1_KAKHOVKA_LOWER_DNIPRO,CROPLAND,CROPLAND,57521
spectral,spatial_block_cv_5fold,ZONE_1_KAKHOVKA_LOWER_DNIPRO,CROPLAND,GRASS_LOW_VEGETATION,19156
spectral,spatial_block_cv_5fold,ZONE_1_KAKHOVKA_LOWER_DNIPRO,CROPLAND,FOREST,7224
spectral,spatial_block_cv_5fold,ZONE_1_KAKHOVKA_LOWER_DNIPRO,CROPLAND,WETLAND_REED,9027
spectral,spatial_block_cv_5fold,ZONE_1_KAKHOVKA_LOWER_DNIPRO,CROPLAND,BUILT_UP,8227
spectral,spatial_block_cv_5fold,ZONE_1_KAKHOVKA_LOWER_DNIPRO,CROPLAND,BARE_SAND,833
spectral,spatial_block_cv_5fold,ZONE_1_KAKHOVKA_LOWER_DNIPRO,GRASS_LOW_VEGETATION,WATER,16
spectral,spatial_block_cv_5fold,ZONE_1_KAKHOVKA_LOWER_DNIPRO,GRASS_LOW_VEGETATION,CROPLAND,11900
spectral,spatial_block_cv_5fold,ZONE_1_KAKHOVKA_LOWER_DNIPRO,GRASS_LOW_VEGETATION,GRASS_LOW_VEGETATION,66086
spectral,spatial_block_cv_5fold,ZONE_1_KAKHOVKA_LOWER_DNIPRO,GRASS_LOW_VEGETATION,FOREST,5946
spectral,spatial_block_cv_5fold,ZONE_1_KAKHOVKA_LOWER_DNIPRO,GRASS_LOW_VEGETATION,WETLAND_REED,9927
spectral,spatial_block_cv_5fold,ZONE_1_KAKHOVKA_LOWER_DNIPRO,GRASS_LOW_VEGETATION,BUILT_UP,7559
spectral,spatial_block_cv_5fold,ZONE_1_KAKHOVKA_LOWER_DNIPRO,GRASS_LOW_VEGETATION,BARE_SAND,566
spectral,spatial_block_cv_5fold,ZONE_1_KAKHOVKA_LOWER_DNIPRO,FOREST,WATER,22
spectral,spatial_block_cv_5fold,ZONE_1_KAKHOVKA_LOWER_DNIPRO,FOREST,CROPLAND,3731
spectral,spatial_block_cv_5fold,ZONE_1_KAKHOVKA_LOWER_DNIPRO,FOREST,GRASS_LOW_VEGETATION,9422
spectral,spatial_block_cv_5fold,ZONE_1_KAKHOVKA_LOWER_DNIPRO,FOREST,FOREST,63436
spectral,spatial_block_cv_5fold,ZONE_1_KAKHOVKA_LOWER_DNIPRO,FOREST,WETLAND_REED,18705
spectral,spatial_block_cv_5fold,ZONE_1_KAKHOVKA_LOWER_DNIPRO,FOREST,BUILT_UP,6588
spectral,spatial_block_cv_5fold,ZONE_1_KAKHOVKA_LOWER_DNIPRO,FOREST,BARE_SAND,96
spectral,spatial_block_cv_5fold,ZONE_1_KAKHOVKA_LOWER_DNIPRO,WETLAND_REED,WATER,3951
spectral,spatial_block_cv_5fold,ZONE_1_KAKHOVKA_LOWER_DNIPRO,WETLAND_REED,CROPLAND,4640
spectral,spatial_block_cv_5fold,ZONE_1_KAKHOVKA_LOWER_DNIPRO,WETLAND_REED,GRASS_LOW_VEGETATION,7492
spectral,spatial_block_cv_5fold,ZONE_1_KAKHOVKA_LOWER_DNIPRO,WETLAND_REED,FOREST,16250
spectral,spatial_block_cv_5fold,ZONE_1_KAKHOVKA_LOWER_DNIPRO,WETLAND_REED,WETLAND_REED,56260
spectral,spatial_block_cv_5fold,ZONE_1_KAKHOVKA_LOWER_DNIPRO,WETLAND_REED,BUILT_UP,8975
spectral,spatial_block_cv_5fold,ZONE_1_KAKHOVKA_LOWER_DNIPRO,WETLAND_REED,BARE_SAND,1873
spectral,spatial_block_cv_5fold,ZONE_1_KAKHOVKA_LOWER_DNIPRO,BUILT_UP,WATER,198
spectral,spatial_block_cv_5fold,ZONE_1_KAKHOVKA_LOWER_DNIPRO,BUILT_UP,CROPLAND,4031
spectral,spatial_block_cv_5fold,ZONE_1_KAKHOVKA_LOWER_DNIPRO,BUILT_UP,GRASS_LOW_VEGETATION,5622
spectral,spatial_block_cv_5fold,ZONE_1_KAKHOVKA_LOWER_DNIPRO,BUILT_UP,FOREST,3910
spectral,spatial_block_cv_5fold,ZONE_1_KAKHOVKA_LOWER_DNIPRO,BUILT_UP,WETLAND_REED,5842
spectral,spatial_block_cv_5fold,ZONE_1_KAKHOVKA_LOWER_DNIPRO,BUILT_UP,BUILT_UP,70141
spectral,spatial_block_cv_5fold,ZONE_1_KAKHOVKA_LOWER_DNIPRO,BUILT_UP,BARE_SAND,12256
spectral,spatial_block_cv_5fold,ZONE_1_KAKHOVKA_LOWER_DNIPRO,BARE_SAND,WATER,533
spectral,spatial_block_cv_5fold,ZONE_1_KAKHOVKA_LOWER_DNIPRO,BARE_SAND,CROPLAND,981
spectral,spatial_block_cv_5fold,ZONE_1_KAKHOVKA_LOWER_DNIPRO,BARE_SAND,GRASS_LOW_VEGETATION,282
spectral,spatial_block_cv_5fold,ZONE_1_KAKHOVKA_LOWER_DNIPRO,BARE_SAND,FOREST,11
spectral,spatial_block_cv_5fold,ZONE_1_KAKHOVKA_LOWER_DNIPRO,BARE_SAND,WETLAND_REED,274
spectral,spatial_block_cv_5fold,ZONE_1_KAKHOVKA_LOWER_DNIPRO,BARE_SAND,BUILT_UP,7041
spectral,spatial_block_cv_5fold,ZONE_1_KAKHOVKA_LOWER_DNIPRO,BARE_SAND,BARE_SAND,86634
spectral,spatial_block_cv_5fold,ZONE_2_KHERSON_DELTA,WATER,WATER,16382
spectral,spatial_block_cv_5fold,ZONE_2_KHERSON_DELTA,WATER,CROPLAND,2
spectral,spatial_block_cv_5fold,ZONE_2_KHERSON_DELTA,WATER,GRASS_LOW_VEGETATION,2
spectral,spatial_block_cv_5fold,ZONE_2_KHERSON_DELTA,WATER,FOREST,7
spectral,spatial_block_cv_5fold,ZONE_2_KHERSON_DELTA,WATER,WETLAND_REED,78
spectral,spatial_block_cv_5fold,ZONE_2_KHERSON_DELTA,WATER,BUILT_UP,4
spectral,spatial_block_cv_5fold,ZONE_2_KHERSON_DELTA,WATER,BARE_SAND,25
spectral,spatial_block_cv_5fold,ZONE_2_KHERSON_DELTA,CROPLAND,WATER,0
spectral,spatial_block_cv_5fold,ZONE_2_KHERSON_DELTA,CROPLAND,CROPLAND,7102
spectral,spatial_block_cv_5fold,ZONE_2_KHERSON_DELTA,CROPLAND,GRASS_LOW_VEGETATION,5274
spectral,spatial_block_cv_5fold,ZONE_2_KHERSON_DELTA,CROPLAND,FOREST,2056
spectral,spatial_block_cv_5fold,ZONE_2_KHERSON_DELTA,CROPLAND,WETLAND_REED,1161
spectral,spatial_block_cv_5fold,ZONE_2_KHERSON_DELTA,CROPLAND,BUILT_UP,881
spectral,spatial_block_cv_5fold,ZONE_2_KHERSON_DELTA,CROPLAND,BARE_SAND,26
spectral,spatial_block_cv_5fold,ZONE_2_KHERSON_DELTA,GRASS_LOW_VEGETATION,WATER,1
spectral,spatial_block_cv_5fold,ZONE_2_KHERSON_DELTA,GRASS_LOW_VEGETATION,CROPLAND,2048
spectral,spatial_block_cv_5fold,ZONE_2_KHERSON_DELTA,GRASS_LOW_VEGETATION,GRASS_LOW_VEGETATION,11748
spectral,spatial_block_cv_5fold,ZONE_2_KHERSON_DELTA,GRASS_LOW_VEGETATION,FOREST,828
spectral,spatial_block_cv_5fold,ZONE_2_KHERSON_DELTA,GRASS_LOW_VEGETATION,WETLAND_REED,522
spectral,spatial_block_cv_5fold,ZONE_2_KHERSON_DELTA,GRASS_LOW_VEGETATION,BUILT_UP,1093
spectral,spatial_block_cv_5fold,ZONE_2_KHERSON_DELTA,GRASS_LOW_VEGETATION,BARE_SAND,260
spectral,spatial_block_cv_5fold,ZONE_2_KHERSON_DELTA,FOREST,WATER,1
spectral,spatial_block_cv_5fold,ZONE_2_KHERSON_DELTA,FOREST,CROPLAND,415
spectral,spatial_block_cv_5fold,ZONE_2_KHERSON_DELTA,FOREST,GRASS_LOW_VEGETATION,633
spectral,spatial_block_cv_5fold,ZONE_2_KHERSON_DELTA,FOREST,FOREST,12993
spectral,spatial_block_cv_5fold,ZONE_2_KHERSON_DELTA,FOREST,WETLAND_REED,1571
spectral,spatial_block_cv_5fold,ZONE_2_KHERSON_DELTA,FOREST,BUILT_UP,865
spectral,spatial_block_cv_5fold,ZONE_2_KHERSON_DELTA,FOREST,BARE_SAND,22
spectral,spatial_block_cv_5fold,ZONE_2_KHERSON_DELTA,WETLAND_REED,WATER,106
spectral,spatial_block_cv_5fold,ZONE_2_KHERSON_DELTA,WETLAND_REED,CROPLAND,578
spectral,spatial_block_cv_5fold,ZONE_2_KHERSON_DELTA,WETLAND_REED,GRASS_LOW_VEGETATION,621
spectral,spatial_block_cv_5fold,ZONE_2_KHERSON_DELTA,WETLAND_REED,FOREST,2041
spectral,spatial_block_cv_5fold,ZONE_2_KHERSON_DELTA,WETLAND_REED,WETLAND_REED,12898
spectral,spatial_block_cv_5fold,ZONE_2_KHERSON_DELTA,WETLAND_REED,BUILT_UP,222
spectral,spatial_block_cv_5fold,ZONE_2_KHERSON_DELTA,WETLAND_REED,BARE_SAND,34
spectral,spatial_block_cv_5fold,ZONE_2_KHERSON_DELTA,BUILT_UP,WATER,26
spectral,spatial_block_cv_5fold,ZONE_2_KHERSON_DELTA,BUILT_UP,CROPLAND,864
spectral,spatial_block_cv_5fold,ZONE_2_KHERSON_DELTA,BUILT_UP,GRASS_LOW_VEGETATION,1055
spectral,spatial_block_cv_5fold,ZONE_2_KHERSON_DELTA,BUILT_UP,FOREST,972
spectral,spatial_block_cv_5fold,ZONE_2_KHERSON_DELTA,BUILT_UP,WETLAND_REED,1541
spectral,spatial_block_cv_5fold,ZONE_2_KHERSON_DELTA,BUILT_UP,BUILT_UP,10378
spectral,spatial_block_cv_5fold,ZONE_2_KHERSON_DELTA,BUILT_UP,BARE_SAND,1664
spectral,spatial_block_cv_5fold,ZONE_2_KHERSON_DELTA,BARE_SAND,WATER,9
spectral,spatial_block_cv_5fold,ZONE_2_KHERSON_DELTA,BARE_SAND,CROPLAND,151
spectral,spatial_block_cv_5fold,ZONE_2_KHERSON_DELTA,BARE_SAND,GRASS_LOW_VEGETATION,153
spectral,spatial_block_cv_5fold,ZONE_2_KHERSON_DELTA,BARE_SAND,FOREST,4
spectral,spatial_block_cv_5fold,ZONE_2_KHERSON_DELTA,BARE_SAND,WETLAND_REED,150
spectral,spatial_block_cv_5fold,ZONE_2_KHERSON_DELTA,BARE_SAND,BUILT_UP,1787
spectral,spatial_block_cv_5fold,ZONE_2_KHERSON_DELTA,BARE_SAND,BARE_SAND,6906
spectral,spatial_block_cv_5fold,ZONE_3_DNIPRO_BUG_ESTUARY,WATER,WATER,26909
spectral,spatial_block_cv_5fold,ZONE_3_DNIPRO_BUG_ESTUARY,WATER,CROPLAND,0
spectral,spatial_block_cv_5fold,ZONE_3_DNIPRO_BUG_ESTUARY,WATER,GRASS_LOW_VEGETATION,0
spectral,spatial_block_cv_5fold,ZONE_3_DNIPRO_BUG_ESTUARY,WATER,FOREST,1
spectral,spatial_block_cv_5fold,ZONE_3_DNIPRO_BUG_ESTUARY,WATER,WETLAND_REED,45
spectral,spatial_block_cv_5fold,ZONE_3_DNIPRO_BUG_ESTUARY,WATER,BUILT_UP,10
spectral,spatial_block_cv_5fold,ZONE_3_DNIPRO_BUG_ESTUARY,WATER,BARE_SAND,35
spectral,spatial_block_cv_5fold,ZONE_3_DNIPRO_BUG_ESTUARY,CROPLAND,WATER,5
spectral,spatial_block_cv_5fold,ZONE_3_DNIPRO_BUG_ESTUARY,CROPLAND,CROPLAND,13043
spectral,spatial_block_cv_5fold,ZONE_3_DNIPRO_BUG_ESTUARY,CROPLAND,GRASS_LOW_VEGETATION,6566
spectral,spatial_block_cv_5fold,ZONE_3_DNIPRO_BUG_ESTUARY,CROPLAND,FOREST,2561
spectral,spatial_block_cv_5fold,ZONE_3_DNIPRO_BUG_ESTUARY,CROPLAND,WETLAND_REED,1987
spectral,spatial_block_cv_5fold,ZONE_3_DNIPRO_BUG_ESTUARY,CROPLAND,BUILT_UP,2463
spectral,spatial_block_cv_5fold,ZONE_3_DNIPRO_BUG_ESTUARY,CROPLAND,BARE_SAND,375
spectral,spatial_block_cv_5fold,ZONE_3_DNIPRO_BUG_ESTUARY,GRASS_LOW_VEGETATION,WATER,30
spectral,spatial_block_cv_5fold,ZONE_3_DNIPRO_BUG_ESTUARY,GRASS_LOW_VEGETATION,CROPLAND,2897
spectral,spatial_block_cv_5fold,ZONE_3_DNIPRO_BUG_ESTUARY,GRASS_LOW_VEGETATION,GRASS_LOW_VEGETATION,19112
spectral,spatial_block_cv_5fold,ZONE_3_DNIPRO_BUG_ESTUARY,GRASS_LOW_VEGETATION,FOREST,1120
spectral,spatial_block_cv_5fold,ZONE_3_DNIPRO_BUG_ESTUARY,GRASS_LOW_VEGETATION,WETLAND_REED,1496
spectral,spatial_block_cv_5fold,ZONE_3_DNIPRO_BUG_ESTUARY,GRASS_LOW_VEGETATION,BUILT_UP,2073
spectral,spatial_block_cv_5fold,ZONE_3_DNIPRO_BUG_ESTUARY,GRASS_LOW_VEGETATION,BARE_SAND,272
spectral,spatial_block_cv_5fold,ZONE_3_DNIPRO_BUG_ESTUARY,FOREST,WATER,34
spectral,spatial_block_cv_5fold,ZONE_3_DNIPRO_BUG_ESTUARY,FOREST,CROPLAND,1333
spectral,spatial_block_cv_5fold,ZONE_3_DNIPRO_BUG_ESTUARY,FOREST,GRASS_LOW_VEGETATION,2625
spectral,spatial_block_cv_5fold,ZONE_3_DNIPRO_BUG_ESTUARY,FOREST,FOREST,17769
spectral,spatial_block_cv_5fold,ZONE_3_DNIPRO_BUG_ESTUARY,FOREST,WETLAND_REED,2665
spectral,spatial_block_cv_5fold,ZONE_3_DNIPRO_BUG_ESTUARY,FOREST,BUILT_UP,2491
spectral,spatial_block_cv_5fold,ZONE_3_DNIPRO_BUG_ESTUARY,FOREST,BARE_SAND,83
spectral,spatial_block_cv_5fold,ZONE_3_DNIPRO_BUG_ESTUARY,WETLAND_REED,WATER,261
spectral,spatial_block_cv_5fold,ZONE_3_DNIPRO_BUG_ESTUARY,WETLAND_REED,CROPLAND,2580
spectral,spatial_block_cv_5fold,ZONE_3_DNIPRO_BUG_ESTUARY,WETLAND_REED,GRASS_LOW_VEGETATION,5193
spectral,spatial_block_cv_5fold,ZONE_3_DNIPRO_BUG_ESTUARY,WETLAND_REED,FOREST,3506
spectral,spatial_block_cv_5fold,ZONE_3_DNIPRO_BUG_ESTUARY,WETLAND_REED,WETLAND_REED,10630
spectral,spatial_block_cv_5fold,ZONE_3_DNIPRO_BUG_ESTUARY,WETLAND_REED,BUILT_UP,4433
spectral,spatial_block_cv_5fold,ZONE_3_DNIPRO_BUG_ESTUARY,WETLAND_REED,BARE_SAND,397
spectral,spatial_block_cv_5fold,ZONE_3_DNIPRO_BUG_ESTUARY,BUILT_UP,WATER,29
spectral,spatial_block_cv_5fold,ZONE_3_DNIPRO_BUG_ESTUARY,BUILT_UP,CROPLAND,1254
spectral,spatial_block_cv_5fold,ZONE_3_DNIPRO_BUG_ESTUARY,BUILT_UP,GRASS_LOW_VEGETATION,1508
spectral,spatial_block_cv_5fold,ZONE_3_DNIPRO_BUG_ESTUARY,BUILT_UP,FOREST,867
spectral,spatial_block_cv_5fold,ZONE_3_DNIPRO_BUG_ESTUARY,BUILT_UP,WETLAND_REED,1166
spectral,spatial_block_cv_5fold,ZONE_3_DNIPRO_BUG_ESTUARY,BUILT_UP,BUILT_UP,17584
spectral,spatial_block_cv_5fold,ZONE_3_DNIPRO_BUG_ESTUARY,BUILT_UP,BARE_SAND,3326
spectral,spatial_block_cv_5fold,ZONE_3_DNIPRO_BUG_ESTUARY,BARE_SAND,WATER,13
spectral,spatial_block_cv_5fold,ZONE_3_DNIPRO_BUG_ESTUARY,BARE_SAND,CROPLAND,257
spectral,spatial_block_cv_5fold,ZONE_3_DNIPRO_BUG_ESTUARY,BARE_SAND,GRASS_LOW_VEGETATION,119
spectral,spatial_block_cv_5fold,ZONE_3_DNIPRO_BUG_ESTUARY,BARE_SAND,FOREST,0
spectral,spatial_block_cv_5fold,ZONE_3_DNIPRO_BUG_ESTUARY,BARE_SAND,WETLAND_REED,114
spectral,spatial_block_cv_5fold,ZONE_3_DNIPRO_BUG_ESTUARY,BARE_SAND,BUILT_UP,3103
spectral,spatial_block_cv_5fold,ZONE_3_DNIPRO_BUG_ESTUARY,BARE_SAND,BARE_SAND,21075
spectral,spatial_block_cv_5fold,ZONE_4_DAM_TO_KHERSON_FLOODWAY,WATER,WATER,7423
spectral,spatial_block_cv_5fold,ZONE_4_DAM_TO_KHERSON_FLOODWAY,WATER,CROPLAND,0
spectral,spatial_block_cv_5fold,ZONE_4_DAM_TO_KHERSON_FLOODWAY,WATER,GRASS_LOW_VEGETATION,0
spectral,spatial_block_cv_5fold,ZONE_4_DAM_TO_KHERSON_FLOODWAY,WATER,FOREST,7
spectral,spatial_block_cv_5fold,ZONE_4_DAM_TO_KHERSON_FLOODWAY,WATER,WETLAND_REED,63
spectral,spatial_block_cv_5fold,ZONE_4_DAM_TO_KHERSON_FLOODWAY,WATER,BUILT_UP,0
spectral,spatial_block_cv_5fold,ZONE_4_DAM_TO_KHERSON_FLOODWAY,WATER,BARE_SAND,7
spectral,spatial_block_cv_5fold,ZONE_4_DAM_TO_KHERSON_FLOODWAY,CROPLAND,WATER,1
spectral,spatial_block_cv_5fold,ZONE_4_DAM_TO_KHERSON_FLOODWAY,CROPLAND,CROPLAND,3836
spectral,spatial_block_cv_5fold,ZONE_4_DAM_TO_KHERSON_FLOODWAY,CROPLAND,GRASS_LOW_VEGETATION,1795
spectral,spatial_block_cv_5fold,ZONE_4_DAM_TO_KHERSON_FLOODWAY,CROPLAND,FOREST,315
spectral,spatial_block_cv_5fold,ZONE_4_DAM_TO_KHERSON_FLOODWAY,CROPLAND,WETLAND_REED,523
spectral,spatial_block_cv_5fold,ZONE_4_DAM_TO_KHERSON_FLOODWAY,CROPLAND,BUILT_UP,985
spectral,spatial_block_cv_5fold,ZONE_4_DAM_TO_KHERSON_FLOODWAY,CROPLAND,BARE_SAND,45
spectral,spatial_block_cv_5fold,ZONE_4_DAM_TO_KHERSON_FLOODWAY,GRASS_LOW_VEGETATION,WATER,1
spectral,spatial_block_cv_5fold,ZONE_4_DAM_TO_KHERSON_FLOODWAY,GRASS_LOW_VEGETATION,CROPLAND,974
spectral,spatial_block_cv_5fold,ZONE_4_DAM_TO_KHERSON_FLOODWAY,GRASS_LOW_VEGETATION,GRASS_LOW_VEGETATION,5503
spectral,spatial_block_cv_5fold,ZONE_4_DAM_TO_KHERSON_FLOODWAY,GRASS_LOW_VEGETATION,FOREST,221
spectral,spatial_block_cv_5fold,ZONE_4_DAM_TO_KHERSON_FLOODWAY,GRASS_LOW_VEGETATION,WETLAND_REED,177
spectral,spatial_block_cv_5fold,ZONE_4_DAM_TO_KHERSON_FLOODWAY,GRASS_LOW_VEGETATION,BUILT_UP,404
spectral,spatial_block_cv_5fold,ZONE_4_DAM_TO_KHERSON_FLOODWAY,GRASS_LOW_VEGETATION,BARE_SAND,220
spectral,spatial_block_cv_5fold,ZONE_4_DAM_TO_KHERSON_FLOODWAY,FOREST,WATER,0
spectral,spatial_block_cv_5fold,ZONE_4_DAM_TO_KHERSON_FLOODWAY,FOREST,CROPLAND,235
spectral,spatial_block_cv_5fold,ZONE_4_DAM_TO_KHERSON_FLOODWAY,FOREST,GRASS_LOW_VEGETATION,520
spectral,spatial_block_cv_5fold,ZONE_4_DAM_TO_KHERSON_FLOODWAY,FOREST,FOREST,5598
spectral,spatial_block_cv_5fold,ZONE_4_DAM_TO_KHERSON_FLOODWAY,FOREST,WETLAND_REED,694
spectral,spatial_block_cv_5fold,ZONE_4_DAM_TO_KHERSON_FLOODWAY,FOREST,BUILT_UP,451
spectral,spatial_block_cv_5fold,ZONE_4_DAM_TO_KHERSON_FLOODWAY,FOREST,BARE_SAND,2
spectral,spatial_block_cv_5fold,ZONE_4_DAM_TO_KHERSON_FLOODWAY,WETLAND_REED,WATER,34
spectral,spatial_block_cv_5fold,ZONE_4_DAM_TO_KHERSON_FLOODWAY,WETLAND_REED,CROPLAND,191
spectral,spatial_block_cv_5fold,ZONE_4_DAM_TO_KHERSON_FLOODWAY,WETLAND_REED,GRASS_LOW_VEGETATION,913
spectral,spatial_block_cv_5fold,ZONE_4_DAM_TO_KHERSON_FLOODWAY,WETLAND_REED,FOREST,975
spectral,spatial_block_cv_5fold,ZONE_4_DAM_TO_KHERSON_FLOODWAY,WETLAND_REED,WETLAND_REED,5305
spectral,spatial_block_cv_5fold,ZONE_4_DAM_TO_KHERSON_FLOODWAY,WETLAND_REED,BUILT_UP,78
spectral,spatial_block_cv_5fold,ZONE_4_DAM_TO_KHERSON_FLOODWAY,WETLAND_REED,BARE_SAND,4
spectral,spatial_block_cv_5fold,ZONE_4_DAM_TO_KHERSON_FLOODWAY,BUILT_UP,WATER,15
spectral,spatial_block_cv_5fold,ZONE_4_DAM_TO_KHERSON_FLOODWAY,BUILT_UP,CROPLAND,371
spectral,spatial_block_cv_5fold,ZONE_4_DAM_TO_KHERSON_FLOODWAY,BUILT_UP,GRASS_LOW_VEGETATION,730
spectral,spatial_block_cv_5fold,ZONE_4_DAM_TO_KHERSON_FLOODWAY,BUILT_UP,FOREST,132
spectral,spatial_block_cv_5fold,ZONE_4_DAM_TO_KHERSON_FLOODWAY,BUILT_UP,WETLAND_REED,200
spectral,spatial_block_cv_5fold,ZONE_4_DAM_TO_KHERSON_FLOODWAY,BUILT_UP,BUILT_UP,5591
spectral,spatial_block_cv_5fold,ZONE_4_DAM_TO_KHERSON_FLOODWAY,BUILT_UP,BARE_SAND,461
spectral,spatial_block_cv_5fold,ZONE_4_DAM_TO_KHERSON_FLOODWAY,BARE_SAND,WATER,0
spectral,spatial_block_cv_5fold,ZONE_4_DAM_TO_KHERSON_FLOODWAY,BARE_SAND,CROPLAND,16
spectral,spatial_block_cv_5fold,ZONE_4_DAM_TO_KHERSON_FLOODWAY,BARE_SAND,GRASS_LOW_VEGETATION,14
spectral,spatial_block_cv_5fold,ZONE_4_DAM_TO_KHERSON_FLOODWAY,BARE_SAND,FOREST,0
spectral,spatial_block_cv_5fold,ZONE_4_DAM_TO_KHERSON_FLOODWAY,BARE_SAND,WETLAND_REED,0
spectral,spatial_block_cv_5fold,ZONE_4_DAM_TO_KHERSON_FLOODWAY,BARE_SAND,BUILT_UP,34
spectral,spatial_block_cv_5fold,ZONE_4_DAM_TO_KHERSON_FLOODWAY,BARE_SAND,BARE_SAND,7436
spectral,temporal_holdout_2023pre,ALL,WATER,WATER,19107
spectral,temporal_holdout_2023pre,ALL,WATER,CROPLAND,2
spectral,temporal_holdout_2023pre,ALL,WATER,GRASS_LOW_VEGETATION,2
spectral,temporal_holdout_2023pre,ALL,WATER,FOREST,10
spectral,temporal_holdout_2023pre,ALL,WATER,WETLAND_REED,296
spectral,temporal_holdout_2023pre,ALL,WATER,BUILT_UP,38
spectral,temporal_holdout_2023pre,ALL,WATER,BARE_SAND,48
spectral,temporal_holdout_2023pre,ALL,CROPLAND,WATER,4
spectral,temporal_holdout_2023pre,ALL,CROPLAND,CROPLAND,9577
spectral,temporal_holdout_2023pre,ALL,CROPLAND,GRASS_LOW_VEGETATION,5116
spectral,temporal_holdout_2023pre,ALL,CROPLAND,FOREST,1669
spectral,temporal_holdout_2023pre,ALL,CROPLAND,WETLAND_REED,2049
spectral,temporal_holdout_2023pre,ALL,CROPLAND,BUILT_UP,2536
spectral,temporal_holdout_2023pre,ALL,CROPLAND,BARE_SAND,49
spectral,temporal_holdout_2023pre,ALL,GRASS_LOW_VEGETATION,WATER,2
spectral,temporal_holdout_2023pre,ALL,GRASS_LOW_VEGETATION,CROPLAND,3329
spectral,temporal_holdout_2023pre,ALL,GRASS_LOW_VEGETATION,GRASS_LOW_VEGETATION,10433
spectral,temporal_holdout_2023pre,ALL,GRASS_LOW_VEGETATION,FOREST,687
spectral,temporal_holdout_2023pre,ALL,GRASS_LOW_VEGETATION,WETLAND_REED,4329
spectral,temporal_holdout_2023pre,ALL,GRASS_LOW_VEGETATION,BUILT_UP,2110
spectral,temporal_holdout_2023pre,ALL,GRASS_LOW_VEGETATION,BARE_SAND,110
spectral,temporal_holdout_2023pre,ALL,FOREST,WATER,2
spectral,temporal_holdout_2023pre,ALL,FOREST,CROPLAND,2012
spectral,temporal_holdout_2023pre,ALL,FOREST,GRASS_LOW_VEGETATION,1081
spectral,temporal_holdout_2023pre,ALL,FOREST,FOREST,9697
spectral,temporal_holdout_2023pre,ALL,FOREST,WETLAND_REED,5851
spectral,temporal_holdout_2023pre,ALL,FOREST,BUILT_UP,2314
spectral,temporal_holdout_2023pre,ALL,FOREST,BARE_SAND,43
spectral,temporal_holdout_2023pre,ALL,WETLAND_REED,WATER,1035
spectral,temporal_holdout_2023pre,ALL,WETLAND_REED,CROPLAND,1486
spectral,temporal_holdout_2023pre,ALL,WETLAND_REED,GRASS_LOW_VEGETATION,1317
spectral,temporal_holdout_2023pre,ALL,WETLAND_REED,FOREST,1334
spectral,temporal_holdout_2023pre,ALL,WETLAND_REED,WETLAND_REED,10661
spectral,temporal_holdout_2023pre,ALL,WETLAND_REED,BUILT_UP,2332
spectral,temporal_holdout_2023pre,ALL,WETLAND_REED,BARE_SAND,276
spectral,temporal_holdout_2023pre,ALL,BUILT_UP,WATER,33
spectral,temporal_holdout_2023pre,ALL,BUILT_UP,CROPLAND,1109
spectral,temporal_holdout_2023pre,ALL,BUILT_UP,GRASS_LOW_VEGETATION,858
spectral,temporal_holdout_2023pre,ALL,BUILT_UP,FOREST,482
spectral,temporal_holdout_2023pre,ALL,BUILT_UP,WETLAND_REED,945
spectral,temporal_holdout_2023pre,ALL,BUILT_UP,BUILT_UP,15570
spectral,temporal_holdout_2023pre,ALL,BUILT_UP,BARE_SAND,2003
spectral,temporal_holdout_2023pre,ALL,BARE_SAND,WATER,84
spectral,temporal_holdout_2023pre,ALL,BARE_SAND,CROPLAND,215
spectral,temporal_holdout_2023pre,ALL,BARE_SAND,GRASS_LOW_VEGETATION,119
spectral,temporal_holdout_2023pre,ALL,BARE_SAND,FOREST,4
spectral,temporal_holdout_2023pre,ALL,BARE_SAND,WETLAND_REED,163
spectral,temporal_holdout_2023pre,ALL,BARE_SAND,BUILT_UP,1828
spectral,temporal_holdout_2023pre,ALL,BARE_SAND,BARE_SAND,13014
spectral,temporal_holdout_2023pre,ZONE_1_KAKHOVKA_LOWER_DNIPRO,WATER,WATER,8633
spectral,temporal_holdout_2023pre,ZONE_1_KAKHOVKA_LOWER_DNIPRO,WATER,CROPLAND,2
spectral,temporal_holdout_2023pre,ZONE_1_KAKHOVKA_LOWER_DNIPRO,WATER,GRASS_LOW_VEGETATION,0
spectral,temporal_holdout_2023pre,ZONE_1_KAKHOVKA_LOWER_DNIPRO,WATER,FOREST,10
spectral,temporal_holdout_2023pre,ZONE_1_KAKHOVKA_LOWER_DNIPRO,WATER,WETLAND_REED,279
spectral,temporal_holdout_2023pre,ZONE_1_KAKHOVKA_LOWER_DNIPRO,WATER,BUILT_UP,38
spectral,temporal_holdout_2023pre,ZONE_1_KAKHOVKA_LOWER_DNIPRO,WATER,BARE_SAND,41
spectral,temporal_holdout_2023pre,ZONE_1_KAKHOVKA_LOWER_DNIPRO,CROPLAND,WATER,0
spectral,temporal_holdout_2023pre,ZONE_1_KAKHOVKA_LOWER_DNIPRO,CROPLAND,CROPLAND,4878
spectral,temporal_holdout_2023pre,ZONE_1_KAKHOVKA_LOWER_DNIPRO,CROPLAND,GRASS_LOW_VEGETATION,1858
spectral,temporal_holdout_2023pre,ZONE_1_KAKHOVKA_LOWER_DNIPRO,CROPLAND,FOREST,438
spectral,temporal_holdout_2023pre,ZONE_1_KAKHOVKA_LOWER_DNIPRO,CROPLAND,WETLAND_REED,1585
spectral,temporal_holdout_2023pre,ZONE_1_KAKHOVKA_LOWER_DNIPRO,CROPLAND,BUILT_UP,1738
spectral,temporal_holdout_2023pre,ZONE_1_KAKHOVKA_LOWER_DNIPRO,CROPLAND,BARE_SAND,3
spectral,temporal_holdout_2023pre,ZONE_1_KAKHOVKA_LOWER_DNIPRO,GRASS_LOW_VEGETATION,WATER,1
spectral,temporal_holdout_2023pre,ZONE_1_KAKHOVKA_LOWER_DNIPRO,GRASS_LOW_VEGETATION,CROPLAND,2324
spectral,temporal_holdout_2023pre,ZONE_1_KAKHOVKA_LOWER_DNIPRO,GRASS_LOW_VEGETATION,GRASS_LOW_VEGETATION,2906
spectral,temporal_holdout_2023pre,ZONE_1_KAKHOVKA_LOWER_DNIPRO,GRASS_LOW_VEGETATION,FOREST,327
spectral,temporal_holdout_2023pre,ZONE_1_KAKHOVKA_LOWER_DNIPRO,GRASS_LOW_VEGETATION,WETLAND_REED,4006
spectral,temporal_holdout_2023pre,ZONE_1_KAKHOVKA_LOWER_DNIPRO,GRASS_LOW_VEGETATION,BUILT_UP,905
spectral,temporal_holdout_2023pre,ZONE_1_KAKHOVKA_LOWER_DNIPRO,GRASS_LOW_VEGETATION,BARE_SAND,31
spectral,temporal_holdout_2023pre,ZONE_1_KAKHOVKA_LOWER_DNIPRO,FOREST,WATER,1
spectral,temporal_holdout_2023pre,ZONE_1_KAKHOVKA_LOWER_DNIPRO,FOREST,CROPLAND,1184
spectral,temporal_holdout_2023pre,ZONE_1_KAKHOVKA_LOWER_DNIPRO,FOREST,GRASS_LOW_VEGETATION,463
spectral,temporal_holdout_2023pre,ZONE_1_KAKHOVKA_LOWER_DNIPRO,FOREST,FOREST,2859
spectral,temporal_holdout_2023pre,ZONE_1_KAKHOVKA_LOWER_DNIPRO,FOREST,WETLAND_REED,4610
spectral,temporal_holdout_2023pre,ZONE_1_KAKHOVKA_LOWER_DNIPRO,FOREST,BUILT_UP,1378
spectral,temporal_holdout_2023pre,ZONE_1_KAKHOVKA_LOWER_DNIPRO,FOREST,BARE_SAND,5
spectral,temporal_holdout_2023pre,ZONE_1_KAKHOVKA_LOWER_DNIPRO,WETLAND_REED,WATER,896
spectral,temporal_holdout_2023pre,ZONE_1_KAKHOVKA_LOWER_DNIPRO,WETLAND_REED,CROPLAND,299
spectral,temporal_holdout_2023pre,ZONE_1_KAKHOVKA_LOWER_DNIPRO,WETLAND_REED,GRASS_LOW_VEGETATION,304
spectral,temporal_holdout_2023pre,ZONE_1_KAKHOVKA_LOWER_DNIPRO,WETLAND_REED,FOREST,652
spectral,temporal_holdout_2023pre,ZONE_1_KAKHOVKA_LOWER_DNIPRO,WETLAND_REED,WETLAND_REED,4484
spectral,temporal_holdout_2023pre,ZONE_1_KAKHOVKA_LOWER_DNIPRO,WETLAND_REED,BUILT_UP,1189
spectral,temporal_holdout_2023pre,ZONE_1_KAKHOVKA_LOWER_DNIPRO,WETLAND_REED,BARE_SAND,117
spectral,temporal_holdout_2023pre,ZONE_1_KAKHOVKA_LOWER_DNIPRO,BUILT_UP,WATER,21
spectral,temporal_holdout_2023pre,ZONE_1_KAKHOVKA_LOWER_DNIPRO,BUILT_UP,CROPLAND,495
spectral,temporal_holdout_2023pre,ZONE_1_KAKHOVKA_LOWER_DNIPRO,BUILT_UP,GRASS_LOW_VEGETATION,417
spectral,temporal_holdout_2023pre,ZONE_1_KAKHOVKA_LOWER_DNIPRO,BUILT_UP,FOREST,108
spectral,temporal_holdout_2023pre,ZONE_1_KAKHOVKA_LOWER_DNIPRO,BUILT_UP,WETLAND_REED,252
spectral,temporal_holdout_2023pre,ZONE_1_KAKHOVKA_LOWER_DNIPRO,BUILT_UP,BUILT_UP,8383
spectral,temporal_holdout_2023pre,ZONE_1_KAKHOVKA_LOWER_DNIPRO,BUILT_UP,BARE_SAND,824
spectral,temporal_holdout_2023pre,ZONE_1_KAKHOVKA_LOWER_DNIPRO,BARE_SAND,WATER,81
spectral,temporal_holdout_2023pre,ZONE_1_KAKHOVKA_LOWER_DNIPRO,BARE_SAND,CROPLAND,84
spectral,temporal_holdout_2023pre,ZONE_1_KAKHOVKA_LOWER_DNIPRO,BARE_SAND,GRASS_LOW_VEGETATION,28
spectral,temporal_holdout_2023pre,ZONE_1_KAKHOVKA_LOWER_DNIPRO,BARE_SAND,FOREST,4
spectral,temporal_holdout_2023pre,ZONE_1_KAKHOVKA_LOWER_DNIPRO,BARE_SAND,WETLAND_REED,16
spectral,temporal_holdout_2023pre,ZONE_1_KAKHOVKA_LOWER_DNIPRO,BARE_SAND,BUILT_UP,681
spectral,temporal_holdout_2023pre,ZONE_1_KAKHOVKA_LOWER_DNIPRO,BARE_SAND,BARE_SAND,6614
spectral,temporal_holdout_2023pre,ZONE_2_KHERSON_DELTA,WATER,WATER,4488
spectral,temporal_holdout_2023pre,ZONE_2_KHERSON_DELTA,WATER,CROPLAND,0
spectral,temporal_holdout_2023pre,ZONE_2_KHERSON_DELTA,WATER,GRASS_LOW_VEGETATION,2
spectral,temporal_holdout_2023pre,ZONE_2_KHERSON_DELTA,WATER,FOREST,0
spectral,temporal_holdout_2023pre,ZONE_2_KHERSON_DELTA,WATER,WETLAND_REED,8
spectral,temporal_holdout_2023pre,ZONE_2_KHERSON_DELTA,WATER,BUILT_UP,0
spectral,temporal_holdout_2023pre,ZONE_2_KHERSON_DELTA,WATER,BARE_SAND,2
spectral,temporal_holdout_2023pre,ZONE_2_KHERSON_DELTA,CROPLAND,WATER,0
spectral,temporal_holdout_2023pre,ZONE_2_KHERSON_DELTA,CROPLAND,CROPLAND,1870
spectral,temporal_holdout_2023pre,ZONE_2_KHERSON_DELTA,CROPLAND,GRASS_LOW_VEGETATION,1600
spectral,temporal_holdout_2023pre,ZONE_2_KHERSON_DELTA,CROPLAND,FOREST,552
spectral,temporal_holdout_2023pre,ZONE_2_KHERSON_DELTA,CROPLAND,WETLAND_REED,227
spectral,temporal_holdout_2023pre,ZONE_2_KHERSON_DELTA,CROPLAND,BUILT_UP,242
spectral,temporal_holdout_2023pre,ZONE_2_KHERSON_DELTA,CROPLAND,BARE_SAND,9
spectral,temporal_holdout_2023pre,ZONE_2_KHERSON_DELTA,GRASS_LOW_VEGETATION,WATER,0
spectral,temporal_holdout_2023pre,ZONE_2_KHERSON_DELTA,GRASS_LOW_VEGETATION,CROPLAND,265
spectral,temporal_holdout_2023pre,ZONE_2_KHERSON_DELTA,GRASS_LOW_VEGETATION,GRASS_LOW_VEGETATION,3028
spectral,temporal_holdout_2023pre,ZONE_2_KHERSON_DELTA,GRASS_LOW_VEGETATION,FOREST,208
spectral,temporal_holdout_2023pre,ZONE_2_KHERSON_DELTA,GRASS_LOW_VEGETATION,WETLAND_REED,199
spectral,temporal_holdout_2023pre,ZONE_2_KHERSON_DELTA,GRASS_LOW_VEGETATION,BUILT_UP,749
spectral,temporal_holdout_2023pre,ZONE_2_KHERSON_DELTA,GRASS_LOW_VEGETATION,BARE_SAND,51
spectral,temporal_holdout_2023pre,ZONE_2_KHERSON_DELTA,FOREST,WATER,1
spectral,temporal_holdout_2023pre,ZONE_2_KHERSON_DELTA,FOREST,CROPLAND,127
spectral,temporal_holdout_2023pre,ZONE_2_KHERSON_DELTA,FOREST,GRASS_LOW_VEGETATION,157
spectral,temporal_holdout_2023pre,ZONE_2_KHERSON_DELTA,FOREST,FOREST,3236
spectral,temporal_holdout_2023pre,ZONE_2_KHERSON_DELTA,FOREST,WETLAND_REED,734
spectral,temporal_holdout_2023pre,ZONE_2_KHERSON_DELTA,FOREST,BUILT_UP,234
spectral,temporal_holdout_2023pre,ZONE_2_KHERSON_DELTA,FOREST,BARE_SAND,11
spectral,temporal_holdout_2023pre,ZONE_2_KHERSON_DELTA,WETLAND_REED,WATER,49
spectral,temporal_holdout_2023pre,ZONE_2_KHERSON_DELTA,WETLAND_REED,CROPLAND,175
spectral,temporal_holdout_2023pre,ZONE_2_KHERSON_DELTA,WETLAND_REED,GRASS_LOW_VEGETATION,172
spectral,temporal_holdout_2023pre,ZONE_2_KHERSON_DELTA,WETLAND_REED,FOREST,206
spectral,temporal_holdout_2023pre,ZONE_2_KHERSON_DELTA,WETLAND_REED,WETLAND_REED,3791
spectral,temporal_holdout_2023pre,ZONE_2_KHERSON_DELTA,WETLAND_REED,BUILT_UP,89
spectral,temporal_holdout_2023pre,ZONE_2_KHERSON_DELTA,WETLAND_REED,BARE_SAND,18
spectral,temporal_holdout_2023pre,ZONE_2_KHERSON_DELTA,BUILT_UP,WATER,9
spectral,temporal_holdout_2023pre,ZONE_2_KHERSON_DELTA,BUILT_UP,CROPLAND,255
spectral,temporal_holdout_2023pre,ZONE_2_KHERSON_DELTA,BUILT_UP,GRASS_LOW_VEGETATION,185
spectral,temporal_holdout_2023pre,ZONE_2_KHERSON_DELTA,BUILT_UP,FOREST,223
spectral,temporal_holdout_2023pre,ZONE_2_KHERSON_DELTA,BUILT_UP,WETLAND_REED,411
spectral,temporal_holdout_2023pre,ZONE_2_KHERSON_DELTA,BUILT_UP,BUILT_UP,2975
spectral,temporal_holdout_2023pre,ZONE_2_KHERSON_DELTA,BUILT_UP,BARE_SAND,442
spectral,temporal_holdout_2023pre,ZONE_2_KHERSON_DELTA,BARE_SAND,WATER,0
spectral,temporal_holdout_2023pre,ZONE_2_KHERSON_DELTA,BARE_SAND,CROPLAND,34
spectral,temporal_holdout_2023pre,ZONE_2_KHERSON_DELTA,BARE_SAND,GRASS_LOW_VEGETATION,56
spectral,temporal_holdout_2023pre,ZONE_2_KHERSON_DELTA,BARE_SAND,FOREST,0
spectral,temporal_holdout_2023pre,ZONE_2_KHERSON_DELTA,BARE_SAND,WETLAND_REED,84
spectral,temporal_holdout_2023pre,ZONE_2_KHERSON_DELTA,BARE_SAND,BUILT_UP,701
spectral,temporal_holdout_2023pre,ZONE_2_KHERSON_DELTA,BARE_SAND,BARE_SAND,1061
spectral,temporal_holdout_2023pre,ZONE_3_DNIPRO_BUG_ESTUARY,WATER,WATER,5986
spectral,temporal_holdout_2023pre,ZONE_3_DNIPRO_BUG_ESTUARY,WATER,CROPLAND,0
spectral,temporal_holdout_2023pre,ZONE_3_DNIPRO_BUG_ESTUARY,WATER,GRASS_LOW_VEGETATION,0
spectral,temporal_holdout_2023pre,ZONE_3_DNIPRO_BUG_ESTUARY,WATER,FOREST,0
spectral,temporal_holdout_2023pre,ZONE_3_DNIPRO_BUG_ESTUARY,WATER,WETLAND_REED,9
spectral,temporal_holdout_2023pre,ZONE_3_DNIPRO_BUG_ESTUARY,WATER,BUILT_UP,0
spectral,temporal_holdout_2023pre,ZONE_3_DNIPRO_BUG_ESTUARY,WATER,BARE_SAND,5
spectral,temporal_holdout_2023pre,ZONE_3_DNIPRO_BUG_ESTUARY,CROPLAND,WATER,4
spectral,temporal_holdout_2023pre,ZONE_3_DNIPRO_BUG_ESTUARY,CROPLAND,CROPLAND,2829
spectral,temporal_holdout_2023pre,ZONE_3_DNIPRO_BUG_ESTUARY,CROPLAND,GRASS_LOW_VEGETATION,1658
spectral,temporal_holdout_2023pre,ZONE_3_DNIPRO_BUG_ESTUARY,CROPLAND,FOREST,679
spectral,temporal_holdout_2023pre,ZONE_3_DNIPRO_BUG_ESTUARY,CROPLAND,WETLAND_REED,237
spectral,temporal_holdout_2023pre,ZONE_3_DNIPRO_BUG_ESTUARY,CROPLAND,BUILT_UP,556
spectral,temporal_holdout_2023pre,ZONE_3_DNIPRO_BUG_ESTUARY,CROPLAND,BARE_SAND,37
spectral,temporal_holdout_2023pre,ZONE_3_DNIPRO_BUG_ESTUARY,GRASS_LOW_VEGETATION,WATER,1
spectral,temporal_holdout_2023pre,ZONE_3_DNIPRO_BUG_ESTUARY,GRASS_LOW_VEGETATION,CROPLAND,740
spectral,temporal_holdout_2023pre,ZONE_3_DNIPRO_BUG_ESTUARY,GRASS_LOW_VEGETATION,GRASS_LOW_VEGETATION,4499
spectral,temporal_holdout_2023pre,ZONE_3_DNIPRO_BUG_ESTUARY,GRASS_LOW_VEGETATION,FOREST,152
spectral,temporal_holdout_2023pre,ZONE_3_DNIPRO_BUG_ESTUARY,GRASS_LOW_VEGETATION,WETLAND_REED,124
spectral,temporal_holdout_2023pre,ZONE_3_DNIPRO_BUG_ESTUARY,GRASS_LOW_VEGETATION,BUILT_UP,456
spectral,temporal_holdout_2023pre,ZONE_3_DNIPRO_BUG_ESTUARY,GRASS_LOW_VEGETATION,BARE_SAND,28
spectral,temporal_holdout_2023pre,ZONE_3_DNIPRO_BUG_ESTUARY,FOREST,WATER,0
spectral,temporal_holdout_2023pre,ZONE_3_DNIPRO_BUG_ESTUARY,FOREST,CROPLAND,701
spectral,temporal_holdout_2023pre,ZONE_3_DNIPRO_BUG_ESTUARY,FOREST,GRASS_LOW_VEGETATION,461
spectral,temporal_holdout_2023pre,ZONE_3_DNIPRO_BUG_ESTUARY,FOREST,FOREST,3602
spectral,temporal_holdout_2023pre,ZONE_3_DNIPRO_BUG_ESTUARY,FOREST,WETLAND_REED,507
spectral,temporal_holdout_2023pre,ZONE_3_DNIPRO_BUG_ESTUARY,FOREST,BUILT_UP,702
spectral,temporal_holdout_2023pre,ZONE_3_DNIPRO_BUG_ESTUARY,FOREST,BARE_SAND,27
spectral,temporal_holdout_2023pre,ZONE_3_DNIPRO_BUG_ESTUARY,WETLAND_REED,WATER,90
spectral,temporal_holdout_2023pre,ZONE_3_DNIPRO_BUG_ESTUARY,WETLAND_REED,CROPLAND,1012
spectral,temporal_holdout_2023pre,ZONE_3_DNIPRO_BUG_ESTUARY,WETLAND_REED,GRASS_LOW_VEGETATION,841
spectral,temporal_holdout_2023pre,ZONE_3_DNIPRO_BUG_ESTUARY,WETLAND_REED,FOREST,476
spectral,temporal_holdout_2023pre,ZONE_3_DNIPRO_BUG_ESTUARY,WETLAND_REED,WETLAND_REED,2386
spectral,temporal_holdout_2023pre,ZONE_3_DNIPRO_BUG_ESTUARY,WETLAND_REED,BUILT_UP,1054
spectral,temporal_holdout_2023pre,ZONE_3_DNIPRO_BUG_ESTUARY,WETLAND_REED,BARE_SAND,141
spectral,temporal_holdout_2023pre,ZONE_3_DNIPRO_BUG_ESTUARY,BUILT_UP,WATER,3
spectral,temporal_holdout_2023pre,ZONE_3_DNIPRO_BUG_ESTUARY,BUILT_UP,CROPLAND,359
spectral,temporal_holdout_2023pre,ZONE_3_DNIPRO_BUG_ESTUARY,BUILT_UP,GRASS_LOW_VEGETATION,256
spectral,temporal_holdout_2023pre,ZONE_3_DNIPRO_BUG_ESTUARY,BUILT_UP,FOREST,151
spectral,temporal_holdout_2023pre,ZONE_3_DNIPRO_BUG_ESTUARY,BUILT_UP,WETLAND_REED,282
spectral,temporal_holdout_2023pre,ZONE_3_DNIPRO_BUG_ESTUARY,BUILT_UP,BUILT_UP,4212
spectral,temporal_holdout_2023pre,ZONE_3_DNIPRO_BUG_ESTUARY,BUILT_UP,BARE_SAND,737
spectral,temporal_holdout_2023pre,ZONE_3_DNIPRO_BUG_ESTUARY,BARE_SAND,WATER,3
spectral,temporal_holdout_2023pre,ZONE_3_DNIPRO_BUG_ESTUARY,BARE_SAND,CROPLAND,97
spectral,temporal_holdout_2023pre,ZONE_3_DNIPRO_BUG_ESTUARY,BARE_SAND,GRASS_LOW_VEGETATION,35
spectral,temporal_holdout_2023pre,ZONE_3_DNIPRO_BUG_ESTUARY,BARE_SAND,FOREST,0
spectral,temporal_holdout_2023pre,ZONE_3_DNIPRO_BUG_ESTUARY,BARE_SAND,WETLAND_REED,63
spectral,temporal_holdout_2023pre,ZONE_3_DNIPRO_BUG_ESTUARY,BARE_SAND,BUILT_UP,446
spectral,temporal_holdout_2023pre,ZONE_3_DNIPRO_BUG_ESTUARY,BARE_SAND,BARE_SAND,5339
spectral+doy,spatial_block_cv_5fold,ALL,WATER,WATER,150711
spectral+doy,spatial_block_cv_5fold,ALL,WATER,CROPLAND,6
spectral+doy,spatial_block_cv_5fold,ALL,WATER,GRASS_LOW_VEGETATION,1
spectral+doy,spatial_block_cv_5fold,ALL,WATER,FOREST,4
spectral+doy,spatial_block_cv_5fold,ALL,WATER,WETLAND_REED,537
spectral+doy,spatial_block_cv_5fold,ALL,WATER,BUILT_UP,24
spectral+doy,spatial_block_cv_5fold,ALL,WATER,BARE_SAND,220
spectral+doy,spatial_block_cv_5fold,ALL,CROPLAND,WATER,8
spectral+doy,spatial_block_cv_5fold,ALL,CROPLAND,CROPLAND,97902
spectral+doy,spatial_block_cv_5fold,ALL,CROPLAND,GRASS_LOW_VEGETATION,26909
spectral+doy,spatial_block_cv_5fold,ALL,CROPLAND,FOREST,9833
spectral+doy,spatial_block_cv_5fold,ALL,CROPLAND,WETLAND_REED,6687
spectral+doy,spatial_block_cv_5fold,ALL,CROPLAND,BUILT_UP,10542
spectral+doy,spatial_block_cv_5fold,ALL,CROPLAND,BARE_SAND,1119
spectral+doy,spatial_block_cv_5fold,ALL,GRASS_LOW_VEGETATION,WATER,53
spectral+doy,spatial_block_cv_5fold,ALL,GRASS_LOW_VEGETATION,CROPLAND,16673
spectral+doy,spatial_block_cv_5fold,ALL,GRASS_LOW_VEGETATION,GRASS_LOW_VEGETATION,110543
spectral+doy,spatial_block_cv_5fold,ALL,GRASS_LOW_VEGETATION,FOREST,8453
spectral+doy,spatial_block_cv_5fold,ALL,GRASS_LOW_VEGETATION,WETLAND_REED,6098
spectral+doy,spatial_block_cv_5fold,ALL,GRASS_LOW_VEGETATION,BUILT_UP,9928
spectral+doy,spatial_block_cv_5fold,ALL,GRASS_LOW_VEGETATION,BARE_SAND,1252
spectral+doy,spatial_block_cv_5fold,ALL,FOREST,WATER,12
spectral+doy,spatial_block_cv_5fold,ALL,FOREST,CROPLAND,4941
spectral+doy,spatial_block_cv_5fold,ALL,FOREST,GRASS_LOW_VEGETATION,11519
spectral+doy,spatial_block_cv_5fold,ALL,FOREST,FOREST,112936
spectral+doy,spatial_block_cv_5fold,ALL,FOREST,WETLAND_REED,14070
spectral+doy,spatial_block_cv_5fold,ALL,FOREST,BUILT_UP,9315
spectral+doy,spatial_block_cv_5fold,ALL,FOREST,BARE_SAND,207
spectral+doy,spatial_block_cv_5fold,ALL,WETLAND_REED,WATER,3859
spectral+doy,spatial_block_cv_5fold,ALL,WETLAND_REED,CROPLAND,5904
spectral+doy,spatial_block_cv_5fold,ALL,WETLAND_REED,GRASS_LOW_VEGETATION,10463
spectral+doy,spatial_block_cv_5fold,ALL,WETLAND_REED,FOREST,15764
spectral+doy,spatial_block_cv_5fold,ALL,WETLAND_REED,WETLAND_REED,100190
spectral+doy,spatial_block_cv_5fold,ALL,WETLAND_REED,BUILT_UP,12030
spectral+doy,spatial_block_cv_5fold,ALL,WETLAND_REED,BARE_SAND,2231
spectral+doy,spatial_block_cv_5fold,ALL,BUILT_UP,WATER,234
spectral+doy,spatial_block_cv_5fold,ALL,BUILT_UP,CROPLAND,6244
spectral+doy,spatial_block_cv_5fold,ALL,BUILT_UP,GRASS_LOW_VEGETATION,8697
spectral+doy,spatial_block_cv_5fold,ALL,BUILT_UP,FOREST,5645
spectral+doy,spatial_block_cv_5fold,ALL,BUILT_UP,WETLAND_REED,6857
spectral+doy,spatial_block_cv_5fold,ALL,BUILT_UP,BUILT_UP,107358
spectral+doy,spatial_block_cv_5fold,ALL,BUILT_UP,BARE_SAND,16699
spectral+doy,spatial_block_cv_5fold,ALL,BARE_SAND,WATER,492
spectral+doy,spatial_block_cv_5fold,ALL,BARE_SAND,CROPLAND,1072
spectral+doy,spatial_block_cv_5fold,ALL,BARE_SAND,GRASS_LOW_VEGETATION,557
spectral+doy,spatial_block_cv_5fold,ALL,BARE_SAND,FOREST,26
spectral+doy,spatial_block_cv_5fold,ALL,BARE_SAND,WETLAND_REED,485
spectral+doy,spatial_block_cv_5fold,ALL,BARE_SAND,BUILT_UP,12339
spectral+doy,spatial_block_cv_5fold,ALL,BARE_SAND,BARE_SAND,122126
spectral+doy,spatial_block_cv_5fold,ZONE_1_KAKHOVKA_LOWER_DNIPRO,WATER,WATER,99962
spectral+doy,spatial_block_cv_5fold,ZONE_1_KAKHOVKA_LOWER_DNIPRO,WATER,CROPLAND,0
spectral+doy,spatial_block_cv_5fold,ZONE_1_KAKHOVKA_LOWER_DNIPRO,WATER,GRASS_LOW_VEGETATION,0
spectral+doy,spatial_block_cv_5fold,ZONE_1_KAKHOVKA_LOWER_DNIPRO,WATER,FOREST,1
spectral+doy,spatial_block_cv_5fold,ZONE_1_KAKHOVKA_LOWER_DNIPRO,WATER,WETLAND_REED,377
spectral+doy,spatial_block_cv_5fold,ZONE_1_KAKHOVKA_LOWER_DNIPRO,WATER,BUILT_UP,14
spectral+doy,spatial_block_cv_5fold,ZONE_1_KAKHOVKA_LOWER_DNIPRO,WATER,BARE_SAND,149
spectral+doy,spatial_block_cv_5fold,ZONE_1_KAKHOVKA_LOWER_DNIPRO,CROPLAND,WATER,3
spectral+doy,spatial_block_cv_5fold,ZONE_1_KAKHOVKA_LOWER_DNIPRO,CROPLAND,CROPLAND,67290
spectral+doy,spatial_block_cv_5fold,ZONE_1_KAKHOVKA_LOWER_DNIPRO,CROPLAND,GRASS_LOW_VEGETATION,15791
spectral+doy,spatial_block_cv_5fold,ZONE_1_KAKHOVKA_LOWER_DNIPRO,CROPLAND,FOREST,6668
spectral+doy,spatial_block_cv_5fold,ZONE_1_KAKHOVKA_LOWER_DNIPRO,CROPLAND,WETLAND_REED,4727
spectral+doy,spatial_block_cv_5fold,ZONE_1_KAKHOVKA_LOWER_DNIPRO,CROPLAND,BUILT_UP,6885
spectral+doy,spatial_block_cv_5fold,ZONE_1_KAKHOVKA_LOWER_DNIPRO,CROPLAND,BARE_SAND,636
spectral+doy,spatial_block_cv_5fold,ZONE_1_KAKHOVKA_LOWER_DNIPRO,GRASS_LOW_VEGETATION,WATER,9
spectral+doy,spatial_block_cv_5fold,ZONE_1_KAKHOVKA_LOWER_DNIPRO,GRASS_LOW_VEGETATION,CROPLAND,11020
spectral+doy,spatial_block_cv_5fold,ZONE_1_KAKHOVKA_LOWER_DNIPRO,GRASS_LOW_VEGETATION,GRASS_LOW_VEGETATION,72143
spectral+doy,spatial_block_cv_5fold,ZONE_1_KAKHOVKA_LOWER_DNIPRO,GRASS_LOW_VEGETATION,FOREST,6618
spectral+doy,spatial_block_cv_5fold,ZONE_1_KAKHOVKA_LOWER_DNIPRO,GRASS_LOW_VEGETATION,WETLAND_REED,4785
spectral+doy,spatial_block_cv_5fold,ZONE_1_KAKHOVKA_LOWER_DNIPRO,GRASS_LOW_VEGETATION,BUILT_UP,6852
spectral+doy,spatial_block_cv_5fold,ZONE_1_KAKHOVKA_LOWER_DNIPRO,GRASS_LOW_VEGETATION,BARE_SAND,573
spectral+doy,spatial_block_cv_5fold,ZONE_1_KAKHOVKA_LOWER_DNIPRO,FOREST,WATER,7
spectral+doy,spatial_block_cv_5fold,ZONE_1_KAKHOVKA_LOWER_DNIPRO,FOREST,CROPLAND,2626
spectral+doy,spatial_block_cv_5fold,ZONE_1_KAKHOVKA_LOWER_DNIPRO,FOREST,GRASS_LOW_VEGETATION,8130
spectral+doy,spatial_block_cv_5fold,ZONE_1_KAKHOVKA_LOWER_DNIPRO,FOREST,FOREST,74468
spectral+doy,spatial_block_cv_5fold,ZONE_1_KAKHOVKA_LOWER_DNIPRO,FOREST,WETLAND_REED,10909
spectral+doy,spatial_block_cv_5fold,ZONE_1_KAKHOVKA_LOWER_DNIPRO,FOREST,BUILT_UP,5759
spectral+doy,spatial_block_cv_5fold,ZONE_1_KAKHOVKA_LOWER_DNIPRO,FOREST,BARE_SAND,101
spectral+doy,spatial_block_cv_5fold,ZONE_1_KAKHOVKA_LOWER_DNIPRO,WETLAND_REED,WATER,3490
spectral+doy,spatial_block_cv_5fold,ZONE_1_KAKHOVKA_LOWER_DNIPRO,WETLAND_REED,CROPLAND,3212
spectral+doy,spatial_block_cv_5fold,ZONE_1_KAKHOVKA_LOWER_DNIPRO,WETLAND_REED,GRASS_LOW_VEGETATION,5514
spectral+doy,spatial_block_cv_5fold,ZONE_1_KAKHOVKA_LOWER_DNIPRO,WETLAND_REED,FOREST,10839
spectral+doy,spatial_block_cv_5fold,ZONE_1_KAKHOVKA_LOWER_DNIPRO,WETLAND_REED,WETLAND_REED,66803
spectral+doy,spatial_block_cv_5fold,ZONE_1_KAKHOVKA_LOWER_DNIPRO,WETLAND_REED,BUILT_UP,7749
spectral+doy,spatial_block_cv_5fold,ZONE_1_KAKHOVKA_LOWER_DNIPRO,WETLAND_REED,BARE_SAND,1834
spectral+doy,spatial_block_cv_5fold,ZONE_1_KAKHOVKA_LOWER_DNIPRO,BUILT_UP,WATER,168
spectral+doy,spatial_block_cv_5fold,ZONE_1_KAKHOVKA_LOWER_DNIPRO,BUILT_UP,CROPLAND,3610
spectral+doy,spatial_block_cv_5fold,ZONE_1_KAKHOVKA_LOWER_DNIPRO,BUILT_UP,GRASS_LOW_VEGETATION,5721
spectral+doy,spatial_block_cv_5fold,ZONE_1_KAKHOVKA_LOWER_DNIPRO,BUILT_UP,FOREST,3904
spectral+doy,spatial_block_cv_5fold,ZONE_1_KAKHOVKA_LOWER_DNIPRO,BUILT_UP,WETLAND_REED,4677
spectral+doy,spatial_block_cv_5fold,ZONE_1_KAKHOVKA_LOWER_DNIPRO,BUILT_UP,BUILT_UP,72015
spectral+doy,spatial_block_cv_5fold,ZONE_1_KAKHOVKA_LOWER_DNIPRO,BUILT_UP,BARE_SAND,11905
spectral+doy,spatial_block_cv_5fold,ZONE_1_KAKHOVKA_LOWER_DNIPRO,BARE_SAND,WATER,473
spectral+doy,spatial_block_cv_5fold,ZONE_1_KAKHOVKA_LOWER_DNIPRO,BARE_SAND,CROPLAND,769
spectral+doy,spatial_block_cv_5fold,ZONE_1_KAKHOVKA_LOWER_DNIPRO,BARE_SAND,GRASS_LOW_VEGETATION,255
spectral+doy,spatial_block_cv_5fold,ZONE_1_KAKHOVKA_LOWER_DNIPRO,BARE_SAND,FOREST,8
spectral+doy,spatial_block_cv_5fold,ZONE_1_KAKHOVKA_LOWER_DNIPRO,BARE_SAND,WETLAND_REED,307
spectral+doy,spatial_block_cv_5fold,ZONE_1_KAKHOVKA_LOWER_DNIPRO,BARE_SAND,BUILT_UP,7638
spectral+doy,spatial_block_cv_5fold,ZONE_1_KAKHOVKA_LOWER_DNIPRO,BARE_SAND,BARE_SAND,86306
spectral+doy,spatial_block_cv_5fold,ZONE_2_KHERSON_DELTA,WATER,WATER,16395
spectral+doy,spatial_block_cv_5fold,ZONE_2_KHERSON_DELTA,WATER,CROPLAND,0
spectral+doy,spatial_block_cv_5fold,ZONE_2_KHERSON_DELTA,WATER,GRASS_LOW_VEGETATION,0
spectral+doy,spatial_block_cv_5fold,ZONE_2_KHERSON_DELTA,WATER,FOREST,0
spectral+doy,spatial_block_cv_5fold,ZONE_2_KHERSON_DELTA,WATER,WETLAND_REED,67
spectral+doy,spatial_block_cv_5fold,ZONE_2_KHERSON_DELTA,WATER,BUILT_UP,4
spectral+doy,spatial_block_cv_5fold,ZONE_2_KHERSON_DELTA,WATER,BARE_SAND,34
spectral+doy,spatial_block_cv_5fold,ZONE_2_KHERSON_DELTA,CROPLAND,WATER,0
spectral+doy,spatial_block_cv_5fold,ZONE_2_KHERSON_DELTA,CROPLAND,CROPLAND,9025
spectral+doy,spatial_block_cv_5fold,ZONE_2_KHERSON_DELTA,CROPLAND,GRASS_LOW_VEGETATION,4641
spectral+doy,spatial_block_cv_5fold,ZONE_2_KHERSON_DELTA,CROPLAND,FOREST,1231
spectral+doy,spatial_block_cv_5fold,ZONE_2_KHERSON_DELTA,CROPLAND,WETLAND_REED,699
spectral+doy,spatial_block_cv_5fold,ZONE_2_KHERSON_DELTA,CROPLAND,BUILT_UP,877
spectral+doy,spatial_block_cv_5fold,ZONE_2_KHERSON_DELTA,CROPLAND,BARE_SAND,27
spectral+doy,spatial_block_cv_5fold,ZONE_2_KHERSON_DELTA,GRASS_LOW_VEGETATION,WATER,1
spectral+doy,spatial_block_cv_5fold,ZONE_2_KHERSON_DELTA,GRASS_LOW_VEGETATION,CROPLAND,1848
spectral+doy,spatial_block_cv_5fold,ZONE_2_KHERSON_DELTA,GRASS_LOW_VEGETATION,GRASS_LOW_VEGETATION,12705
spectral+doy,spatial_block_cv_5fold,ZONE_2_KHERSON_DELTA,GRASS_LOW_VEGETATION,FOREST,560
spectral+doy,spatial_block_cv_5fold,ZONE_2_KHERSON_DELTA,GRASS_LOW_VEGETATION,WETLAND_REED,245
spectral+doy,spatial_block_cv_5fold,ZONE_2_KHERSON_DELTA,GRASS_LOW_VEGETATION,BUILT_UP,871
spectral+doy,spatial_block_cv_5fold,ZONE_2_KHERSON_DELTA,GRASS_LOW_VEGETATION,BARE_SAND,270
spectral+doy,spatial_block_cv_5fold,ZONE_2_KHERSON_DELTA,FOREST,WATER,1
spectral+doy,spatial_block_cv_5fold,ZONE_2_KHERSON_DELTA,FOREST,CROPLAND,750
spectral+doy,spatial_block_cv_5fold,ZONE_2_KHERSON_DELTA,FOREST,GRASS_LOW_VEGETATION,595
spectral+doy,spatial_block_cv_5fold,ZONE_2_KHERSON_DELTA,FOREST,FOREST,13530
spectral+doy,spatial_block_cv_5fold,ZONE_2_KHERSON_DELTA,FOREST,WETLAND_REED,744
spectral+doy,spatial_block_cv_5fold,ZONE_2_KHERSON_DELTA,FOREST,BUILT_UP,855
spectral+doy,spatial_block_cv_5fold,ZONE_2_KHERSON_DELTA,FOREST,BARE_SAND,25
spectral+doy,spatial_block_cv_5fold,ZONE_2_KHERSON_DELTA,WETLAND_REED,WATER,104
spectral+doy,spatial_block_cv_5fold,ZONE_2_KHERSON_DELTA,WETLAND_REED,CROPLAND,418
spectral+doy,spatial_block_cv_5fold,ZONE_2_KHERSON_DELTA,WETLAND_REED,GRASS_LOW_VEGETATION,472
spectral+doy,spatial_block_cv_5fold,ZONE_2_KHERSON_DELTA,WETLAND_REED,FOREST,1225
spectral+doy,spatial_block_cv_5fold,ZONE_2_KHERSON_DELTA,WETLAND_REED,WETLAND_REED,13971
spectral+doy,spatial_block_cv_5fold,ZONE_2_KHERSON_DELTA,WETLAND_REED,BUILT_UP,265
spectral+doy,spatial_block_cv_5fold,ZONE_2_KHERSON_DELTA,WETLAND_REED,BARE_SAND,45
spectral+doy,spatial_block_cv_5fold,ZONE_2_KHERSON_DELTA,BUILT_UP,WATER,22
spectral+doy,spatial_block_cv_5fold,ZONE_2_KHERSON_DELTA,BUILT_UP,CROPLAND,1118
spectral+doy,spatial_block_cv_5fold,ZONE_2_KHERSON_DELTA,BUILT_UP,GRASS_LOW_VEGETATION,954
spectral+doy,spatial_block_cv_5fold,ZONE_2_KHERSON_DELTA,BUILT_UP,FOREST,882
spectral+doy,spatial_block_cv_5fold,ZONE_2_KHERSON_DELTA,BUILT_UP,WETLAND_REED,858
spectral+doy,spatial_block_cv_5fold,ZONE_2_KHERSON_DELTA,BUILT_UP,BUILT_UP,11120
spectral+doy,spatial_block_cv_5fold,ZONE_2_KHERSON_DELTA,BUILT_UP,BARE_SAND,1546
spectral+doy,spatial_block_cv_5fold,ZONE_2_KHERSON_DELTA,BARE_SAND,WATER,7
spectral+doy,spatial_block_cv_5fold,ZONE_2_KHERSON_DELTA,BARE_SAND,CROPLAND,110
spectral+doy,spatial_block_cv_5fold,ZONE_2_KHERSON_DELTA,BARE_SAND,GRASS_LOW_VEGETATION,149
spectral+doy,spatial_block_cv_5fold,ZONE_2_KHERSON_DELTA,BARE_SAND,FOREST,14
spectral+doy,spatial_block_cv_5fold,ZONE_2_KHERSON_DELTA,BARE_SAND,WETLAND_REED,87
spectral+doy,spatial_block_cv_5fold,ZONE_2_KHERSON_DELTA,BARE_SAND,BUILT_UP,1466
spectral+doy,spatial_block_cv_5fold,ZONE_2_KHERSON_DELTA,BARE_SAND,BARE_SAND,7327
spectral+doy,spatial_block_cv_5fold,ZONE_3_DNIPRO_BUG_ESTUARY,WATER,WATER,26916
spectral+doy,spatial_block_cv_5fold,ZONE_3_DNIPRO_BUG_ESTUARY,WATER,CROPLAND,6
spectral+doy,spatial_block_cv_5fold,ZONE_3_DNIPRO_BUG_ESTUARY,WATER,GRASS_LOW_VEGETATION,1
spectral+doy,spatial_block_cv_5fold,ZONE_3_DNIPRO_BUG_ESTUARY,WATER,FOREST,3
spectral+doy,spatial_block_cv_5fold,ZONE_3_DNIPRO_BUG_ESTUARY,WATER,WETLAND_REED,39
spectral+doy,spatial_block_cv_5fold,ZONE_3_DNIPRO_BUG_ESTUARY,WATER,BUILT_UP,5
spectral+doy,spatial_block_cv_5fold,ZONE_3_DNIPRO_BUG_ESTUARY,WATER,BARE_SAND,30
spectral+doy,spatial_block_cv_5fold,ZONE_3_DNIPRO_BUG_ESTUARY,CROPLAND,WATER,4
spectral+doy,spatial_block_cv_5fold,ZONE_3_DNIPRO_BUG_ESTUARY,CROPLAND,CROPLAND,16746
spectral+doy,spatial_block_cv_5fold,ZONE_3_DNIPRO_BUG_ESTUARY,CROPLAND,GRASS_LOW_VEGETATION,5391
spectral+doy,spatial_block_cv_5fold,ZONE_3_DNIPRO_BUG_ESTUARY,CROPLAND,FOREST,1725
spectral+doy,spatial_block_cv_5fold,ZONE_3_DNIPRO_BUG_ESTUARY,CROPLAND,WETLAND_REED,861
spectral+doy,spatial_block_cv_5fold,ZONE_3_DNIPRO_BUG_ESTUARY,CROPLAND,BUILT_UP,1866
spectral+doy,spatial_block_cv_5fold,ZONE_3_DNIPRO_BUG_ESTUARY,CROPLAND,BARE_SAND,407
spectral+doy,spatial_block_cv_5fold,ZONE_3_DNIPRO_BUG_ESTUARY,GRASS_LOW_VEGETATION,WATER,42
spectral+doy,spatial_block_cv_5fold,ZONE_3_DNIPRO_BUG_ESTUARY,GRASS_LOW_VEGETATION,CROPLAND,2818
spectral+doy,spatial_block_cv_5fold,ZONE_3_DNIPRO_BUG_ESTUARY,GRASS_LOW_VEGETATION,GRASS_LOW_VEGETATION,20229
spectral+doy,spatial_block_cv_5fold,ZONE_3_DNIPRO_BUG_ESTUARY,GRASS_LOW_VEGETATION,FOREST,1070
spectral+doy,spatial_block_cv_5fold,ZONE_3_DNIPRO_BUG_ESTUARY,GRASS_LOW_VEGETATION,WETLAND_REED,903
spectral+doy,spatial_block_cv_5fold,ZONE_3_DNIPRO_BUG_ESTUARY,GRASS_LOW_VEGETATION,BUILT_UP,1741
spectral+doy,spatial_block_cv_5fold,ZONE_3_DNIPRO_BUG_ESTUARY,GRASS_LOW_VEGETATION,BARE_SAND,197
spectral+doy,spatial_block_cv_5fold,ZONE_3_DNIPRO_BUG_ESTUARY,FOREST,WATER,4
spectral+doy,spatial_block_cv_5fold,ZONE_3_DNIPRO_BUG_ESTUARY,FOREST,CROPLAND,1397
spectral+doy,spatial_block_cv_5fold,ZONE_3_DNIPRO_BUG_ESTUARY,FOREST,GRASS_LOW_VEGETATION,2361
spectral+doy,spatial_block_cv_5fold,ZONE_3_DNIPRO_BUG_ESTUARY,FOREST,FOREST,19213
spectral+doy,spatial_block_cv_5fold,ZONE_3_DNIPRO_BUG_ESTUARY,FOREST,WETLAND_REED,1710
spectral+doy,spatial_block_cv_5fold,ZONE_3_DNIPRO_BUG_ESTUARY,FOREST,BUILT_UP,2236
spectral+doy,spatial_block_cv_5fold,ZONE_3_DNIPRO_BUG_ESTUARY,FOREST,BARE_SAND,79
spectral+doy,spatial_block_cv_5fold,ZONE_3_DNIPRO_BUG_ESTUARY,WETLAND_REED,WATER,230
spectral+doy,spatial_block_cv_5fold,ZONE_3_DNIPRO_BUG_ESTUARY,WETLAND_REED,CROPLAND,2179
spectral+doy,spatial_block_cv_5fold,ZONE_3_DNIPRO_BUG_ESTUARY,WETLAND_REED,GRASS_LOW_VEGETATION,4219
spectral+doy,spatial_block_cv_5fold,ZONE_3_DNIPRO_BUG_ESTUARY,WETLAND_REED,FOREST,2929
spectral+doy,spatial_block_cv_5fold,ZONE_3_DNIPRO_BUG_ESTUARY,WETLAND_REED,WETLAND_REED,13194
spectral+doy,spatial_block_cv_5fold,ZONE_3_DNIPRO_BUG_ESTUARY,WETLAND_REED,BUILT_UP,3902
spectral+doy,spatial_block_cv_5fold,ZONE_3_DNIPRO_BUG_ESTUARY,WETLAND_REED,BARE_SAND,347
spectral+doy,spatial_block_cv_5fold,ZONE_3_DNIPRO_BUG_ESTUARY,BUILT_UP,WATER,29
spectral+doy,spatial_block_cv_5fold,ZONE_3_DNIPRO_BUG_ESTUARY,BUILT_UP,CROPLAND,1101
spectral+doy,spatial_block_cv_5fold,ZONE_3_DNIPRO_BUG_ESTUARY,BUILT_UP,GRASS_LOW_VEGETATION,1525
spectral+doy,spatial_block_cv_5fold,ZONE_3_DNIPRO_BUG_ESTUARY,BUILT_UP,FOREST,747
spectral+doy,spatial_block_cv_5fold,ZONE_3_DNIPRO_BUG_ESTUARY,BUILT_UP,WETLAND_REED,1078
spectral+doy,spatial_block_cv_5fold,ZONE_3_DNIPRO_BUG_ESTUARY,BUILT_UP,BUILT_UP,18443
spectral+doy,spatial_block_cv_5fold,ZONE_3_DNIPRO_BUG_ESTUARY,BUILT_UP,BARE_SAND,2811
spectral+doy,spatial_block_cv_5fold,ZONE_3_DNIPRO_BUG_ESTUARY,BARE_SAND,WATER,12
spectral+doy,spatial_block_cv_5fold,ZONE_3_DNIPRO_BUG_ESTUARY,BARE_SAND,CROPLAND,176
spectral+doy,spatial_block_cv_5fold,ZONE_3_DNIPRO_BUG_ESTUARY,BARE_SAND,GRASS_LOW_VEGETATION,135
spectral+doy,spatial_block_cv_5fold,ZONE_3_DNIPRO_BUG_ESTUARY,BARE_SAND,FOREST,4
spectral+doy,spatial_block_cv_5fold,ZONE_3_DNIPRO_BUG_ESTUARY,BARE_SAND,WETLAND_REED,91
spectral+doy,spatial_block_cv_5fold,ZONE_3_DNIPRO_BUG_ESTUARY,BARE_SAND,BUILT_UP,3193
spectral+doy,spatial_block_cv_5fold,ZONE_3_DNIPRO_BUG_ESTUARY,BARE_SAND,BARE_SAND,21070
spectral+doy,spatial_block_cv_5fold,ZONE_4_DAM_TO_KHERSON_FLOODWAY,WATER,WATER,7438
spectral+doy,spatial_block_cv_5fold,ZONE_4_DAM_TO_KHERSON_FLOODWAY,WATER,CROPLAND,0
spectral+doy,spatial_block_cv_5fold,ZONE_4_DAM_TO_KHERSON_FLOODWAY,WATER,GRASS_LOW_VEGETATION,0
spectral+doy,spatial_block_cv_5fold,ZONE_4_DAM_TO_KHERSON_FLOODWAY,WATER,FOREST,0
spectral+doy,spatial_block_cv_5fold,ZONE_4_DAM_TO_KHERSON_FLOODWAY,WATER,WETLAND_REED,54
spectral+doy,spatial_block_cv_5fold,ZONE_4_DAM_TO_KHERSON_FLOODWAY,WATER,BUILT_UP,1
spectral+doy,spatial_block_cv_5fold,ZONE_4_DAM_TO_KHERSON_FLOODWAY,WATER,BARE_SAND,7
spectral+doy,spatial_block_cv_5fold,ZONE_4_DAM_TO_KHERSON_FLOODWAY,CROPLAND,WATER,1
spectral+doy,spatial_block_cv_5fold,ZONE_4_DAM_TO_KHERSON_FLOODWAY,CROPLAND,CROPLAND,4841
spectral+doy,spatial_block_cv_5fold,ZONE_4_DAM_TO_KHERSON_FLOODWAY,CROPLAND,GRASS_LOW_VEGETATION,1086
spectral+doy,spatial_block_cv_5fold,ZONE_4_DAM_TO_KHERSON_FLOODWAY,CROPLAND,FOREST,209
spectral+doy,spatial_block_cv_5fold,ZONE_4_DAM_TO_KHERSON_FLOODWAY,CROPLAND,WETLAND_REED,400
spectral+doy,spatial_block_cv_5fold,ZONE_4_DAM_TO_KHERSON_FLOODWAY,CROPLAND,BUILT_UP,914
spectral+doy,spatial_block_cv_5fold,ZONE_4_DAM_TO_KHERSON_FLOODWAY,CROPLAND,BARE_SAND,49
spectral+doy,spatial_block_cv_5fold,ZONE_4_DAM_TO_KHERSON_FLOODWAY,GRASS_LOW_VEGETATION,WATER,1
spectral+doy,spatial_block_cv_5fold,ZONE_4_DAM_TO_KHERSON_FLOODWAY,GRASS_LOW_VEGETATION,CROPLAND,987
spectral+doy,spatial_block_cv_5fold,ZONE_4_DAM_TO_KHERSON_FLOODWAY,GRASS_LOW_VEGETATION,GRASS_LOW_VEGETATION,5466
spectral+doy,spatial_block_cv_5fold,ZONE_4_DAM_TO_KHERSON_FLOODWAY,GRASS_LOW_VEGETATION,FOREST,205
spectral+doy,spatial_block_cv_5fold,ZONE_4_DAM_TO_KHERSON_FLOODWAY,GRASS_LOW_VEGETATION,WETLAND_REED,165
spectral+doy,spatial_block_cv_5fold,ZONE_4_DAM_TO_KHERSON_FLOODWAY,GRASS_LOW_VEGETATION,BUILT_UP,464
spectral+doy,spatial_block_cv_5fold,ZONE_4_DAM_TO_KHERSON_FLOODWAY,GRASS_LOW_VEGETATION,BARE_SAND,212
spectral+doy,spatial_block_cv_5fold,ZONE_4_DAM_TO_KHERSON_FLOODWAY,FOREST,WATER,0
spectral+doy,spatial_block_cv_5fold,ZONE_4_DAM_TO_KHERSON_FLOODWAY,FOREST,CROPLAND,168
spectral+doy,spatial_block_cv_5fold,ZONE_4_DAM_TO_KHERSON_FLOODWAY,FOREST,GRASS_LOW_VEGETATION,433
spectral+doy,spatial_block_cv_5fold,ZONE_4_DAM_TO_KHERSON_FLOODWAY,FOREST,FOREST,5725
spectral+doy,spatial_block_cv_5fold,ZONE_4_DAM_TO_KHERSON_FLOODWAY,FOREST,WETLAND_REED,707
spectral+doy,spatial_block_cv_5fold,ZONE_4_DAM_TO_KHERSON_FLOODWAY,FOREST,BUILT_UP,465
spectral+doy,spatial_block_cv_5fold,ZONE_4_DAM_TO_KHERSON_FLOODWAY,FOREST,BARE_SAND,2
spectral+doy,spatial_block_cv_5fold,ZONE_4_DAM_TO_KHERSON_FLOODWAY,WETLAND_REED,WATER,35
spectral+doy,spatial_block_cv_5fold,ZONE_4_DAM_TO_KHERSON_FLOODWAY,WETLAND_REED,CROPLAND,95
spectral+doy,spatial_block_cv_5fold,ZONE_4_DAM_TO_KHERSON_FLOODWAY,WETLAND_REED,GRASS_LOW_VEGETATION,258
spectral+doy,spatial_block_cv_5fold,ZONE_4_DAM_TO_KHERSON_FLOODWAY,WETLAND_REED,FOREST,771
spectral+doy,spatial_block_cv_5fold,ZONE_4_DAM_TO_KHERSON_FLOODWAY,WETLAND_REED,WETLAND_REED,6222
spectral+doy,spatial_block_cv_5fold,ZONE_4_DAM_TO_KHERSON_FLOODWAY,WETLAND_REED,BUILT_UP,114
spectral+doy,spatial_block_cv_5fold,ZONE_4_DAM_TO_KHERSON_FLOODWAY,WETLAND_REED,BARE_SAND,5
spectral+doy,spatial_block_cv_5fold,ZONE_4_DAM_TO_KHERSON_FLOODWAY,BUILT_UP,WATER,15
spectral+doy,spatial_block_cv_5fold,ZONE_4_DAM_TO_KHERSON_FLOODWAY,BUILT_UP,CROPLAND,415
spectral+doy,spatial_block_cv_5fold,ZONE_4_DAM_TO_KHERSON_FLOODWAY,BUILT_UP,GRASS_LOW_VEGETATION,497
spectral+doy,spatial_block_cv_5fold,ZONE_4_DAM_TO_KHERSON_FLOODWAY,BUILT_UP,FOREST,112
spectral+doy,spatial_block_cv_5fold,ZONE_4_DAM_TO_KHERSON_FLOODWAY,BUILT_UP,WETLAND_REED,244
spectral+doy,spatial_block_cv_5fold,ZONE_4_DAM_TO_KHERSON_FLOODWAY,BUILT_UP,BUILT_UP,5780
spectral+doy,spatial_block_cv_5fold,ZONE_4_DAM_TO_KHERSON_FLOODWAY,BUILT_UP,BARE_SAND,437
spectral+doy,spatial_block_cv_5fold,ZONE_4_DAM_TO_KHERSON_FLOODWAY,BARE_SAND,WATER,0
spectral+doy,spatial_block_cv_5fold,ZONE_4_DAM_TO_KHERSON_FLOODWAY,BARE_SAND,CROPLAND,17
spectral+doy,spatial_block_cv_5fold,ZONE_4_DAM_TO_KHERSON_FLOODWAY,BARE_SAND,GRASS_LOW_VEGETATION,18
spectral+doy,spatial_block_cv_5fold,ZONE_4_DAM_TO_KHERSON_FLOODWAY,BARE_SAND,FOREST,0
spectral+doy,spatial_block_cv_5fold,ZONE_4_DAM_TO_KHERSON_FLOODWAY,BARE_SAND,WETLAND_REED,0
spectral+doy,spatial_block_cv_5fold,ZONE_4_DAM_TO_KHERSON_FLOODWAY,BARE_SAND,BUILT_UP,42
spectral+doy,spatial_block_cv_5fold,ZONE_4_DAM_TO_KHERSON_FLOODWAY,BARE_SAND,BARE_SAND,7423
spectral+doy,temporal_holdout_2023pre,ALL,WATER,WATER,18201
spectral+doy,temporal_holdout_2023pre,ALL,WATER,CROPLAND,1
spectral+doy,temporal_holdout_2023pre,ALL,WATER,GRASS_LOW_VEGETATION,1
spectral+doy,temporal_holdout_2023pre,ALL,WATER,FOREST,1
spectral+doy,temporal_holdout_2023pre,ALL,WATER,WETLAND_REED,1219
spectral+doy,temporal_holdout_2023pre,ALL,WATER,BUILT_UP,19
spectral+doy,temporal_holdout_2023pre,ALL,WATER,BARE_SAND,61
spectral+doy,temporal_holdout_2023pre,ALL,CROPLAND,WATER,3
spectral+doy,temporal_holdout_2023pre,ALL,CROPLAND,CROPLAND,10775
spectral+doy,temporal_holdout_2023pre,ALL,CROPLAND,GRASS_LOW_VEGETATION,6359
spectral+doy,temporal_holdout_2023pre,ALL,CROPLAND,FOREST,1264
spectral+doy,temporal_holdout_2023pre,ALL,CROPLAND,WETLAND_REED,496
spectral+doy,temporal_holdout_2023pre,ALL,CROPLAND,BUILT_UP,2001
spectral+doy,temporal_holdout_2023pre,ALL,CROPLAND,BARE_SAND,102
spectral+doy,temporal_holdout_2023pre,ALL,GRASS_LOW_VEGETATION,WATER,1
spectral+doy,temporal_holdout_2023pre,ALL,GRASS_LOW_VEGETATION,CROPLAND,2403
spectral+doy,temporal_holdout_2023pre,ALL,GRASS_LOW_VEGETATION,GRASS_LOW_VEGETATION,14471
spectral+doy,temporal_holdout_2023pre,ALL,GRASS_LOW_VEGETATION,FOREST,1807
spectral+doy,temporal_holdout_2023pre,ALL,GRASS_LOW_VEGETATION,WETLAND_REED,486
spectral+doy,temporal_holdout_2023pre,ALL,GRASS_LOW_VEGETATION,BUILT_UP,1654
spectral+doy,temporal_holdout_2023pre,ALL,GRASS_LOW_VEGETATION,BARE_SAND,178
spectral+doy,temporal_holdout_2023pre,ALL,FOREST,WATER,5
spectral+doy,temporal_holdout_2023pre,ALL,FOREST,CROPLAND,2574
spectral+doy,temporal_holdout_2023pre,ALL,FOREST,GRASS_LOW_VEGETATION,2235
spectral+doy,temporal_holdout_2023pre,ALL,FOREST,FOREST,12893
spectral+doy,temporal_holdout_2023pre,ALL,FOREST,WETLAND_REED,980
spectral+doy,temporal_holdout_2023pre,ALL,FOREST,BUILT_UP,2245
spectral+doy,temporal_holdout_2023pre,ALL,FOREST,BARE_SAND,68
spectral+doy,temporal_holdout_2023pre,ALL,WETLAND_REED,WATER,956
spectral+doy,temporal_holdout_2023pre,ALL,WETLAND_REED,CROPLAND,1411
spectral+doy,temporal_holdout_2023pre,ALL,WETLAND_REED,GRASS_LOW_VEGETATION,1844
spectral+doy,temporal_holdout_2023pre,ALL,WETLAND_REED,FOREST,1143
spectral+doy,temporal_holdout_2023pre,ALL,WETLAND_REED,WETLAND_REED,10167
spectral+doy,temporal_holdout_2023pre,ALL,WETLAND_REED,BUILT_UP,2511
spectral+doy,temporal_holdout_2023pre,ALL,WETLAND_REED,BARE_SAND,409
spectral+doy,temporal_holdout_2023pre,ALL,BUILT_UP,WATER,33
spectral+doy,temporal_holdout_2023pre,ALL,BUILT_UP,CROPLAND,1143
spectral+doy,temporal_holdout_2023pre,ALL,BUILT_UP,GRASS_LOW_VEGETATION,1701
spectral+doy,temporal_holdout_2023pre,ALL,BUILT_UP,FOREST,471
spectral+doy,temporal_holdout_2023pre,ALL,BUILT_UP,WETLAND_REED,528
spectral+doy,temporal_holdout_2023pre,ALL,BUILT_UP,BUILT_UP,15134
spectral+doy,temporal_holdout_2023pre,ALL,BUILT_UP,BARE_SAND,1990
spectral+doy,temporal_holdout_2023pre,ALL,BARE_SAND,WATER,82
spectral+doy,temporal_holdout_2023pre,ALL,BARE_SAND,CROPLAND,129
spectral+doy,temporal_holdout_2023pre,ALL,BARE_SAND,GRASS_LOW_VEGETATION,133
spectral+doy,temporal_holdout_2023pre,ALL,BARE_SAND,FOREST,1
spectral+doy,temporal_holdout_2023pre,ALL,BARE_SAND,WETLAND_REED,100
spectral+doy,temporal_holdout_2023pre,ALL,BARE_SAND,BUILT_UP,1630
spectral+doy,temporal_holdout_2023pre,ALL,BARE_SAND,BARE_SAND,13352
spectral+doy,temporal_holdout_2023pre,ZONE_1_KAKHOVKA_LOWER_DNIPRO,WATER,WATER,7744
spectral+doy,temporal_holdout_2023pre,ZONE_1_KAKHOVKA_LOWER_DNIPRO,WATER,CROPLAND,0
spectral+doy,temporal_holdout_2023pre,ZONE_1_KAKHOVKA_LOWER_DNIPRO,WATER,GRASS_LOW_VEGETATION,0
spectral+doy,temporal_holdout_2023pre,ZONE_1_KAKHOVKA_LOWER_DNIPRO,WATER,FOREST,0
spectral+doy,temporal_holdout_2023pre,ZONE_1_KAKHOVKA_LOWER_DNIPRO,WATER,WETLAND_REED,1195
spectral+doy,temporal_holdout_2023pre,ZONE_1_KAKHOVKA_LOWER_DNIPRO,WATER,BUILT_UP,19
spectral+doy,temporal_holdout_2023pre,ZONE_1_KAKHOVKA_LOWER_DNIPRO,WATER,BARE_SAND,45
spectral+doy,temporal_holdout_2023pre,ZONE_1_KAKHOVKA_LOWER_DNIPRO,CROPLAND,WATER,0
spectral+doy,temporal_holdout_2023pre,ZONE_1_KAKHOVKA_LOWER_DNIPRO,CROPLAND,CROPLAND,5252
spectral+doy,temporal_holdout_2023pre,ZONE_1_KAKHOVKA_LOWER_DNIPRO,CROPLAND,GRASS_LOW_VEGETATION,2557
spectral+doy,temporal_holdout_2023pre,ZONE_1_KAKHOVKA_LOWER_DNIPRO,CROPLAND,FOREST,736
spectral+doy,temporal_holdout_2023pre,ZONE_1_KAKHOVKA_LOWER_DNIPRO,CROPLAND,WETLAND_REED,439
spectral+doy,temporal_holdout_2023pre,ZONE_1_KAKHOVKA_LOWER_DNIPRO,CROPLAND,BUILT_UP,1501
spectral+doy,temporal_holdout_2023pre,ZONE_1_KAKHOVKA_LOWER_DNIPRO,CROPLAND,BARE_SAND,15
spectral+doy,temporal_holdout_2023pre,ZONE_1_KAKHOVKA_LOWER_DNIPRO,GRASS_LOW_VEGETATION,WATER,1
spectral+doy,temporal_holdout_2023pre,ZONE_1_KAKHOVKA_LOWER_DNIPRO,GRASS_LOW_VEGETATION,CROPLAND,1532
spectral+doy,temporal_holdout_2023pre,ZONE_1_KAKHOVKA_LOWER_DNIPRO,GRASS_LOW_VEGETATION,GRASS_LOW_VEGETATION,6260
spectral+doy,temporal_holdout_2023pre,ZONE_1_KAKHOVKA_LOWER_DNIPRO,GRASS_LOW_VEGETATION,FOREST,1519
spectral+doy,temporal_holdout_2023pre,ZONE_1_KAKHOVKA_LOWER_DNIPRO,GRASS_LOW_VEGETATION,WETLAND_REED,404
spectral+doy,temporal_holdout_2023pre,ZONE_1_KAKHOVKA_LOWER_DNIPRO,GRASS_LOW_VEGETATION,BUILT_UP,742
spectral+doy,temporal_holdout_2023pre,ZONE_1_KAKHOVKA_LOWER_DNIPRO,GRASS_LOW_VEGETATION,BARE_SAND,42
spectral+doy,temporal_holdout_2023pre,ZONE_1_KAKHOVKA_LOWER_DNIPRO,FOREST,WATER,4
spectral+doy,temporal_holdout_2023pre,ZONE_1_KAKHOVKA_LOWER_DNIPRO,FOREST,CROPLAND,913
spectral+doy,temporal_holdout_2023pre,ZONE_1_KAKHOVKA_LOWER_DNIPRO,FOREST,GRASS_LOW_VEGETATION,1403
spectral+doy,temporal_holdout_2023pre,ZONE_1_KAKHOVKA_LOWER_DNIPRO,FOREST,FOREST,6060
spectral+doy,temporal_holdout_2023pre,ZONE_1_KAKHOVKA_LOWER_DNIPRO,FOREST,WETLAND_REED,806
spectral+doy,temporal_holdout_2023pre,ZONE_1_KAKHOVKA_LOWER_DNIPRO,FOREST,BUILT_UP,1290
spectral+doy,temporal_holdout_2023pre,ZONE_1_KAKHOVKA_LOWER_DNIPRO,FOREST,BARE_SAND,24
spectral+doy,temporal_holdout_2023pre,ZONE_1_KAKHOVKA_LOWER_DNIPRO,WETLAND_REED,WATER,830
spectral+doy,temporal_holdout_2023pre,ZONE_1_KAKHOVKA_LOWER_DNIPRO,WETLAND_REED,CROPLAND,257
spectral+doy,temporal_holdout_2023pre,ZONE_1_KAKHOVKA_LOWER_DNIPRO,WETLAND_REED,GRASS_LOW_VEGETATION,437
spectral+doy,temporal_holdout_2023pre,ZONE_1_KAKHOVKA_LOWER_DNIPRO,WETLAND_REED,FOREST,469
spectral+doy,temporal_holdout_2023pre,ZONE_1_KAKHOVKA_LOWER_DNIPRO,WETLAND_REED,WETLAND_REED,4524
spectral+doy,temporal_holdout_2023pre,ZONE_1_KAKHOVKA_LOWER_DNIPRO,WETLAND_REED,BUILT_UP,1217
spectral+doy,temporal_holdout_2023pre,ZONE_1_KAKHOVKA_LOWER_DNIPRO,WETLAND_REED,BARE_SAND,207
spectral+doy,temporal_holdout_2023pre,ZONE_1_KAKHOVKA_LOWER_DNIPRO,BUILT_UP,WATER,23
spectral+doy,temporal_holdout_2023pre,ZONE_1_KAKHOVKA_LOWER_DNIPRO,BUILT_UP,CROPLAND,327
spectral+doy,temporal_holdout_2023pre,ZONE_1_KAKHOVKA_LOWER_DNIPRO,BUILT_UP,GRASS_LOW_VEGETATION,806
spectral+doy,temporal_holdout_2023pre,ZONE_1_KAKHOVKA_LOWER_DNIPRO,BUILT_UP,FOREST,140
spectral+doy,temporal_holdout_2023pre,ZONE_1_KAKHOVKA_LOWER_DNIPRO,BUILT_UP,WETLAND_REED,228
spectral+doy,temporal_holdout_2023pre,ZONE_1_KAKHOVKA_LOWER_DNIPRO,BUILT_UP,BUILT_UP,8171
spectral+doy,temporal_holdout_2023pre,ZONE_1_KAKHOVKA_LOWER_DNIPRO,BUILT_UP,BARE_SAND,805
spectral+doy,temporal_holdout_2023pre,ZONE_1_KAKHOVKA_LOWER_DNIPRO,BARE_SAND,WATER,80
spectral+doy,temporal_holdout_2023pre,ZONE_1_KAKHOVKA_LOWER_DNIPRO,BARE_SAND,CROPLAND,36
spectral+doy,temporal_holdout_2023pre,ZONE_1_KAKHOVKA_LOWER_DNIPRO,BARE_SAND,GRASS_LOW_VEGETATION,28
spectral+doy,temporal_holdout_2023pre,ZONE_1_KAKHOVKA_LOWER_DNIPRO,BARE_SAND,FOREST,1
spectral+doy,temporal_holdout_2023pre,ZONE_1_KAKHOVKA_LOWER_DNIPRO,BARE_SAND,WETLAND_REED,32
spectral+doy,temporal_holdout_2023pre,ZONE_1_KAKHOVKA_LOWER_DNIPRO,BARE_SAND,BUILT_UP,754
spectral+doy,temporal_holdout_2023pre,ZONE_1_KAKHOVKA_LOWER_DNIPRO,BARE_SAND,BARE_SAND,6577
spectral+doy,temporal_holdout_2023pre,ZONE_2_KHERSON_DELTA,WATER,WATER,4481
spectral+doy,temporal_holdout_2023pre,ZONE_2_KHERSON_DELTA,WATER,CROPLAND,0
spectral+doy,temporal_holdout_2023pre,ZONE_2_KHERSON_DELTA,WATER,GRASS_LOW_VEGETATION,0
spectral+doy,temporal_holdout_2023pre,ZONE_2_KHERSON_DELTA,WATER,FOREST,0
spectral+doy,temporal_holdout_2023pre,ZONE_2_KHERSON_DELTA,WATER,WETLAND_REED,12
spectral+doy,temporal_holdout_2023pre,ZONE_2_KHERSON_DELTA,WATER,BUILT_UP,0
spectral+doy,temporal_holdout_2023pre,ZONE_2_KHERSON_DELTA,WATER,BARE_SAND,7
spectral+doy,temporal_holdout_2023pre,ZONE_2_KHERSON_DELTA,CROPLAND,WATER,0
spectral+doy,temporal_holdout_2023pre,ZONE_2_KHERSON_DELTA,CROPLAND,CROPLAND,1947
spectral+doy,temporal_holdout_2023pre,ZONE_2_KHERSON_DELTA,CROPLAND,GRASS_LOW_VEGETATION,1958
spectral+doy,temporal_holdout_2023pre,ZONE_2_KHERSON_DELTA,CROPLAND,FOREST,281
spectral+doy,temporal_holdout_2023pre,ZONE_2_KHERSON_DELTA,CROPLAND,WETLAND_REED,35
spectral+doy,temporal_holdout_2023pre,ZONE_2_KHERSON_DELTA,CROPLAND,BUILT_UP,258
spectral+doy,temporal_holdout_2023pre,ZONE_2_KHERSON_DELTA,CROPLAND,BARE_SAND,21
spectral+doy,temporal_holdout_2023pre,ZONE_2_KHERSON_DELTA,GRASS_LOW_VEGETATION,WATER,0
spectral+doy,temporal_holdout_2023pre,ZONE_2_KHERSON_DELTA,GRASS_LOW_VEGETATION,CROPLAND,332
spectral+doy,temporal_holdout_2023pre,ZONE_2_KHERSON_DELTA,GRASS_LOW_VEGETATION,GRASS_LOW_VEGETATION,3261
spectral+doy,temporal_holdout_2023pre,ZONE_2_KHERSON_DELTA,GRASS_LOW_VEGETATION,FOREST,142
spectral+doy,temporal_holdout_2023pre,ZONE_2_KHERSON_DELTA,GRASS_LOW_VEGETATION,WETLAND_REED,35
spectral+doy,temporal_holdout_2023pre,ZONE_2_KHERSON_DELTA,GRASS_LOW_VEGETATION,BUILT_UP,629
spectral+doy,temporal_holdout_2023pre,ZONE_2_KHERSON_DELTA,GRASS_LOW_VEGETATION,BARE_SAND,101
spectral+doy,temporal_holdout_2023pre,ZONE_2_KHERSON_DELTA,FOREST,WATER,1
spectral+doy,temporal_holdout_2023pre,ZONE_2_KHERSON_DELTA,FOREST,CROPLAND,430
spectral+doy,temporal_holdout_2023pre,ZONE_2_KHERSON_DELTA,FOREST,GRASS_LOW_VEGETATION,150
spectral+doy,temporal_holdout_2023pre,ZONE_2_KHERSON_DELTA,FOREST,FOREST,3586
spectral+doy,temporal_holdout_2023pre,ZONE_2_KHERSON_DELTA,FOREST,WETLAND_REED,92
spectral+doy,temporal_holdout_2023pre,ZONE_2_KHERSON_DELTA,FOREST,BUILT_UP,224
spectral+doy,temporal_holdout_2023pre,ZONE_2_KHERSON_DELTA,FOREST,BARE_SAND,17
spectral+doy,temporal_holdout_2023pre,ZONE_2_KHERSON_DELTA,WETLAND_REED,WATER,47
spectral+doy,temporal_holdout_2023pre,ZONE_2_KHERSON_DELTA,WETLAND_REED,CROPLAND,215
spectral+doy,temporal_holdout_2023pre,ZONE_2_KHERSON_DELTA,WETLAND_REED,GRASS_LOW_VEGETATION,183
spectral+doy,temporal_holdout_2023pre,ZONE_2_KHERSON_DELTA,WETLAND_REED,FOREST,256
spectral+doy,temporal_holdout_2023pre,ZONE_2_KHERSON_DELTA,WETLAND_REED,WETLAND_REED,3587
spectral+doy,temporal_holdout_2023pre,ZONE_2_KHERSON_DELTA,WETLAND_REED,BUILT_UP,176
spectral+doy,temporal_holdout_2023pre,ZONE_2_KHERSON_DELTA,WETLAND_REED,BARE_SAND,36
spectral+doy,temporal_holdout_2023pre,ZONE_2_KHERSON_DELTA,BUILT_UP,WATER,7
spectral+doy,temporal_holdout_2023pre,ZONE_2_KHERSON_DELTA,BUILT_UP,CROPLAND,395
spectral+doy,temporal_holdout_2023pre,ZONE_2_KHERSON_DELTA,BUILT_UP,GRASS_LOW_VEGETATION,218
spectral+doy,temporal_holdout_2023pre,ZONE_2_KHERSON_DELTA,BUILT_UP,FOREST,203
spectral+doy,temporal_holdout_2023pre,ZONE_2_KHERSON_DELTA,BUILT_UP,WETLAND_REED,147
spectral+doy,temporal_holdout_2023pre,ZONE_2_KHERSON_DELTA,BUILT_UP,BUILT_UP,3067
spectral+doy,temporal_holdout_2023pre,ZONE_2_KHERSON_DELTA,BUILT_UP,BARE_SAND,463
spectral+doy,temporal_holdout_2023pre,ZONE_2_KHERSON_DELTA,BARE_SAND,WATER,0
spectral+doy,temporal_holdout_2023pre,ZONE_2_KHERSON_DELTA,BARE_SAND,CROPLAND,19
spectral+doy,temporal_holdout_2023pre,ZONE_2_KHERSON_DELTA,BARE_SAND,GRASS_LOW_VEGETATION,42
spectral+doy,temporal_holdout_2023pre,ZONE_2_KHERSON_DELTA,BARE_SAND,FOREST,0
spectral+doy,temporal_holdout_2023pre,ZONE_2_KHERSON_DELTA,BARE_SAND,WETLAND_REED,43
spectral+doy,temporal_holdout_2023pre,ZONE_2_KHERSON_DELTA,BARE_SAND,BUILT_UP,533
spectral+doy,temporal_holdout_2023pre,ZONE_2_KHERSON_DELTA,BARE_SAND,BARE_SAND,1299
spectral+doy,temporal_holdout_2023pre,ZONE_3_DNIPRO_BUG_ESTUARY,WATER,WATER,5976
spectral+doy,temporal_holdout_2023pre,ZONE_3_DNIPRO_BUG_ESTUARY,WATER,CROPLAND,1
spectral+doy,temporal_holdout_2023pre,ZONE_3_DNIPRO_BUG_ESTUARY,WATER,GRASS_LOW_VEGETATION,1
spectral+doy,temporal_holdout_2023pre,ZONE_3_DNIPRO_BUG_ESTUARY,WATER,FOREST,1
spectral+doy,temporal_holdout_2023pre,ZONE_3_DNIPRO_BUG_ESTUARY,WATER,WETLAND_REED,12
spectral+doy,temporal_holdout_2023pre,ZONE_3_DNIPRO_BUG_ESTUARY,WATER,BUILT_UP,0
spectral+doy,temporal_holdout_2023pre,ZONE_3_DNIPRO_BUG_ESTUARY,WATER,BARE_SAND,9
spectral+doy,temporal_holdout_2023pre,ZONE_3_DNIPRO_BUG_ESTUARY,CROPLAND,WATER,3
spectral+doy,temporal_holdout_2023pre,ZONE_3_DNIPRO_BUG_ESTUARY,CROPLAND,CROPLAND,3576
spectral+doy,temporal_holdout_2023pre,ZONE_3_DNIPRO_BUG_ESTUARY,CROPLAND,GRASS_LOW_VEGETATION,1844
spectral+doy,temporal_holdout_2023pre,ZONE_3_DNIPRO_BUG_ESTUARY,CROPLAND,FOREST,247
spectral+doy,temporal_holdout_2023pre,ZONE_3_DNIPRO_BUG_ESTUARY,CROPLAND,WETLAND_REED,22
spectral+doy,temporal_holdout_2023pre,ZONE_3_DNIPRO_BUG_ESTUARY,CROPLAND,BUILT_UP,242
spectral+doy,temporal_holdout_2023pre,ZONE_3_DNIPRO_BUG_ESTUARY,CROPLAND,BARE_SAND,66
spectral+doy,temporal_holdout_2023pre,ZONE_3_DNIPRO_BUG_ESTUARY,GRASS_LOW_VEGETATION,WATER,0
spectral+doy,temporal_holdout_2023pre,ZONE_3_DNIPRO_BUG_ESTUARY,GRASS_LOW_VEGETATION,CROPLAND,539
spectral+doy,temporal_holdout_2023pre,ZONE_3_DNIPRO_BUG_ESTUARY,GRASS_LOW_VEGETATION,GRASS_LOW_VEGETATION,4950
spectral+doy,temporal_holdout_2023pre,ZONE_3_DNIPRO_BUG_ESTUARY,GRASS_LOW_VEGETATION,FOREST,146
spectral+doy,temporal_holdout_2023pre,ZONE_3_DNIPRO_BUG_ESTUARY,GRASS_LOW_VEGETATION,WETLAND_REED,47
spectral+doy,temporal_holdout_2023pre,ZONE_3_DNIPRO_BUG_ESTUARY,GRASS_LOW_VEGETATION,BUILT_UP,283
spectral+doy,temporal_holdout_2023pre,ZONE_3_DNIPRO_BUG_ESTUARY,GRASS_LOW_VEGETATION,BARE_SAND,35
spectral+doy,temporal_holdout_2023pre,ZONE_3_DNIPRO_BUG_ESTUARY,FOREST,WATER,0
spectral+doy,temporal_holdout_2023pre,ZONE_3_DNIPRO_BUG_ESTUARY,FOREST,CROPLAND,1231
spectral+doy,temporal_holdout_2023pre,ZONE_3_DNIPRO_BUG_ESTUARY,FOREST,GRASS_LOW_VEGETATION,682
spectral+doy,temporal_holdout_2023pre,ZONE_3_DNIPRO_BUG_ESTUARY,FOREST,FOREST,3247
spectral+doy,temporal_holdout_2023pre,ZONE_3_DNIPRO_BUG_ESTUARY,FOREST,WETLAND_REED,82
spectral+doy,temporal_holdout_2023pre,ZONE_3_DNIPRO_BUG_ESTUARY,FOREST,BUILT_UP,731
spectral+doy,temporal_holdout_2023pre,ZONE_3_DNIPRO_BUG_ESTUARY,FOREST,BARE_SAND,27
spectral+doy,temporal_holdout_2023pre,ZONE_3_DNIPRO_BUG_ESTUARY,WETLAND_REED,WATER,79
spectral+doy,temporal_holdout_2023pre,ZONE_3_DNIPRO_BUG_ESTUARY,WETLAND_REED,CROPLAND,939
spectral+doy,temporal_holdout_2023pre,ZONE_3_DNIPRO_BUG_ESTUARY,WETLAND_REED,GRASS_LOW_VEGETATION,1224
spectral+doy,temporal_holdout_2023pre,ZONE_3_DNIPRO_BUG_ESTUARY,WETLAND_REED,FOREST,418
spectral+doy,temporal_holdout_2023pre,ZONE_3_DNIPRO_BUG_ESTUARY,WETLAND_REED,WETLAND_REED,2056
spectral+doy,temporal_holdout_2023pre,ZONE_3_DNIPRO_BUG_ESTUARY,WETLAND_REED,BUILT_UP,1118
spectral+doy,temporal_holdout_2023pre,ZONE_3_DNIPRO_BUG_ESTUARY,WETLAND_REED,BARE_SAND,166
spectral+doy,temporal_holdout_2023pre,ZONE_3_DNIPRO_BUG_ESTUARY,BUILT_UP,WATER,3
spectral+doy,temporal_holdout_2023pre,ZONE_3_DNIPRO_BUG_ESTUARY,BUILT_UP,CROPLAND,421
spectral+doy,temporal_holdout_2023pre,ZONE_3_DNIPRO_BUG_ESTUARY,BUILT_UP,GRASS_LOW_VEGETATION,677
spectral+doy,temporal_holdout_2023pre,ZONE_3_DNIPRO_BUG_ESTUARY,BUILT_UP,FOREST,128
spectral+doy,temporal_holdout_2023pre,ZONE_3_DNIPRO_BUG_ESTUARY,BUILT_UP,WETLAND_REED,153
spectral+doy,temporal_holdout_2023pre,ZONE_3_DNIPRO_BUG_ESTUARY,BUILT_UP,BUILT_UP,3896
spectral+doy,temporal_holdout_2023pre,ZONE_3_DNIPRO_BUG_ESTUARY,BUILT_UP,BARE_SAND,722
spectral+doy,temporal_holdout_2023pre,ZONE_3_DNIPRO_BUG_ESTUARY,BARE_SAND,WATER,2
spectral+doy,temporal_holdout_2023pre,ZONE_3_DNIPRO_BUG_ESTUARY,BARE_SAND,CROPLAND,74
spectral+doy,temporal_holdout_2023pre,ZONE_3_DNIPRO_BUG_ESTUARY,BARE_SAND,GRASS_LOW_VEGETATION,63
spectral+doy,temporal_holdout_2023pre,ZONE_3_DNIPRO_BUG_ESTUARY,BARE_SAND,FOREST,0
spectral+doy,temporal_holdout_2023pre,ZONE_3_DNIPRO_BUG_ESTUARY,BARE_SAND,WETLAND_REED,25
spectral+doy,temporal_holdout_2023pre,ZONE_3_DNIPRO_BUG_ESTUARY,BARE_SAND,BUILT_UP,343
spectral+doy,temporal_holdout_2023pre,ZONE_3_DNIPRO_BUG_ESTUARY,BARE_SAND,BARE_SAND,5476
