zone,date,year,stratum,observed_share,WATER_km2,CROPLAND_km2,GRASS_LOW_VEGETATION_km2,FOREST_km2,SHRUB_km2,WETLAND_REED_km2,BUILT_UP_km2,BARE_SAND_km2,OTHER_km2,UNCERTAIN_km2
ZONE_1_KAKHOVKA_LOWER_DNIPRO,2017-07-01,2017,ZONE,0.6528,2226.27,9647.7,4402.66,485.73,0.0,353.59,1123.45,249.32,0.0,6592.59
ZONE_1_KAKHOVKA_LOWER_DNIPRO,2017-07-01,2017,POOL_PREBREACH,0.9942,2086.88,0.81,1.17,10.64,0.0,42.64,2.19,0.78,0.0,16.86
ZONE_1_KAKHOVKA_LOWER_DNIPRO,2018-09-19,2018,ZONE,0.655,2223.48,13382.96,3462.46,940.64,0.0,578.12,588.19,148.14,0.0,3841.03
ZONE_1_KAKHOVKA_LOWER_DNIPRO,2018-09-19,2018,POOL_PREBREACH,0.9942,2084.64,0.11,0.56,26.79,0.0,34.14,1.4,0.42,0.0,13.93
ZONE_1_KAKHOVKA_LOWER_DNIPRO,2019-08-25,2019,ZONE,0.6526,2225.28,12324.23,4479.66,874.52,0.0,586.57,1023.31,166.38,0.0,3394.73
ZONE_1_KAKHOVKA_LOWER_DNIPRO,2019-08-25,2019,POOL_PREBREACH,0.9941,2087.82,0.18,2.19,23.23,0.0,33.44,1.82,0.54,0.0,12.65
ZONE_1_KAKHOVKA_LOWER_DNIPRO,2019-09-09,2019,ZONE,0.6519,2235.03,11969.06,3592.53,618.99,0.0,516.62,1198.4,129.57,0.0,4787.01
ZONE_1_KAKHOVKA_LOWER_DNIPRO,2019-09-09,2019,POOL_PREBREACH,0.9941,2090.83,0.04,2.17,19.42,0.0,31.37,2.18,0.52,0.0,15.41
ZONE_1_KAKHOVKA_LOWER_DNIPRO,2020-06-10,2020,ZONE,0.6532,2170.52,5737.04,4802.28,1131.13,0.0,497.61,1293.9,170.7,0.0,9292.46
ZONE_1_KAKHOVKA_LOWER_DNIPRO,2020-06-10,2020,POOL_PREBREACH,0.9923,2062.06,2.37,1.48,17.15,0.0,42.79,1.3,1.1,0.0,29.61
ZONE_1_KAKHOVKA_LOWER_DNIPRO,2020-07-05,2020,ZONE,0.6476,2221.06,10627.09,4554.95,750.81,0.0,321.23,902.71,124.27,0.0,5378.53
ZONE_1_KAKHOVKA_LOWER_DNIPRO,2020-07-05,2020,POOL_PREBREACH,0.9942,2085.49,0.11,0.47,6.08,0.0,44.0,4.03,0.28,0.0,21.53
ZONE_1_KAKHOVKA_LOWER_DNIPRO,2021-04-01,2021,ZONE,0.652,2241.13,9505.88,3408.69,1774.7,0.0,181.77,617.85,143.12,0.0,7177.25
ZONE_1_KAKHOVKA_LOWER_DNIPRO,2021-04-01,2021,POOL_PREBREACH,0.9942,2100.57,0.12,0.96,16.87,0.0,24.51,1.67,0.53,0.0,16.78
ZONE_1_KAKHOVKA_LOWER_DNIPRO,2021-04-06,2021,ZONE,0.6281,2162.5,9079.99,2075.58,2293.58,0.0,261.76,828.05,82.98,0.0,7346.96
ZONE_1_KAKHOVKA_LOWER_DNIPRO,2021-04-06,2021,POOL_PREBREACH,0.8678,1814.82,0.04,0.41,5.03,0.0,27.97,3.71,1.57,0.0,33.63
ZONE_1_KAKHOVKA_LOWER_DNIPRO,2021-05-01,2021,ZONE,0.2649,1342.27,3739.68,822.44,723.02,0.0,117.05,814.23,36.11,0.0,2580.93
ZONE_1_KAKHOVKA_LOWER_DNIPRO,2021-05-01,2021,POOL_PREBREACH,0.5229,1049.81,0.06,1.75,17.64,0.0,29.4,2.28,8.23,0.0,27.88
ZONE_1_KAKHOVKA_LOWER_DNIPRO,2021-05-04,2021,ZONE,0.4267,1139.16,9281.6,1371.3,942.67,0.0,198.05,307.12,98.73,0.0,3054.0
ZONE_1_KAKHOVKA_LOWER_DNIPRO,2021-05-04,2021,POOL_PREBREACH,0.4776,1031.59,0.01,0.01,0.3,0.0,3.34,0.52,0.49,0.0,2.34
ZONE_1_KAKHOVKA_LOWER_DNIPRO,2021-05-26,2021,ZONE,0.4895,1286.16,9511.93,1749.93,763.58,0.0,130.65,578.56,122.13,0.0,4665.69
ZONE_1_KAKHOVKA_LOWER_DNIPRO,2021-05-26,2021,POOL_PREBREACH,0.4342,935.91,0.05,0.03,0.27,0.0,4.3,0.46,0.43,0.0,2.84
ZONE_1_KAKHOVKA_LOWER_DNIPRO,2021-06-13,2021,ZONE,0.332,1108.94,3819.93,1035.05,506.13,0.0,1124.3,491.44,92.34,0.0,4578.69
ZONE_1_KAKHOVKA_LOWER_DNIPRO,2021-06-13,2021,POOL_PREBREACH,0.4713,1016.07,0.06,0.01,0.18,0.0,3.75,0.55,1.05,0.0,3.23
ZONE_1_KAKHOVKA_LOWER_DNIPRO,2021-06-25,2021,ZONE,0.4531,1108.39,6240.53,2040.83,1070.5,0.0,871.3,628.64,98.51,0.0,5349.36
ZONE_1_KAKHOVKA_LOWER_DNIPRO,2021-06-25,2021,POOL_PREBREACH,0.4268,815.54,0.24,0.29,17.63,0.0,48.52,1.79,5.31,0.0,38.89
ZONE_1_KAKHOVKA_LOWER_DNIPRO,2021-06-30,2021,ZONE,0.3961,1859.45,5933.18,1318.15,822.87,0.0,629.95,622.82,124.71,0.0,3905.34
ZONE_1_KAKHOVKA_LOWER_DNIPRO,2021-06-30,2021,POOL_PREBREACH,0.8458,1783.75,0.17,0.29,6.75,0.0,25.31,0.74,0.93,0.0,21.49
ZONE_1_KAKHOVKA_LOWER_DNIPRO,2021-07-08,2021,ZONE,0.3047,1006.74,4304.3,759.31,646.76,0.0,1290.1,388.05,55.2,0.0,3254.82
ZONE_1_KAKHOVKA_LOWER_DNIPRO,2021-07-08,2021,POOL_PREBREACH,0.4362,939.7,0.0,0.0,0.27,0.0,3.52,0.46,1.69,0.0,2.94
ZONE_1_KAKHOVKA_LOWER_DNIPRO,2021-07-15,2021,ZONE,0.6526,2223.88,10883.16,3308.37,1443.37,0.0,732.83,861.56,124.84,0.0,5495.59
ZONE_1_KAKHOVKA_LOWER_DNIPRO,2021-07-15,2021,POOL_PREBREACH,0.9941,2086.96,0.03,1.28,18.57,0.0,43.97,1.35,0.32,0.0,9.46
ZONE_1_KAKHOVKA_LOWER_DNIPRO,2021-07-20,2021,ZONE,0.3541,1421.32,5172.47,1566.53,643.89,0.0,414.44,738.91,42.26,0.0,3605.59
ZONE_1_KAKHOVKA_LOWER_DNIPRO,2021-07-20,2021,POOL_PREBREACH,0.5404,1110.58,0.04,1.34,16.63,0.0,35.04,1.3,0.19,0.0,10.13
ZONE_1_KAKHOVKA_LOWER_DNIPRO,2021-07-28,2021,ZONE,0.1554,191.68,2533.88,801.12,375.73,0.0,288.59,343.31,69.77,0.0,1368.34
ZONE_1_KAKHOVKA_LOWER_DNIPRO,2021-07-28,2021,POOL_PREBREACH,0.0699,149.79,0.0,0.0,0.14,0.0,1.32,0.15,0.09,0.0,0.47
ZONE_1_KAKHOVKA_LOWER_DNIPRO,2021-08-02,2021,ZONE,0.4321,1173.52,6469.83,2413.9,981.06,0.0,1360.26,563.97,119.48,0.0,3520.58
ZONE_1_KAKHOVKA_LOWER_DNIPRO,2021-08-02,2021,POOL_PREBREACH,0.4908,1061.29,0.01,0.0,0.25,0.0,4.18,0.26,0.12,0.0,1.31
ZONE_1_KAKHOVKA_LOWER_DNIPRO,2021-08-04,2021,ZONE,0.2335,1149.94,3186.8,1027.38,689.44,0.0,954.98,299.63,38.4,0.0,1623.95
ZONE_1_KAKHOVKA_LOWER_DNIPRO,2021-08-04,2021,POOL_PREBREACH,0.5339,1100.29,0.51,1.9,17.59,0.0,31.0,0.91,0.31,0.0,8.52
ZONE_1_KAKHOVKA_LOWER_DNIPRO,2021-08-19,2021,ZONE,0.3583,1394.7,5243.58,2223.21,649.48,0.0,659.97,667.69,28.3,0.0,2898.73
ZONE_1_KAKHOVKA_LOWER_DNIPRO,2021-08-19,2021,POOL_PREBREACH,0.5405,1106.08,0.07,2.56,23.04,0.0,33.57,0.97,0.24,0.0,8.78
ZONE_1_KAKHOVKA_LOWER_DNIPRO,2021-08-24,2021,ZONE,0.3823,1063.7,6633.7,2174.48,568.2,0.0,584.66,752.29,137.64,0.0,2774.17
ZONE_1_KAKHOVKA_LOWER_DNIPRO,2021-08-24,2021,POOL_PREBREACH,0.4502,970.3,0.01,0.01,0.49,0.0,4.39,0.49,0.36,0.0,2.93
ZONE_1_KAKHOVKA_LOWER_DNIPRO,2021-08-29,2021,ZONE,0.1345,259.36,2371.1,872.48,133.08,0.0,230.45,203.86,12.79,0.0,1082.59
ZONE_1_KAKHOVKA_LOWER_DNIPRO,2021-08-29,2021,POOL_PREBREACH,0.0,0.0,0.0,0.0,0.0,0.0,0.0,0.0,0.0,0.0,0.0
ZONE_1_KAKHOVKA_LOWER_DNIPRO,2021-09-08,2021,ZONE,0.6508,2227.07,10775.69,4257.57,1066.15,0.0,831.54,990.28,125.23,0.0,4729.16
ZONE_1_KAKHOVKA_LOWER_DNIPRO,2021-09-08,2021,POOL_PREBREACH,0.9942,2086.0,0.02,1.77,23.94,0.0,36.29,1.61,0.37,0.0,11.96
ZONE_1_KAKHOVKA_LOWER_DNIPRO,2021-09-13,2021,ZONE,0.6514,2213.9,12583.48,3923.62,831.41,0.0,700.84,660.85,155.96,0.0,3957.81
ZONE_1_KAKHOVKA_LOWER_DNIPRO,2021-09-13,2021,POOL_PREBREACH,0.9941,2081.43,0.04,2.62,23.98,0.0,36.88,1.57,0.59,0.0,14.72
ZONE_1_KAKHOVKA_LOWER_DNIPRO,2021-10-01,2021,ZONE,0.1558,193.43,3183.79,881.23,205.53,0.0,268.24,137.32,66.11,0.0,1051.43
ZONE_1_KAKHOVKA_LOWER_DNIPRO,2021-10-01,2021,POOL_PREBREACH,0.0699,149.84,0.0,0.0,0.24,0.0,0.98,0.14,0.07,0.0,0.69
ZONE_1_KAKHOVKA_LOWER_DNIPRO,2021-10-18,2021,ZONE,0.1837,948.74,2817.29,512.24,52.84,0.0,121.59,523.06,179.27,0.0,1903.09
ZONE_1_KAKHOVKA_LOWER_DNIPRO,2021-10-18,2021,POOL_PREBREACH,0.4483,907.57,0.73,1.51,1.36,0.0,7.24,15.64,8.46,0.0,32.37
ZONE_1_KAKHOVKA_LOWER_DNIPRO,2021-10-26,2021,ZONE,0.4414,1160.58,8664.63,2454.72,474.6,0.0,435.48,241.21,133.54,0.0,3394.37
ZONE_1_KAKHOVKA_LOWER_DNIPRO,2021-10-26,2021,POOL_PREBREACH,0.4921,1060.04,0.04,0.0,0.93,0.0,3.87,0.43,0.25,0.0,4.67
ZONE_1_KAKHOVKA_LOWER_DNIPRO,2021-10-28,2021,ZONE,0.1162,209.19,2676.42,523.62,77.3,0.0,62.43,117.03,19.18,0.0,778.8
ZONE_1_KAKHOVKA_LOWER_DNIPRO,2021-10-28,2021,POOL_PREBREACH,0.0,0.0,0.0,0.0,0.0,0.0,0.0,0.0,0.0,0.0,0.0
ZONE_1_KAKHOVKA_LOWER_DNIPRO,2021-10-31,2021,ZONE,0.3134,1037.03,6205.93,1345.2,358.94,0.0,238.17,275.48,64.33,0.0,2514.68
ZONE_1_KAKHOVKA_LOWER_DNIPRO,2021-10-31,2021,POOL_PREBREACH,0.4491,969.86,0.04,0.0,0.69,0.0,1.89,0.6,0.16,0.0,3.42
ZONE_1_KAKHOVKA_LOWER_DNIPRO,2021-11-05,2021,ZONE,0.1196,170.84,2144.76,329.72,227.75,0.0,114.47,439.95,108.36,0.0,1059.74
ZONE_1_KAKHOVKA_LOWER_DNIPRO,2021-11-05,2021,POOL_PREBREACH,0.0699,149.41,0.01,0.0,0.19,0.0,0.7,0.18,0.07,0.0,1.4
ZONE_1_KAKHOVKA_LOWER_DNIPRO,2021-11-15,2021,ZONE,0.3134,1035.98,5873.49,646.01,612.51,0.0,142.93,598.13,66.65,0.0,3064.04
ZONE_1_KAKHOVKA_LOWER_DNIPRO,2021-11-15,2021,POOL_PREBREACH,0.4489,968.46,0.06,0.0,0.32,0.0,2.19,0.75,0.34,0.0,4.02
ZONE_1_KAKHOVKA_LOWER_DNIPRO,2021-11-17,2021,ZONE,0.5062,1593.63,10029.34,1938.12,1020.4,0.0,387.25,358.38,44.27,0.0,4077.59
ZONE_1_KAKHOVKA_LOWER_DNIPRO,2021-11-17,2021,POOL_PREBREACH,0.6075,1265.42,1.09,1.89,19.66,0.0,14.68,1.18,0.54,0.0,16.7
ZONE_1_KAKHOVKA_LOWER_DNIPRO,2021-11-25,2021,ZONE,0.3132,1004.54,5783.55,904.26,1053.63,0.0,363.77,154.35,62.84,0.0,2707.85
ZONE_1_KAKHOVKA_LOWER_DNIPRO,2021-11-25,2021,POOL_PREBREACH,0.4436,943.52,0.08,0.0,2.47,0.0,4.23,0.31,0.47,0.0,13.63
ZONE_1_KAKHOVKA_LOWER_DNIPRO,2022-02-05,2022,ZONE,0.1393,598.25,787.67,43.24,615.93,0.0,234.19,290.55,11.49,0.0,2769.77
ZONE_1_KAKHOVKA_LOWER_DNIPRO,2022-02-05,2022,POOL_PREBREACH,0.2621,519.84,0.0,0.01,16.35,0.0,19.01,0.33,0.24,0.0,14.11
ZONE_1_KAKHOVKA_LOWER_DNIPRO,2022-02-13,2022,ZONE,0.1485,171.4,2625.54,433.14,630.84,0.0,266.87,81.82,6.39,0.0,1488.75
ZONE_1_KAKHOVKA_LOWER_DNIPRO,2022-02-13,2022,POOL_PREBREACH,0.0672,141.05,0.01,0.0,0.38,0.0,1.8,0.08,0.1,0.0,2.74
ZONE_1_KAKHOVKA_LOWER_DNIPRO,2022-02-15,2022,ZONE,0.6392,2215.38,9963.54,1622.66,2095.82,0.0,555.29,1165.28,164.81,0.0,6774.98
ZONE_1_KAKHOVKA_LOWER_DNIPRO,2022-02-15,2022,POOL_PREBREACH,0.9855,2069.85,0.98,2.08,15.54,0.0,19.72,6.12,4.79,0.0,23.99
ZONE_1_KAKHOVKA_LOWER_DNIPRO,2022-02-23,2022,ZONE,0.3136,1034.44,5626.27,1031.09,1026.62,0.0,289.41,176.14,62.19,0.0,2802.87
ZONE_1_KAKHOVKA_LOWER_DNIPRO,2022-02-23,2022,POOL_PREBREACH,0.4491,968.67,0.06,0.0,0.16,0.0,4.43,0.45,0.43,0.0,2.46
ZONE_1_KAKHOVKA_LOWER_DNIPRO,2022-03-15,2022,ZONE,0.4409,1159.49,7832.59,1691.74,1620.9,0.0,180.97,383.37,145.02,0.0,3926.63
ZONE_1_KAKHOVKA_LOWER_DNIPRO,2022-03-15,2022,POOL_PREBREACH,0.4897,1054.39,0.02,0.0,0.12,0.0,4.99,0.58,0.36,0.0,4.56
ZONE_1_KAKHOVKA_LOWER_DNIPRO,2022-03-17,2022,ZONE,0.1905,1096.91,2102.4,1244.9,606.69,0.0,200.46,303.34,27.71,0.0,1737.34
ZONE_1_KAKHOVKA_LOWER_DNIPRO,2022-03-17,2022,POOL_PREBREACH,0.52,1052.62,0.07,2.75,16.92,0.0,44.57,0.74,0.75,0.0,12.37
ZONE_1_KAKHOVKA_LOWER_DNIPRO,2022-03-22,2022,ZONE,0.7104,2442.72,12340.9,3739.53,1600.93,0.0,303.28,587.49,133.87,0.0,6144.31
ZONE_1_KAKHOVKA_LOWER_DNIPRO,2022-03-22,2022,POOL_PREBREACH,0.9941,2084.01,0.23,2.54,17.11,0.0,40.69,1.16,1.14,0.0,14.88
ZONE_1_KAKHOVKA_LOWER_DNIPRO,2022-04-06,2022,ZONE,0.5748,2090.15,8785.09,4881.92,894.41,0.0,220.18,541.85,167.04,0.0,4503.66
ZONE_1_KAKHOVKA_LOWER_DNIPRO,2022-04-06,2022,POOL_PREBREACH,0.9399,1970.24,0.09,1.68,8.94,0.0,41.86,1.95,1.83,0.0,17.45
ZONE_1_KAKHOVKA_LOWER_DNIPRO,2022-04-26,2022,ZONE,0.6462,2203.69,10855.63,4226.69,825.84,0.0,208.71,609.57,155.57,0.0,5741.82
ZONE_1_KAKHOVKA_LOWER_DNIPRO,2022-04-26,2022,POOL_PREBREACH,0.9911,2069.36,0.04,1.76,14.65,0.0,44.56,1.65,1.08,0.0,22.22
ZONE_1_KAKHOVKA_LOWER_DNIPRO,2022-05-06,2022,ZONE,0.5044,2109.55,8553.56,3119.57,745.99,0.0,142.9,461.76,60.08,0.0,4186.78
ZONE_1_KAKHOVKA_LOWER_DNIPRO,2022-05-06,2022,POOL_PREBREACH,0.9511,2009.26,0.2,3.05,17.77,0.0,23.65,0.94,0.78,0.0,12.66
ZONE_1_KAKHOVKA_LOWER_DNIPRO,2022-05-09,2022,ZONE,0.1565,195.94,3048.26,804.76,211.64,0.0,58.4,205.02,70.85,0.0,1416.83
ZONE_1_KAKHOVKA_LOWER_DNIPRO,2022-05-09,2022,POOL_PREBREACH,0.0699,150.17,0.0,0.0,0.08,0.0,1.02,0.14,0.11,0.0,0.43
ZONE_1_KAKHOVKA_LOWER_DNIPRO,2022-05-16,2022,ZONE,0.1935,1056.55,3034.1,974.3,431.02,0.0,53.51,238.8,16.18,0.0,1631.22
ZONE_1_KAKHOVKA_LOWER_DNIPRO,2022-05-16,2022,POOL_PREBREACH,0.4849,1007.37,1.21,2.6,9.54,0.0,15.76,1.03,1.4,0.0,15.68
ZONE_1_KAKHOVKA_LOWER_DNIPRO,2022-05-31,2022,ZONE,0.4055,1132.24,5380.98,1727.45,526.86,0.0,259.21,669.79,109.58,0.0,5773.42
ZONE_1_KAKHOVKA_LOWER_DNIPRO,2022-05-31,2022,POOL_PREBREACH,0.4922,1055.82,0.05,0.01,0.12,0.0,11.44,0.28,0.15,0.0,2.47
ZONE_1_KAKHOVKA_LOWER_DNIPRO,2022-06-03,2022,ZONE,0.1536,180.75,2000.39,889.12,287.6,0.0,169.51,229.74,66.13,0.0,2079.97
ZONE_1_KAKHOVKA_LOWER_DNIPRO,2022-06-03,2022,POOL_PREBREACH,0.0699,145.87,0.01,0.01,0.06,0.0,1.29,0.32,2.07,0.0,2.32
ZONE_1_KAKHOVKA_LOWER_DNIPRO,2022-06-05,2022,ZONE,0.0871,224.19,1109.16,316.2,138.59,0.0,12.1,240.33,9.77,0.0,1297.73
ZONE_1_KAKHOVKA_LOWER_DNIPRO,2022-06-05,2022,POOL_PREBREACH,0.0,0.0,0.0,0.0,0.0,0.0,0.0,0.0,0.0,0.0,0.0
ZONE_1_KAKHOVKA_LOWER_DNIPRO,2022-06-15,2022,ZONE,0.2685,1026.14,3018.19,1648.59,285.95,0.0,208.37,591.83,32.55,0.0,3505.72
ZONE_1_KAKHOVKA_LOWER_DNIPRO,2022-06-15,2022,POOL_PREBREACH,0.4485,967.85,0.04,0.02,0.11,0.0,4.03,0.42,0.53,0.0,2.28
ZONE_1_KAKHOVKA_LOWER_DNIPRO,2022-06-20,2022,ZONE,0.7017,2435.57,9217.63,5142.81,1261.08,0.0,453.9,1328.79,202.7,0.0,6917.39
ZONE_1_KAKHOVKA_LOWER_DNIPRO,2022-06-20,2022,POOL_PREBREACH,0.9905,2058.76,0.66,4.35,22.97,0.0,38.6,0.66,1.15,0.0,26.78
ZONE_1_KAKHOVKA_LOWER_DNIPRO,2022-07-03,2022,ZONE,0.4407,1155.66,6390.83,3128.56,1086.86,0.0,645.89,435.06,202.42,0.0,3887.89
ZONE_1_KAKHOVKA_LOWER_DNIPRO,2022-07-03,2022,POOL_PREBREACH,0.4922,1054.58,0.0,0.01,0.57,0.0,6.51,0.54,2.58,0.0,5.52
ZONE_1_KAKHOVKA_LOWER_DNIPRO,2022-07-05,2022,ZONE,0.1865,1133.83,2670.93,930.57,296.67,0.0,133.56,346.77,94.36,0.0,1558.75
ZONE_1_KAKHOVKA_LOWER_DNIPRO,2022-07-05,2022,POOL_PREBREACH,0.531,1091.13,0.3,4.67,13.21,0.0,36.4,1.02,0.2,0.0,7.87
ZONE_1_KAKHOVKA_LOWER_DNIPRO,2022-07-08,2022,ZONE,0.1528,185.93,2462.8,1030.09,356.79,0.0,152.35,262.48,91.48,0.0,1329.14
ZONE_1_KAKHOVKA_LOWER_DNIPRO,2022-07-08,2022,POOL_PREBREACH,0.0699,149.34,0.0,0.01,0.12,0.0,1.4,0.17,0.13,0.0,0.8
ZONE_1_KAKHOVKA_LOWER_DNIPRO,2022-07-15,2022,ZONE,0.3211,1388.07,4724.56,1970.15,592.49,0.0,351.17,506.72,260.4,0.0,2542.24
ZONE_1_KAKHOVKA_LOWER_DNIPRO,2022-07-15,2022,POOL_PREBREACH,0.5398,1104.1,0.09,4.37,16.16,0.0,40.86,0.85,0.23,0.0,7.14
ZONE_1_KAKHOVKA_LOWER_DNIPRO,2022-07-18,2022,ZONE,0.2999,990.29,4028.57,1799.66,603.64,0.0,353.72,546.37,115.46,0.0,3085.18
ZONE_1_KAKHOVKA_LOWER_DNIPRO,2022-07-18,2022,POOL_PREBREACH,0.4341,929.06,0.0,0.01,0.28,0.0,3.28,1.28,2.46,0.0,7.68
ZONE_1_KAKHOVKA_LOWER_DNIPRO,2022-07-20,2022,ZONE,0.0912,233.57,1543.35,424.14,49.14,0.0,26.45,259.68,109.8,0.0,859.73
ZONE_1_KAKHOVKA_LOWER_DNIPRO,2022-07-20,2022,POOL_PREBREACH,0.0,0.0,0.0,0.0,0.0,0.0,0.0,0.0,0.0,0.0,0.0
ZONE_1_KAKHOVKA_LOWER_DNIPRO,2022-08-07,2022,ZONE,0.4417,1158.46,5554.17,2925.08,1231.78,0.0,959.03,467.66,162.21,0.0,4511.05
ZONE_1_KAKHOVKA_LOWER_DNIPRO,2022-08-07,2022,POOL_PREBREACH,0.4922,1061.31,0.0,0.01,0.78,0.0,5.25,0.54,0.21,0.0,2.21
ZONE_1_KAKHOVKA_LOWER_DNIPRO,2022-08-09,2022,ZONE,0.6525,2215.87,10190.26,4455.9,888.39,0.0,1022.31,921.23,179.33,0.0,5197.54
ZONE_1_KAKHOVKA_LOWER_DNIPRO,2022-08-09,2022,POOL_PREBREACH,0.9941,2083.52,0.04,2.86,19.46,0.0,44.26,1.36,0.45,0.0,9.93
ZONE_1_KAKHOVKA_LOWER_DNIPRO,2022-08-24,2022,ZONE,0.2515,1147.1,3930.4,1132.86,298.04,0.0,392.75,681.48,17.69,0.0,2062.01
ZONE_1_KAKHOVKA_LOWER_DNIPRO,2022-08-24,2022,POOL_PREBREACH,0.5405,1102.15,0.01,2.61,23.01,0.0,34.68,1.53,0.86,0.0,10.45
ZONE_1_KAKHOVKA_LOWER_DNIPRO,2022-08-29,2022,ZONE,0.3636,1394.32,7032.03,1926.03,360.49,0.0,329.04,488.55,49.18,0.0,2389.35
ZONE_1_KAKHOVKA_LOWER_DNIPRO,2022-08-29,2022,POOL_PREBREACH,0.5405,1102.37,0.03,3.2,20.36,0.0,37.88,0.99,0.22,0.0,10.26
ZONE_1_KAKHOVKA_LOWER_DNIPRO,2022-09-08,2022,ZONE,0.0882,244.9,1841.48,360.57,69.39,0.0,69.53,181.47,36.13,0.0,585.07
ZONE_1_KAKHOVKA_LOWER_DNIPRO,2022-09-08,2022,POOL_PREBREACH,0.0,0.0,0.0,0.0,0.0,0.0,0.0,0.0,0.0,0.0,0.0
ZONE_1_KAKHOVKA_LOWER_DNIPRO,2022-09-18,2022,ZONE,0.4785,1487.52,8821.62,2823.53,745.84,0.0,473.13,480.22,144.04,0.0,3406.58
ZONE_1_KAKHOVKA_LOWER_DNIPRO,2022-09-18,2022,POOL_PREBREACH,0.5836,1181.9,0.17,1.52,30.43,0.0,31.71,1.2,1.38,0.0,20.86
ZONE_1_KAKHOVKA_LOWER_DNIPRO,2022-09-21,2022,ZONE,0.1246,171.43,1726.63,983.81,237.16,0.0,256.8,164.87,72.01,0.0,1175.47
ZONE_1_KAKHOVKA_LOWER_DNIPRO,2022-09-21,2022,POOL_PREBREACH,0.0661,137.44,0.01,0.0,0.25,0.0,1.62,0.66,0.8,0.0,2.89
ZONE_1_KAKHOVKA_LOWER_DNIPRO,2022-10-03,2022,ZONE,0.2966,1235.53,4931.88,461.03,516.84,0.0,140.98,624.04,115.64,0.0,3369.16
ZONE_1_KAKHOVKA_LOWER_DNIPRO,2022-10-03,2022,POOL_PREBREACH,0.4803,982.92,0.06,1.22,12.45,0.0,9.98,4.56,5.87,0.0,27.4
ZONE_1_KAKHOVKA_LOWER_DNIPRO,2022-10-11,2022,ZONE,0.4423,1155.25,7919.73,2511.45,763.18,0.0,505.74,262.41,120.98,0.0,3753.05
ZONE_1_KAKHOVKA_LOWER_DNIPRO,2022-10-11,2022,POOL_PREBREACH,0.4921,1059.41,0.01,0.0,1.26,0.0,5.53,0.32,0.2,0.0,3.53
ZONE_1_KAKHOVKA_LOWER_DNIPRO,2022-10-18,2022,ZONE,0.6515,2208.64,11450.86,4436.17,1019.82,0.0,339.89,263.25,131.01,0.0,5181.32
ZONE_1_KAKHOVKA_LOWER_DNIPRO,2022-10-18,2022,POOL_PREBREACH,0.9941,2083.2,0.08,2.02,27.42,0.0,28.33,0.89,0.64,0.0,19.23
ZONE_1_KAKHOVKA_LOWER_DNIPRO,2023-02-10,2023,ZONE,0.4632,1934.24,5526.71,2039.64,730.63,0.0,130.31,1473.47,124.17,0.0,5835.42
ZONE_1_KAKHOVKA_LOWER_DNIPRO,2023-02-10,2023,POOL_PREBREACH,0.8776,1806.97,0.16,0.91,4.0,0.0,9.49,10.22,33.97,0.0,42.86
ZONE_1_KAKHOVKA_LOWER_DNIPRO,2023-05-06,2023,ZONE,0.6535,2222.11,9072.0,3972.09,2602.36,0.0,189.92,581.46,121.89,0.0,6346.93
ZONE_1_KAKHOVKA_LOWER_DNIPRO,2023-05-06,2023,POOL_PREBREACH,0.9942,2076.12,0.36,0.6,19.49,0.0,32.81,0.88,1.22,0.0,30.5
ZONE_1_KAKHOVKA_LOWER_DNIPRO,2023-05-11,2023,ZONE,0.2864,1103.91,3823.94,1974.56,503.82,0.0,125.94,403.0,33.13,0.0,3036.43
ZONE_1_KAKHOVKA_LOWER_DNIPRO,2023-05-11,2023,POOL_PREBREACH,0.5387,1061.2,0.34,1.17,9.1,0.0,71.36,0.9,0.85,0.0,26.51
ZONE_1_KAKHOVKA_LOWER_DNIPRO,2023-05-16,2023,ZONE,0.1023,17.24,1250.3,493.04,157.63,0.0,22.5,361.46,4.75,0.0,1623.47
ZONE_1_KAKHOVKA_LOWER_DNIPRO,2023-05-16,2023,POOL_PREBREACH,0.0127,13.29,0.0,0.0,0.03,0.0,4.7,1.64,2.36,0.0,5.58
ZONE_1_KAKHOVKA_LOWER_DNIPRO,2023-05-18,2023,ZONE,0.0005,0.0,3.85,4.93,2.09,0.0,0.08,3.15,0.01,0.0,5.34
ZONE_1_KAKHOVKA_LOWER_DNIPRO,2023-05-18,2023,POOL_PREBREACH,0.0,0.0,0.0,0.0,0.0,0.0,0.0,0.0,0.0,0.0,0.0
ZONE_1_KAKHOVKA_LOWER_DNIPRO,2023-05-19,2023,ZONE,0.166,365.77,2493.1,815.1,230.66,0.0,108.56,271.89,26.2,0.0,2065.1
ZONE_1_KAKHOVKA_LOWER_DNIPRO,2023-05-19,2023,POOL_PREBREACH,0.1613,344.39,0.01,0.0,0.04,0.0,1.24,0.23,0.86,0.0,4.02
ZONE_1_KAKHOVKA_LOWER_DNIPRO,2023-06-05,2023,ZONE,0.6535,2237.21,7382.02,3108.74,839.97,0.0,1160.87,890.97,127.53,0.0,9361.78
ZONE_1_KAKHOVKA_LOWER_DNIPRO,2023-06-05,2023,POOL_PREBREACH,0.9941,2097.17,1.45,0.93,7.36,0.0,30.71,1.2,1.17,0.0,21.93
ZONE_1_KAKHOVKA_LOWER_DNIPRO,2023-06-18,2023,ZONE,0.2971,401.48,1885.12,2456.52,894.57,0.0,710.65,579.27,265.49,0.0,4223.49
ZONE_1_KAKHOVKA_LOWER_DNIPRO,2023-06-18,2023,POOL_PREBREACH,0.4451,345.79,11.15,0.24,0.18,0.0,22.36,176.29,191.64,0.0,220.27
ZONE_1_KAKHOVKA_LOWER_DNIPRO,2023-06-25,2023,ZONE,0.1259,65.23,1654.46,1126.37,48.22,0.0,104.51,417.19,106.12,0.0,1314.11
ZONE_1_KAKHOVKA_LOWER_DNIPRO,2023-06-25,2023,POOL_PREBREACH,0.0514,37.16,0.4,0.08,0.05,0.0,4.09,20.12,34.69,0.0,15.13
ZONE_1_KAKHOVKA_LOWER_DNIPRO,2023-06-30,2023,ZONE,0.1642,94.03,1760.95,1374.74,125.16,0.0,358.64,435.15,103.79,0.0,2055.58
ZONE_1_KAKHOVKA_LOWER_DNIPRO,2023-06-30,2023,POOL_PREBREACH,0.0697,48.68,0.74,0.09,0.05,0.0,3.56,40.38,40.02,0.0,18.03
ZONE_1_KAKHOVKA_LOWER_DNIPRO,2023-07-03,2023,ZONE,0.3835,269.35,3592.53,3337.79,627.17,0.0,836.17,997.29,488.44,0.0,4586.3
ZONE_1_KAKHOVKA_LOWER_DNIPRO,2023-07-03,2023,POOL_PREBREACH,0.4787,182.37,11.24,0.2,0.13,0.0,21.55,279.69,389.09,0.0,156.7
ZONE_1_KAKHOVKA_LOWER_DNIPRO,2023-07-05,2023,ZONE,0.5087,414.12,5543.7,4298.1,582.97,0.0,514.04,1332.52,1018.13,0.0,5840.78
ZONE_1_KAKHOVKA_LOWER_DNIPRO,2023-07-05,2023,POOL_PREBREACH,0.9323,321.51,10.27,3.04,5.67,0.0,63.1,415.76,943.12,0.0,265.0
ZONE_1_KAKHOVKA_LOWER_DNIPRO,2023-07-08,2023,ZONE,0.1314,72.69,1349.55,1017.45,208.54,0.0,209.87,373.25,143.95,0.0,1672.66
ZONE_1_KAKHOVKA_LOWER_DNIPRO,2023-07-08,2023,POOL_PREBREACH,0.0689,36.86,0.96,0.06,0.08,0.0,0.53,20.43,75.21,0.0,15.75
ZONE_1_KAKHOVKA_LOWER_DNIPRO,2023-07-15,2023,ZONE,0.1198,50.99,1439.7,584.76,9.01,0.0,75.67,763.4,79.55,0.0,1598.05
ZONE_1_KAKHOVKA_LOWER_DNIPRO,2023-07-15,2023,POOL_PREBREACH,0.0297,27.37,0.1,0.01,0.0,0.0,1.07,7.4,22.32,0.0,6.22
ZONE_1_KAKHOVKA_LOWER_DNIPRO,2023-07-25,2023,ZONE,0.0517,19.11,468.6,205.49,79.8,0.0,253.73,140.25,34.69,0.0,785.23
ZONE_1_KAKHOVKA_LOWER_DNIPRO,2023-07-25,2023,POOL_PREBREACH,0.0,0.0,0.0,0.0,0.0,0.0,0.0,0.0,0.0,0.0,0.0
ZONE_1_KAKHOVKA_LOWER_DNIPRO,2023-07-30,2023,ZONE,0.3595,256.26,3865.75,1927.78,390.97,0.0,1187.35,1324.3,473.23,0.0,4385.17
ZONE_1_KAKHOVKA_LOWER_DNIPRO,2023-07-30,2023,POOL_PREBREACH,0.4553,153.51,6.93,0.54,0.12,0.0,35.82,337.97,323.26,0.0,131.87
ZONE_1_KAKHOVKA_LOWER_DNIPRO,2023-08-04,2023,ZONE,0.3768,243.11,4396.96,3311.6,474.92,0.0,960.33,789.52,610.5,0.0,3690.57
ZONE_1_KAKHOVKA_LOWER_DNIPRO,2023-08-04,2023,POOL_PREBREACH,0.4802,144.87,7.78,1.06,0.16,0.0,37.0,233.84,468.01,0.0,151.53
ZONE_1_KAKHOVKA_LOWER_DNIPRO,2023-08-06,2023,ZONE,0.0003,0.0,2.48,1.95,0.53,0.0,0.19,3.22,0.03,0.0,4.01
ZONE_1_KAKHOVKA_LOWER_DNIPRO,2023-08-06,2023,POOL_PREBREACH,0.0,0.0,0.0,0.0,0.0,0.0,0.0,0.0,0.0,0.0,0.0
ZONE_1_KAKHOVKA_LOWER_DNIPRO,2023-08-12,2023,ZONE,0.0641,27.8,592.72,202.29,337.15,0.0,174.99,141.27,31.67,0.0,956.75
ZONE_1_KAKHOVKA_LOWER_DNIPRO,2023-08-12,2023,POOL_PREBREACH,0.0513,27.0,0.39,0.04,0.14,0.0,4.52,38.41,25.01,0.0,16.06
ZONE_1_KAKHOVKA_LOWER_DNIPRO,2023-08-17,2023,ZONE,0.3483,255.22,3745.16,2299.15,890.2,0.0,1045.0,688.49,418.74,0.0,4039.89
ZONE_1_KAKHOVKA_LOWER_DNIPRO,2023-08-17,2023,POOL_PREBREACH,0.5331,175.98,10.12,1.72,0.63,0.0,48.79,375.55,345.22,0.0,201.23
ZONE_1_KAKHOVKA_LOWER_DNIPRO,2023-08-27,2023,ZONE,0.155,81.15,2124.6,1877.82,219.37,0.0,120.38,206.22,110.72,0.0,1216.52
ZONE_1_KAKHOVKA_LOWER_DNIPRO,2023-08-27,2023,POOL_PREBREACH,0.0696,41.91,2.91,0.19,0.22,0.0,10.99,41.06,29.28,0.0,24.77
ZONE_1_KAKHOVKA_LOWER_DNIPRO,2023-09-08,2023,ZONE,0.6546,330.57,7827.18,5411.19,913.62,0.0,733.46,2035.75,519.4,0.0,7377.83
ZONE_1_KAKHOVKA_LOWER_DNIPRO,2023-09-08,2023,POOL_PREBREACH,0.9925,204.96,62.07,11.4,23.62,0.0,200.16,658.86,385.11,0.0,612.19
ZONE_1_KAKHOVKA_LOWER_DNIPRO,2023-09-23,2023,ZONE,0.2838,136.38,4969.05,1647.69,302.59,0.0,428.41,662.3,326.6,0.0,2430.25
ZONE_1_KAKHOVKA_LOWER_DNIPRO,2023-09-23,2023,POOL_PREBREACH,0.546,64.86,61.19,11.59,21.8,0.0,129.02,295.34,277.13,0.0,326.5
ZONE_1_KAKHOVKA_LOWER_DNIPRO,2023-09-28,2023,ZONE,0.2836,149.12,4749.89,1929.92,264.54,0.0,502.9,632.89,297.36,0.0,2370.4
ZONE_1_KAKHOVKA_LOWER_DNIPRO,2023-09-28,2023,POOL_PREBREACH,0.5432,75.55,59.39,11.89,21.85,0.0,126.19,301.2,249.53,0.0,335.61
ZONE_1_KAKHOVKA_LOWER_DNIPRO,2023-10-03,2023,ZONE,0.2838,48.63,4502.26,1092.92,56.45,0.0,401.47,1151.61,320.81,0.0,3328.29
ZONE_1_KAKHOVKA_LOWER_DNIPRO,2023-10-03,2023,POOL_PREBREACH,0.5457,7.12,70.36,5.51,0.93,0.0,38.14,364.29,261.8,0.0,438.68
ZONE_1_KAKHOVKA_LOWER_DNIPRO,2023-11-07,2023,ZONE,0.2836,154.15,3506.29,2155.94,1328.57,0.0,141.14,323.45,252.89,0.0,3034.96
ZONE_1_KAKHOVKA_LOWER_DNIPRO,2023-11-07,2023,POOL_PREBREACH,0.5444,84.63,117.06,25.86,123.93,0.0,20.08,197.04,224.36,0.0,390.82
ZONE_1_KAKHOVKA_LOWER_DNIPRO,2024-01-01,2024,ZONE,0.1498,14.52,3139.27,489.61,458.45,0.0,43.23,112.91,61.62,0.0,1434.47
ZONE_1_KAKHOVKA_LOWER_DNIPRO,2024-01-01,2024,POOL_PREBREACH,0.0103,3.06,0.31,0.45,3.04,0.0,0.29,1.16,6.82,0.0,7.21
ZONE_1_KAKHOVKA_LOWER_DNIPRO,2024-01-09,2024,ZONE,0.2692,356.45,155.27,29.2,1510.64,0.0,5336.65,23.56,12.55,0.0,2917.05
ZONE_1_KAKHOVKA_LOWER_DNIPRO,2024-01-09,2024,POOL_PREBREACH,0.4049,264.01,2.98,3.71,143.93,0.0,216.48,2.77,9.88,0.0,236.83
ZONE_1_KAKHOVKA_LOWER_DNIPRO,2024-01-29,2024,ZONE,0.4026,430.87,4521.19,598.51,1531.09,0.0,134.83,1021.93,298.78,0.0,6929.49
ZONE_1_KAKHOVKA_LOWER_DNIPRO,2024-01-29,2024,POOL_PREBREACH,0.5445,333.03,24.49,9.36,200.91,0.0,43.22,68.03,129.66,0.0,375.42
ZONE_1_KAKHOVKA_LOWER_DNIPRO,2024-03-06,2024,ZONE,0.2445,276.65,755.22,1833.67,402.28,0.0,186.34,103.42,267.76,0.0,5568.11
ZONE_1_KAKHOVKA_LOWER_DNIPRO,2024-03-06,2024,POOL_PREBREACH,0.4761,244.88,3.14,67.38,91.89,0.0,92.67,28.13,244.31,0.0,262.92
ZONE_1_KAKHOVKA_LOWER_DNIPRO,2024-03-09,2024,ZONE,0.4381,568.17,6341.33,1973.29,1352.9,0.0,202.6,520.87,229.24,0.0,5642.87
ZONE_1_KAKHOVKA_LOWER_DNIPRO,2024-03-09,2024,POOL_PREBREACH,0.4758,464.61,9.84,7.81,26.2,0.0,82.98,129.35,141.92,0.0,172.02
ZONE_1_KAKHOVKA_LOWER_DNIPRO,2024-03-28,2024,ZONE,0.0004,0.0,2.33,4.1,1.08,0.0,0.06,2.13,0.04,0.0,4.52
ZONE_1_KAKHOVKA_LOWER_DNIPRO,2024-03-28,2024,POOL_PREBREACH,0.0,0.0,0.0,0.0,0.0,0.0,0.0,0.0,0.0,0.0,0.0
ZONE_1_KAKHOVKA_LOWER_DNIPRO,2024-03-29,2024,ZONE,0.1368,74.39,1779.52,1284.0,532.95,0.0,63.32,85.07,55.89,0.0,1380.96
ZONE_1_KAKHOVKA_LOWER_DNIPRO,2024-03-29,2024,POOL_PREBREACH,0.0578,53.76,0.23,1.08,2.73,0.0,22.96,7.14,19.69,0.0,18.09
ZONE_1_KAKHOVKA_LOWER_DNIPRO,2024-04-08,2024,ZONE,0.0032,0.62,70.05,10.92,8.63,0.0,1.53,1.76,0.05,0.0,28.13
ZONE_1_KAKHOVKA_LOWER_DNIPRO,2024-04-08,2024,POOL_PREBREACH,0.0,0.0,0.0,0.0,0.0,0.0,0.0,0.0,0.0,0.0,0.0
ZONE_1_KAKHOVKA_LOWER_DNIPRO,2024-04-10,2024,ZONE,0.2832,248.19,4990.61,890.68,610.08,0.0,191.55,562.98,209.87,0.0,3178.29
ZONE_1_KAKHOVKA_LOWER_DNIPRO,2024-04-10,2024,POOL_PREBREACH,0.5365,190.36,10.79,27.1,57.14,0.0,144.5,204.69,183.36,0.0,348.86
ZONE_1_KAKHOVKA_LOWER_DNIPRO,2024-04-30,2024,ZONE,0.2834,90.47,4852.02,1587.65,569.62,0.0,585.38,262.52,118.49,0.0,2820.43
ZONE_1_KAKHOVKA_LOWER_DNIPRO,2024-04-30,2024,POOL_PREBREACH,0.5391,47.89,183.16,22.92,45.28,0.0,495.85,50.6,86.72,0.0,239.86
ZONE_1_KAKHOVKA_LOWER_DNIPRO,2024-05-10,2024,ZONE,0.2831,408.0,4907.82,1375.03,248.99,0.0,221.63,285.58,114.31,0.0,3315.61
ZONE_1_KAKHOVKA_LOWER_DNIPRO,2024-05-10,2024,POOL_PREBREACH,0.5367,342.26,207.07,25.59,47.1,0.0,162.69,59.41,81.37,0.0,241.68
ZONE_1_KAKHOVKA_LOWER_DNIPRO,2024-07-14,2024,ZONE,0.2838,240.18,3803.38,2381.38,392.52,0.0,367.28,670.67,190.75,0.0,2857.41
ZONE_1_KAKHOVKA_LOWER_DNIPRO,2024-07-14,2024,POOL_PREBREACH,0.5461,168.27,40.18,16.19,43.62,0.0,227.35,221.09,100.26,0.0,370.71
ZONE_1_KAKHOVKA_LOWER_DNIPRO,2024-07-24,2024,ZONE,0.2158,185.29,3032.74,1595.98,276.99,0.0,363.88,495.8,183.04,0.0,2156.36
ZONE_1_KAKHOVKA_LOWER_DNIPRO,2024-07-24,2024,POOL_PREBREACH,0.4682,147.89,45.55,9.68,39.66,0.0,240.65,163.65,79.12,0.0,291.89
ZONE_1_KAKHOVKA_LOWER_DNIPRO,2024-07-29,2024,ZONE,0.4144,212.52,7491.12,3210.94,191.92,0.0,311.29,697.21,565.49,0.0,3241.01
ZONE_1_KAKHOVKA_LOWER_DNIPRO,2024-07-29,2024,POOL_PREBREACH,0.4839,121.23,55.87,5.6,44.64,0.0,183.29,205.52,72.57,0.0,363.56
ZONE_1_KAKHOVKA_LOWER_DNIPRO,2024-08-03,2024,ZONE,0.1319,63.18,2668.15,872.24,37.66,0.0,67.68,270.29,191.9,0.0,895.03
ZONE_1_KAKHOVKA_LOWER_DNIPRO,2024-08-03,2024,POOL_PREBREACH,0.0696,32.93,15.58,1.1,0.74,0.0,15.37,22.64,11.32,0.0,51.64
ZONE_1_KAKHOVKA_LOWER_DNIPRO,2024-08-13,2024,ZONE,0.4773,232.51,8228.81,2373.23,518.89,0.0,368.26,1335.35,791.65,0.0,4487.67
ZONE_1_KAKHOVKA_LOWER_DNIPRO,2024-08-13,2024,POOL_PREBREACH,0.9196,159.4,28.46,17.89,228.41,0.0,223.92,397.91,188.04,0.0,755.87
ZONE_1_KAKHOVKA_LOWER_DNIPRO,2024-08-18,2024,ZONE,0.2516,121.13,4632.63,1000.87,409.33,0.0,197.49,578.42,519.88,0.0,2205.39
ZONE_1_KAKHOVKA_LOWER_DNIPRO,2024-08-18,2024,POOL_PREBREACH,0.5403,80.91,22.85,22.5,190.07,0.0,109.27,220.88,153.41,0.0,375.0
ZONE_1_KAKHOVKA_LOWER_DNIPRO,2024-09-29,2024,ZONE,0.0004,0.0,4.76,2.36,0.34,0.0,0.51,2.56,0.79,0.0,4.42
ZONE_1_KAKHOVKA_LOWER_DNIPRO,2024-09-29,2024,POOL_PREBREACH,0.0,0.0,0.0,0.0,0.0,0.0,0.0,0.0,0.0,0.0,0.0
ZONE_1_KAKHOVKA_LOWER_DNIPRO,2024-10-05,2024,ZONE,0.4408,140.18,11741.97,1433.79,410.25,0.0,158.74,582.6,325.18,0.0,2142.37
ZONE_1_KAKHOVKA_LOWER_DNIPRO,2024-10-05,2024,POOL_PREBREACH,0.4918,63.58,3.4,15.87,264.82,0.0,72.78,206.71,82.49,0.0,359.76
ZONE_1_KAKHOVKA_LOWER_DNIPRO,2024-10-22,2024,ZONE,0.4633,224.77,9984.25,584.23,1917.27,0.0,181.9,467.84,190.43,0.0,4250.43
ZONE_1_KAKHOVKA_LOWER_DNIPRO,2024-10-22,2024,POOL_PREBREACH,0.8953,147.58,8.76,18.26,866.1,0.0,50.6,248.97,131.5,0.0,475.21
ZONE_1_KAKHOVKA_LOWER_DNIPRO,2024-10-27,2024,ZONE,0.2805,89.37,2368.36,679.45,675.66,0.0,26.99,2259.26,731.03,0.0,3945.1
ZONE_1_KAKHOVKA_LOWER_DNIPRO,2024-10-27,2024,POOL_PREBREACH,0.4212,58.16,16.42,10.66,201.54,0.0,10.03,241.73,48.2,0.0,329.24
ZONE_1_KAKHOVKA_LOWER_DNIPRO,2024-10-30,2024,ZONE,0.1449,59.78,2641.88,537.19,226.54,0.0,12.65,577.9,116.75,0.0,1395.32
ZONE_1_KAKHOVKA_LOWER_DNIPRO,2024-10-30,2024,POOL_PREBREACH,0.0654,29.56,4.67,0.39,50.51,0.0,1.4,14.39,7.3,0.0,34.07
ZONE_1_KAKHOVKA_LOWER_DNIPRO,2024-11-16,2024,ZONE,0.0182,6.01,268.51,32.37,50.6,0.0,21.46,62.28,13.59,0.0,244.67
ZONE_1_KAKHOVKA_LOWER_DNIPRO,2024-11-16,2024,POOL_PREBREACH,0.0,0.0,0.0,0.0,0.0,0.0,0.0,0.0,0.0,0.0,0.0
ZONE_1_KAKHOVKA_LOWER_DNIPRO,2024-11-19,2024,ZONE,0.1651,63.35,2977.68,1399.39,290.19,0.0,54.16,104.23,77.05,0.0,1378.19
ZONE_1_KAKHOVKA_LOWER_DNIPRO,2024-11-19,2024,POOL_PREBREACH,0.0697,32.0,2.55,0.91,44.99,0.0,3.42,13.56,10.68,0.0,43.5
ZONE_1_KAKHOVKA_LOWER_DNIPRO,2025-02-12,2025,ZONE,0.3462,253.21,3762.54,2586.49,1883.32,0.0,488.81,257.12,115.34,0.0,3954.01
ZONE_1_KAKHOVKA_LOWER_DNIPRO,2025-02-12,2025,POOL_PREBREACH,0.5077,182.69,10.22,19.14,275.41,0.0,194.73,85.38,67.93,0.0,268.48
ZONE_1_KAKHOVKA_LOWER_DNIPRO,2025-02-19,2025,ZONE,0.1535,70.01,1859.75,665.45,383.84,0.0,83.12,493.39,37.39,0.0,2304.02
ZONE_1_KAKHOVKA_LOWER_DNIPRO,2025-02-19,2025,POOL_PREBREACH,0.0496,35.23,0.58,1.45,9.27,0.0,9.73,11.66,5.45,0.0,34.5
ZONE_1_KAKHOVKA_LOWER_DNIPRO,2025-02-27,2025,ZONE,0.3804,205.36,3189.94,1349.43,1539.99,0.0,412.05,2251.85,235.98,0.0,5431.06
ZONE_1_KAKHOVKA_LOWER_DNIPRO,2025-02-27,2025,POOL_PREBREACH,0.466,143.28,18.04,6.68,163.03,0.0,106.7,190.82,53.48,0.0,331.35
ZONE_1_KAKHOVKA_LOWER_DNIPRO,2025-05-03,2025,ZONE,0.4228,172.89,4968.0,4112.7,472.45,0.0,255.9,539.06,114.47,0.0,5608.19
ZONE_1_KAKHOVKA_LOWER_DNIPRO,2025-05-03,2025,POOL_PREBREACH,0.4624,79.94,92.52,33.87,46.07,0.0,80.0,225.84,53.38,0.0,393.91
ZONE_1_KAKHOVKA_LOWER_DNIPRO,2025-05-04,2025,ZONE,0.0004,0.0,1.8,5.79,0.91,0.0,0.07,2.07,0.02,0.0,4.81
ZONE_1_KAKHOVKA_LOWER_DNIPRO,2025-05-04,2025,POOL_PREBREACH,0.0,0.0,0.0,0.0,0.0,0.0,0.0,0.0,0.0,0.0,0.0
ZONE_1_KAKHOVKA_LOWER_DNIPRO,2025-06-09,2025,ZONE,0.4914,203.31,7820.1,2301.81,250.95,0.0,327.3,846.12,199.39,0.0,6932.67
ZONE_1_KAKHOVKA_LOWER_DNIPRO,2025-06-09,2025,POOL_PREBREACH,0.5762,95.18,26.22,67.23,25.71,0.0,173.61,219.49,69.89,0.0,575.79
ZONE_1_KAKHOVKA_LOWER_DNIPRO,2025-06-27,2025,ZONE,0.4409,164.22,8328.21,4889.8,282.46,0.0,424.86,380.11,180.02,0.0,2290.41
ZONE_1_KAKHOVKA_LOWER_DNIPRO,2025-06-27,2025,POOL_PREBREACH,0.4916,80.46,15.36,29.49,61.96,0.0,305.82,147.82,45.14,0.0,383.01
ZONE_1_KAKHOVKA_LOWER_DNIPRO,2025-07-06,2025,ZONE,0.0548,47.97,588.1,778.96,165.08,0.0,19.48,114.97,21.03,0.0,369.64
ZONE_1_KAKHOVKA_LOWER_DNIPRO,2025-07-06,2025,POOL_PREBREACH,0.0231,15.89,0.14,5.69,10.57,0.0,2.4,2.56,2.66,0.0,10.37
ZONE_1_KAKHOVKA_LOWER_DNIPRO,2025-07-09,2025,ZONE,0.0641,47.21,1051.18,701.96,94.8,0.0,33.98,114.45,26.92,0.0,393.82
ZONE_1_KAKHOVKA_LOWER_DNIPRO,2025-07-09,2025,POOL_PREBREACH,0.122,18.51,12.23,9.95,30.72,0.0,22.87,41.4,18.75,0.0,110.92
ZONE_1_KAKHOVKA_LOWER_DNIPRO,2025-07-19,2025,ZONE,0.2854,127.17,5618.58,3178.21,161.56,0.0,147.6,331.34,115.71,0.0,1286.64
ZONE_1_KAKHOVKA_LOWER_DNIPRO,2025-07-19,2025,POOL_PREBREACH,0.4479,69.92,14.25,67.24,89.89,0.0,100.45,126.58,43.69,0.0,461.93
ZONE_1_KAKHOVKA_LOWER_DNIPRO,2025-07-26,2025,ZONE,0.0002,0.0,2.34,1.77,0.01,0.0,0.01,1.04,0.05,0.0,1.34
ZONE_1_KAKHOVKA_LOWER_DNIPRO,2025-07-26,2025,POOL_PREBREACH,0.0,0.0,0.0,0.0,0.0,0.0,0.0,0.0,0.0,0.0,0.0
ZONE_1_KAKHOVKA_LOWER_DNIPRO,2025-07-27,2025,ZONE,0.1544,53.24,4557.74,381.19,61.11,0.0,48.71,85.2,255.15,0.0,491.29
ZONE_1_KAKHOVKA_LOWER_DNIPRO,2025-07-27,2025,POOL_PREBREACH,0.0698,24.72,2.01,6.6,8.14,0.0,21.4,17.36,13.02,0.0,58.55
ZONE_1_KAKHOVKA_LOWER_DNIPRO,2025-08-15,2025,ZONE,0.4273,167.72,11902.14,1055.76,278.2,0.0,165.83,348.61,899.69,0.0,1599.93
ZONE_1_KAKHOVKA_LOWER_DNIPRO,2025-08-15,2025,POOL_PREBREACH,0.4908,82.84,24.97,53.07,140.54,0.0,99.14,116.33,56.62,0.0,493.85
ZONE_1_KAKHOVKA_LOWER_DNIPRO,2025-08-16,2025,ZONE,0.2163,101.64,6010.74,440.35,223.26,0.0,66.4,178.84,502.07,0.0,787.34
ZONE_1_KAKHOVKA_LOWER_DNIPRO,2025-08-16,2025,POOL_PREBREACH,0.1905,44.61,10.09,15.29,93.34,0.0,28.22,44.22,32.1,0.0,146.39
ZONE_1_KAKHOVKA_LOWER_DNIPRO,2025-08-18,2025,ZONE,0.3293,154.26,8951.96,700.73,157.68,0.0,173.97,408.77,540.05,0.0,1564.19
ZONE_1_KAKHOVKA_LOWER_DNIPRO,2025-08-18,2025,POOL_PREBREACH,0.5375,82.0,25.36,58.97,73.57,0.0,123.1,143.18,58.72,0.0,604.05
ZONE_1_KAKHOVKA_LOWER_DNIPRO,2025-08-28,2025,ZONE,0.5374,202.8,13506.5,1890.66,1145.35,0.0,303.18,532.42,388.8,0.0,2675.79
ZONE_1_KAKHOVKA_LOWER_DNIPRO,2025-08-28,2025,POOL_PREBREACH,0.9505,120.94,44.11,108.46,735.02,0.0,177.28,178.21,97.99,0.0,605.07
ZONE_1_KAKHOVKA_LOWER_DNIPRO,2025-08-31,2025,ZONE,0.4794,187.91,13334.33,881.52,609.57,0.0,294.52,488.45,449.05,0.0,2172.46
ZONE_1_KAKHOVKA_LOWER_DNIPRO,2025-08-31,2025,POOL_PREBREACH,0.5771,89.45,15.04,26.94,353.03,0.0,173.17,136.02,58.85,0.0,402.57
ZONE_1_KAKHOVKA_LOWER_DNIPRO,2025-09-04,2025,ZONE,0.1677,50.17,5180.15,318.97,109.71,0.0,65.56,89.0,202.07,0.0,428.77
ZONE_1_KAKHOVKA_LOWER_DNIPRO,2025-09-04,2025,POOL_PREBREACH,0.0695,22.41,1.46,3.28,43.5,0.0,19.86,16.71,10.88,0.0,33.13
ZONE_1_KAKHOVKA_LOWER_DNIPRO,2025-09-12,2025,ZONE,0.2837,129.69,6601.14,1344.87,793.94,0.0,191.62,368.41,117.27,0.0,1353.47
ZONE_1_KAKHOVKA_LOWER_DNIPRO,2025-09-12,2025,POOL_PREBREACH,0.5447,65.59,25.14,61.71,466.36,0.0,82.6,105.82,54.93,0.0,322.44
ZONE_1_KAKHOVKA_LOWER_DNIPRO,2025-09-22,2025,ZONE,0.2838,123.69,6538.73,1469.62,520.77,0.0,262.59,386.11,102.71,0.0,1498.78
ZONE_1_KAKHOVKA_LOWER_DNIPRO,2025-09-22,2025,POOL_PREBREACH,0.5461,61.44,36.78,56.57,266.1,0.0,137.94,112.32,62.35,0.0,454.03
ZONE_1_KAKHOVKA_LOWER_DNIPRO,2025-10-29,2025,ZONE,0.0006,0.0,1.86,0.49,6.72,0.0,0.83,1.97,0.03,0.0,12.79
ZONE_1_KAKHOVKA_LOWER_DNIPRO,2025-10-29,2025,POOL_PREBREACH,0.0,0.0,0.0,0.0,0.0,0.0,0.0,0.0,0.0,0.0,0.0
ZONE_1_KAKHOVKA_LOWER_DNIPRO,2025-11-01,2025,ZONE,0.4313,161.98,7012.28,2732.57,1924.12,0.0,95.29,253.41,147.45,0.0,4245.2
ZONE_1_KAKHOVKA_LOWER_DNIPRO,2025-11-01,2025,POOL_PREBREACH,0.4908,77.94,43.8,19.13,505.29,0.0,32.46,66.36,41.3,0.0,281.15
ZONE_1_KAKHOVKA_LOWER_DNIPRO,2026-05-03,2026,ZONE,0.4206,210.33,7101.81,1686.55,927.65,0.0,338.15,459.83,91.17,0.0,5345.15
ZONE_1_KAKHOVKA_LOWER_DNIPRO,2026-05-03,2026,POOL_PREBREACH,0.4709,110.55,16.38,34.13,192.29,0.0,153.07,162.2,17.16,0.0,338.34
ZONE_1_KAKHOVKA_LOWER_DNIPRO,2026-05-08,2026,ZONE,0.4415,199.11,8419.54,1418.38,894.51,0.0,271.04,500.94,163.53,0.0,5097.28
ZONE_1_KAKHOVKA_LOWER_DNIPRO,2026-05-08,2026,POOL_PREBREACH,0.4921,99.25,55.49,32.57,166.09,0.0,139.35,164.71,42.06,0.0,370.61
ZONE_1_KAKHOVKA_LOWER_DNIPRO,2026-05-12,2026,ZONE,0.4248,204.4,6981.34,1923.57,950.23,0.0,180.25,513.37,146.19,0.0,5422.22
ZONE_1_KAKHOVKA_LOWER_DNIPRO,2026-05-12,2026,POOL_PREBREACH,0.4909,105.24,63.44,56.96,115.35,0.0,105.74,163.33,39.53,0.0,417.87
ZONE_1_KAKHOVKA_LOWER_DNIPRO,2026-05-15,2026,ZONE,0.1736,99.99,2493.28,792.5,415.23,0.0,165.95,408.35,56.76,0.0,2238.97
ZONE_1_KAKHOVKA_LOWER_DNIPRO,2026-05-15,2026,POOL_PREBREACH,0.4308,77.16,62.67,57.59,43.52,0.0,135.1,136.0,44.03,0.0,380.72
ZONE_1_KAKHOVKA_LOWER_DNIPRO,2026-05-22,2026,ZONE,0.0088,114.92,65.64,20.52,21.19,0.0,2.48,12.29,1.09,0.0,98.63
ZONE_1_KAKHOVKA_LOWER_DNIPRO,2026-05-22,2026,POOL_PREBREACH,0.0,0.0,0.0,0.0,0.0,0.0,0.0,0.0,0.0,0.0,0.0
ZONE_1_KAKHOVKA_LOWER_DNIPRO,2026-06-14,2026,ZONE,0.6876,488.37,5563.73,3624.76,1051.29,0.0,1000.25,1247.45,173.2,0.0,13268.94
ZONE_1_KAKHOVKA_LOWER_DNIPRO,2026-06-14,2026,POOL_PREBREACH,0.8836,145.58,70.31,64.75,176.85,0.0,316.46,140.67,55.95,0.0,950.97
ZONE_1_KAKHOVKA_LOWER_DNIPRO,2026-06-22,2026,ZONE,0.2641,126.46,3293.29,2348.1,416.76,0.0,655.14,468.23,81.04,0.0,2758.76
ZONE_1_KAKHOVKA_LOWER_DNIPRO,2026-06-22,2026,POOL_PREBREACH,0.3852,66.82,19.25,9.15,65.73,0.0,429.43,52.94,17.67,0.0,176.75
ZONE_1_KAKHOVKA_LOWER_DNIPRO,2026-06-27,2026,ZONE,0.112,27.27,2167.43,957.89,81.75,0.0,92.77,144.88,68.76,0.0,762.69
ZONE_1_KAKHOVKA_LOWER_DNIPRO,2026-06-27,2026,POOL_PREBREACH,0.0445,12.84,1.43,1.63,3.19,0.0,48.63,7.96,3.25,0.0,17.75
ZONE_1_KAKHOVKA_LOWER_DNIPRO,2026-06-29,2026,ZONE,0.6943,476.43,12873.64,5905.34,441.28,0.0,1061.92,789.58,243.0,0.0,4882.73
ZONE_1_KAKHOVKA_LOWER_DNIPRO,2026-06-29,2026,POOL_PREBREACH,0.9458,147.35,40.16,86.09,54.08,0.0,910.41,169.04,69.18,0.0,580.43
ZONE_1_KAKHOVKA_LOWER_DNIPRO,2026-07-02,2026,ZONE,0.4391,195.25,7913.46,3598.05,506.49,0.0,666.47,470.6,164.85,0.0,3353.55
ZONE_1_KAKHOVKA_LOWER_DNIPRO,2026-07-02,2026,POOL_PREBREACH,0.4914,98.88,13.43,16.53,65.66,0.0,530.46,86.45,29.94,0.0,227.35
ZONE_1_KAKHOVKA_LOWER_DNIPRO,2026-07-07,2026,ZONE,0.4427,207.35,8327.48,2695.62,439.87,0.0,720.88,550.23,141.98,0.0,3924.94
ZONE_1_KAKHOVKA_LOWER_DNIPRO,2026-07-07,2026,POOL_PREBREACH,0.4921,106.16,15.05,13.03,31.39,0.0,532.26,91.69,26.43,0.0,254.16
ZONE_1_KAKHOVKA_LOWER_DNIPRO,2026-07-12,2026,ZONE,0.1558,55.6,3038.13,1209.34,195.38,0.0,216.54,94.84,142.47,0.0,1032.94
ZONE_1_KAKHOVKA_LOWER_DNIPRO,2026-07-12,2026,POOL_PREBREACH,0.0697,26.48,0.96,2.28,14.51,0.0,66.42,14.31,4.63,0.0,22.02
ZONE_1_KAKHOVKA_LOWER_DNIPRO,2026-07-19,2026,ZONE,0.5924,458.76,9055.9,4452.63,849.3,0.0,1272.64,807.88,405.1,0.0,5457.74
ZONE_1_KAKHOVKA_LOWER_DNIPRO,2026-07-19,2026,POOL_PREBREACH,0.9501,137.35,34.5,62.74,177.38,0.0,925.19,159.52,64.12,0.0,505.37
ZONE_1_KAKHOVKA_LOWER_DNIPRO,2026-07-21,2026,ZONE,0.0096,121.03,151.41,41.9,0.64,0.0,0.47,13.34,5.01,0.0,34.03
ZONE_1_KAKHOVKA_LOWER_DNIPRO,2026-07-21,2026,POOL_PREBREACH,0.0,0.0,0.0,0.0,0.0,0.0,0.0,0.0,0.0,0.0,0.0
ZONE_1_KAKHOVKA_LOWER_DNIPRO,2026-07-29,2026,ZONE,0.2866,292.6,4260.89,1671.17,335.67,0.0,818.26,582.34,427.47,0.0,2623.39
ZONE_1_KAKHOVKA_LOWER_DNIPRO,2026-07-29,2026,POOL_PREBREACH,0.4547,59.44,39.05,35.04,50.03,0.0,457.38,86.28,27.29,0.0,234.28
ZONE_1_KAKHOVKA_LOWER_DNIPRO,2026-07-31,2026,ZONE,0.0003,0.0,1.4,3.38,0.48,0.0,0.13,2.01,0.04,0.0,3.13
ZONE_1_KAKHOVKA_LOWER_DNIPRO,2026-07-31,2026,POOL_PREBREACH,0.0,0.0,0.0,0.0,0.0,0.0,0.0,0.0,0.0,0.0,0.0
ZONE_1_KAKHOVKA_LOWER_DNIPRO,2026-08-01,2026,ZONE,0.3135,142.59,4530.9,2337.1,516.48,0.0,1114.02,343.57,145.2,0.0,2913.09
ZONE_1_KAKHOVKA_LOWER_DNIPRO,2026-08-01,2026,POOL_PREBREACH,0.4489,74.42,13.44,10.46,88.66,0.0,501.5,73.14,19.99,0.0,194.52
ZONE_1_KAKHOVKA_LOWER_DNIPRO,2026-08-13,2026,ZONE,0.5164,391.41,9287.65,2808.56,643.7,0.0,465.6,810.05,982.05,0.0,4450.14
ZONE_1_KAKHOVKA_LOWER_DNIPRO,2026-08-13,2026,POOL_PREBREACH,0.6102,98.63,20.87,59.01,185.52,0.0,306.23,117.11,51.06,0.0,488.5
ZONE_1_KAKHOVKA_LOWER_DNIPRO,2026-08-16,2026,ZONE,0.157,54.86,3549.61,737.62,160.77,0.0,47.66,136.08,387.83,0.0,959.08
ZONE_1_KAKHOVKA_LOWER_DNIPRO,2026-08-16,2026,POOL_PREBREACH,0.0698,26.4,1.78,1.78,36.86,0.0,15.97,14.12,5.92,0.0,49.04
ZONE_1_KAKHOVKA_LOWER_DNIPRO,2026-08-18,2026,ZONE,0.3636,335.33,7081.0,1435.03,352.28,0.0,367.35,612.81,820.57,0.0,2964.43
ZONE_1_KAKHOVKA_LOWER_DNIPRO,2026-08-18,2026,POOL_PREBREACH,0.5404,70.19,28.87,53.38,82.03,0.0,279.8,109.64,48.64,0.0,502.74
ZONE_1_KAKHOVKA_LOWER_DNIPRO,2026-08-21,2026,ZONE,0.4424,184.69,8764.21,2538.01,906.35,0.0,479.82,452.22,646.09,0.0,3025.09
ZONE_1_KAKHOVKA_LOWER_DNIPRO,2026-08-21,2026,POOL_PREBREACH,0.4921,88.78,12.04,15.75,400.98,0.0,228.46,73.57,30.09,0.0,220.53
ZONE_1_KAKHOVKA_LOWER_DNIPRO,2026-08-23,2026,ZONE,0.5111,219.93,10045.58,2177.73,763.19,0.0,991.16,885.63,595.94,0.0,3958.0
ZONE_1_KAKHOVKA_LOWER_DNIPRO,2026-08-23,2026,POOL_PREBREACH,0.9507,133.62,36.24,71.42,336.8,0.0,741.83,158.89,67.22,0.0,521.43
ZONE_1_KAKHOVKA_LOWER_DNIPRO,2026-08-30,2026,ZONE,0.0093,115.05,170.11,18.48,0.47,0.0,2.01,10.72,9.53,0.0,31.34
ZONE_1_KAKHOVKA_LOWER_DNIPRO,2026-08-30,2026,POOL_PREBREACH,0.0,0.0,0.0,0.0,0.0,0.0,0.0,0.0,0.0,0.0,0.0
ZONE_1_KAKHOVKA_LOWER_DNIPRO,2026-09-05,2026,ZONE,0.1266,38.61,2887.56,600.61,123.63,0.0,56.9,157.83,290.87,0.0,708.74
ZONE_1_KAKHOVKA_LOWER_DNIPRO,2026-09-05,2026,POOL_PREBREACH,0.0655,22.92,1.81,2.4,50.07,0.0,19.44,12.29,5.22,0.0,28.25
ZONE_1_KAKHOVKA_LOWER_DNIPRO,2026-09-09,2026,ZONE,0.4364,292.77,10258.96,2176.13,771.58,0.0,341.51,436.2,310.18,0.0,2180.73
ZONE_1_KAKHOVKA_LOWER_DNIPRO,2026-09-09,2026,POOL_PREBREACH,0.4855,83.41,16.15,16.81,456.52,0.0,195.56,68.97,29.76,0.0,188.55
ZONE_1_KAKHOVKA_LOWER_DNIPRO,2026-09-10,2026,ZONE,0.4408,177.63,10166.04,2338.75,1114.51,0.0,236.38,324.41,301.96,0.0,2274.91
ZONE_1_KAKHOVKA_LOWER_DNIPRO,2026-09-10,2026,POOL_PREBREACH,0.492,86.29,15.42,14.08,593.1,0.0,116.57,65.3,29.25,0.0,149.96
ZONE_1_KAKHOVKA_LOWER_DNIPRO,2026-09-12,2026,ZONE,0.5223,347.34,12542.43,1268.01,393.02,0.0,742.98,799.1,378.54,0.0,3596.16
ZONE_1_KAKHOVKA_LOWER_DNIPRO,2026-09-12,2026,POOL_PREBREACH,0.7789,104.08,55.5,42.33,161.19,0.0,592.58,128.44,59.94,0.0,549.71
ZONE_2_KHERSON_DELTA,2017-04-30,2017,ZONE,1.0,187.01,880.64,594.3,153.89,0.0,143.05,132.9,22.96,0.0,776.1
ZONE_2_KHERSON_DELTA,2017-07-24,2017,ZONE,1.0,185.34,845.73,484.14,119.44,0.0,253.86,168.42,45.11,0.0,788.73
ZONE_2_KHERSON_DELTA,2017-08-08,2017,ZONE,0.9998,181.7,1201.9,455.44,125.48,0.0,253.78,116.9,82.28,0.0,472.74
ZONE_2_KHERSON_DELTA,2018-04-10,2018,ZONE,0.9636,171.14,882.61,366.28,142.51,0.0,171.89,153.33,17.37,0.0,880.48
ZONE_2_KHERSON_DELTA,2018-04-30,2018,ZONE,1.0,183.3,943.58,400.97,213.32,0.0,126.73,110.09,19.21,0.0,893.67
ZONE_2_KHERSON_DELTA,2018-07-04,2018,ZONE,0.9752,177.88,897.69,764.26,143.08,0.0,226.41,124.53,29.09,0.0,456.31
ZONE_2_KHERSON_DELTA,2018-08-13,2018,ZONE,0.9999,181.72,1146.72,513.92,138.06,0.0,225.89,161.9,27.78,0.0,494.71
ZONE_2_KHERSON_DELTA,2018-08-18,2018,ZONE,0.9582,181.95,1206.61,396.0,111.23,0.0,186.14,191.82,36.8,0.0,459.63
ZONE_2_KHERSON_DELTA,2018-10-07,2018,ZONE,0.9999,175.76,990.93,693.17,170.12,0.0,239.43,88.22,23.54,0.0,509.34
ZONE_2_KHERSON_DELTA,2018-10-12,2018,ZONE,1.0,175.86,1176.28,558.32,136.39,0.0,212.02,94.22,29.69,0.0,507.97
ZONE_2_KHERSON_DELTA,2019-04-20,2019,ZONE,0.9992,175.56,954.56,476.8,166.94,0.0,151.63,141.42,20.41,0.0,801.29
ZONE_2_KHERSON_DELTA,2019-05-30,2019,ZONE,0.965,177.37,570.48,298.15,166.74,0.0,380.03,155.19,19.24,0.0,1022.43
ZONE_2_KHERSON_DELTA,2019-08-28,2019,ZONE,0.9944,178.73,1363.04,432.26,151.99,0.0,189.02,137.31,36.45,0.0,386.03
ZONE_2_KHERSON_DELTA,2019-09-07,2019,ZONE,0.9827,178.32,1280.24,493.34,165.96,0.0,181.58,109.18,35.26,0.0,397.02
ZONE_2_KHERSON_DELTA,2019-10-02,2019,ZONE,0.9995,174.62,1377.71,477.76,137.58,0.0,211.98,76.29,34.94,0.0,398.49
ZONE_2_KHERSON_DELTA,2020-01-15,2020,ZONE,0.9999,186.49,1065.42,303.25,263.27,0.0,155.88,44.13,9.29,0.0,862.97
ZONE_2_KHERSON_DELTA,2020-01-25,2020,ZONE,0.9999,186.83,928.44,466.76,236.23,0.0,145.53,38.32,8.39,0.0,880.18
ZONE_2_KHERSON_DELTA,2020-05-19,2020,ZONE,0.9997,182.42,696.05,366.79,138.82,0.0,62.08,148.6,27.41,0.0,1267.76
ZONE_2_KHERSON_DELTA,2020-09-16,2020,ZONE,1.0,177.48,1579.9,336.18,142.88,0.0,202.7,101.79,34.39,0.0,315.48
ZONE_2_KHERSON_DELTA,2021-08-02,2021,ZONE,0.9998,175.88,961.22,524.79,159.37,0.0,274.79,156.11,19.22,0.0,619.04
ZONE_2_KHERSON_DELTA,2021-11-25,2021,ZONE,1.0,178.0,932.85,556.5,188.15,0.0,156.79,98.59,20.72,0.0,759.15
ZONE_2_KHERSON_DELTA,2022-02-13,2022,ZONE,0.9773,182.85,729.79,356.24,315.72,0.0,231.57,98.17,11.12,0.0,899.68
ZONE_2_KHERSON_DELTA,2022-06-03,2022,ZONE,0.994,170.4,401.31,457.74,133.98,0.0,218.11,229.03,21.17,0.0,1241.83
ZONE_2_KHERSON_DELTA,2022-07-18,2022,ZONE,0.9985,173.81,962.43,657.5,151.93,0.0,221.83,128.88,19.08,0.0,571.07
ZONE_2_KHERSON_DELTA,2022-08-07,2022,ZONE,0.997,171.75,944.58,696.48,151.6,0.0,252.85,114.59,23.02,0.0,527.2
ZONE_2_KHERSON_DELTA,2022-10-11,2022,ZONE,0.9998,171.77,524.76,571.3,234.38,0.0,329.64,88.78,14.45,0.0,955.33
ZONE_2_KHERSON_DELTA,2022-11-15,2022,ZONE,0.9967,172.03,263.06,739.13,232.01,0.0,209.19,50.67,12.73,0.0,1202.58
ZONE_2_KHERSON_DELTA,2023-02-08,2023,ZONE,0.9621,181.78,620.75,405.15,159.84,0.0,203.71,173.53,19.12,0.0,1017.53
ZONE_2_KHERSON_DELTA,2023-02-13,2023,ZONE,0.9529,126.62,568.96,1005.98,150.62,0.0,184.54,115.23,15.14,0.0,587.69
ZONE_2_KHERSON_DELTA,2023-02-23,2023,ZONE,0.9943,186.8,740.12,546.77,215.01,0.0,180.72,110.03,8.96,0.0,886.05
ZONE_2_KHERSON_DELTA,2023-06-08,2023,ZONE,0.2568,118.48,61.95,74.32,5.27,0.0,56.35,157.79,6.55,0.0,261.55
ZONE_2_KHERSON_DELTA,2023-06-15,2023,ZONE,0.0,0.0,0.0,0.0,0.0,0.0,0.0,0.0,0.0,0.0,0.0
ZONE_2_KHERSON_DELTA,2023-06-18,2023,ZONE,0.7521,177.67,284.91,376.26,69.5,0.0,132.75,263.38,16.62,0.0,853.0
ZONE_2_KHERSON_DELTA,2023-06-20,2023,ZONE,0.0,0.0,0.0,0.0,0.0,0.0,0.0,0.0,0.0,0.0,0.0
ZONE_2_KHERSON_DELTA,2023-06-23,2023,ZONE,0.7976,92.81,362.09,563.76,50.15,0.0,123.37,217.12,7.61,0.0,888.74
ZONE_2_KHERSON_DELTA,2023-06-25,2023,ZONE,0.0,0.0,0.0,0.0,0.0,0.0,0.0,0.0,0.0,0.0,0.0
ZONE_2_KHERSON_DELTA,2023-06-28,2023,ZONE,0.5529,186.95,114.36,283.63,53.89,0.0,97.19,324.45,20.1,0.0,517.71
ZONE_2_KHERSON_DELTA,2023-06-30,2023,ZONE,0.0,0.0,0.0,0.0,0.0,0.0,0.0,0.0,0.0,0.0,0.0
ZONE_2_KHERSON_DELTA,2023-07-01,2023,ZONE,0.0,0.0,0.0,0.0,0.0,0.0,0.0,0.0,0.0,0.0,0.0
ZONE_2_KHERSON_DELTA,2023-07-03,2023,ZONE,0.9131,177.9,393.14,938.77,121.5,0.0,91.46,161.08,15.01,0.0,740.77
ZONE_2_KHERSON_DELTA,2023-07-05,2023,ZONE,0.0,0.0,0.0,0.0,0.0,0.0,0.0,0.0,0.0,0.0,0.0
ZONE_2_KHERSON_DELTA,2023-07-08,2023,ZONE,0.6811,180.47,323.62,480.1,115.85,0.0,82.52,157.86,15.43,0.0,613.18
ZONE_2_KHERSON_DELTA,2023-07-11,2023,ZONE,0.0,0.0,0.0,0.0,0.0,0.0,0.0,0.0,0.0,0.0,0.0
ZONE_2_KHERSON_DELTA,2023-07-15,2023,ZONE,0.0,0.0,0.0,0.0,0.0,0.0,0.0,0.0,0.0,0.0,0.0
ZONE_2_KHERSON_DELTA,2023-07-21,2023,ZONE,0.0,0.0,0.0,0.0,0.0,0.0,0.0,0.0,0.0,0.0,0.0
ZONE_2_KHERSON_DELTA,2023-07-25,2023,ZONE,0.0,0.0,0.0,0.0,0.0,0.0,0.0,0.0,0.0,0.0,0.0
ZONE_2_KHERSON_DELTA,2023-07-28,2023,ZONE,0.2282,98.51,78.73,67.26,22.12,0.0,37.24,141.18,6.87,0.0,207.81
ZONE_2_KHERSON_DELTA,2023-07-30,2023,ZONE,0.0,0.0,0.0,0.0,0.0,0.0,0.0,0.0,0.0,0.0,0.0
ZONE_2_KHERSON_DELTA,2023-08-07,2023,ZONE,0.9637,184.03,539.28,970.81,169.91,0.0,194.32,123.1,19.99,0.0,584.52
ZONE_2_KHERSON_DELTA,2023-10-11,2023,ZONE,0.9992,177.35,1423.93,187.67,147.11,0.0,161.58,63.49,26.41,0.0,701.02
ZONE_2_KHERSON_DELTA,2023-10-31,2023,ZONE,1.0,178.95,1280.17,649.28,230.64,0.0,28.82,53.29,26.55,0.0,443.12
ZONE_2_KHERSON_DELTA,2024-02-28,2024,ZONE,0.9983,195.27,488.05,742.3,347.28,0.0,187.58,66.93,9.68,0.0,848.76
ZONE_2_KHERSON_DELTA,2024-04-03,2024,ZONE,0.9993,175.46,609.61,934.16,230.43,0.0,179.91,78.01,19.55,0.0,661.85
ZONE_2_KHERSON_DELTA,2024-07-07,2024,ZONE,0.9997,179.64,957.53,809.14,47.65,0.0,189.7,144.12,30.25,0.0,532.06
ZONE_2_KHERSON_DELTA,2024-08-11,2024,ZONE,0.9872,177.8,1341.15,490.39,78.41,0.0,192.33,74.22,123.99,0.0,375.73
ZONE_2_KHERSON_DELTA,2024-09-25,2024,ZONE,0.9999,174.74,1490.05,468.85,83.23,0.0,232.16,81.77,28.3,0.0,331.6
ZONE_2_KHERSON_DELTA,2024-10-05,2024,ZONE,0.9998,165.42,1611.66,377.96,73.88,0.0,73.28,82.53,35.47,0.0,470.19
ZONE_2_KHERSON_DELTA,2024-10-30,2024,ZONE,0.9944,179.73,859.26,745.15,303.01,0.0,25.24,63.08,22.52,0.0,676.71
ZONE_2_KHERSON_DELTA,2024-12-14,2024,ZONE,0.9987,183.41,448.62,919.82,227.27,0.0,192.17,28.68,11.96,0.0,875.06
ZONE_2_KHERSON_DELTA,2025-01-13,2025,ZONE,0.9825,162.93,529.93,80.54,491.5,0.0,165.28,120.81,54.62,0.0,1234.73
ZONE_2_KHERSON_DELTA,2025-02-02,2025,ZONE,0.9993,184.56,447.14,86.31,1104.23,0.0,323.41,10.23,4.95,0.0,727.95
ZONE_2_KHERSON_DELTA,2025-02-27,2025,ZONE,0.9731,193.93,530.09,612.22,261.5,0.0,150.34,158.16,18.57,0.0,888.21
ZONE_2_KHERSON_DELTA,2025-04-18,2025,ZONE,0.9999,64.51,611.67,944.32,102.0,0.0,232.71,99.59,22.06,0.0,813.79
ZONE_2_KHERSON_DELTA,2025-04-23,2025,ZONE,1.0,153.24,781.3,617.96,84.1,0.0,169.56,122.74,18.5,0.0,943.44
ZONE_2_KHERSON_DELTA,2025-04-28,2025,ZONE,0.9996,113.66,880.1,646.14,139.79,0.0,171.73,96.2,16.4,0.0,825.71
ZONE_2_KHERSON_DELTA,2025-05-03,2025,ZONE,0.9953,180.66,599.13,725.66,114.91,0.0,119.11,106.5,18.11,0.0,1013.34
ZONE_2_KHERSON_DELTA,2025-06-27,2025,ZONE,1.0,179.06,1250.83,746.4,46.18,0.0,200.91,69.24,63.28,0.0,334.97
ZONE_2_KHERSON_DELTA,2025-09-27,2025,ZONE,0.0,0.0,0.0,0.0,0.0,0.0,0.0,0.0,0.0,0.0,0.0
ZONE_2_KHERSON_DELTA,2025-11-14,2025,ZONE,0.9876,176.69,596.57,526.34,200.75,0.0,116.52,82.76,9.87,0.0,1145.39
ZONE_2_KHERSON_DELTA,2026-03-16,2026,ZONE,0.0,0.0,0.0,0.0,0.0,0.0,0.0,0.0,0.0,0.0,0.0
ZONE_2_KHERSON_DELTA,2026-04-25,2026,ZONE,0.0,0.0,0.0,0.0,0.0,0.0,0.0,0.0,0.0,0.0,0.0
ZONE_2_KHERSON_DELTA,2026-05-03,2026,ZONE,0.9791,173.23,865.25,389.28,113.78,0.0,111.82,109.0,11.12,0.0,1057.07
ZONE_2_KHERSON_DELTA,2026-05-05,2026,ZONE,0.0,0.0,0.0,0.0,0.0,0.0,0.0,0.0,0.0,0.0,0.0
ZONE_2_KHERSON_DELTA,2026-05-08,2026,ZONE,0.9692,187.78,930.08,413.95,136.35,0.0,76.19,112.58,13.1,0.0,931.83
ZONE_2_KHERSON_DELTA,2026-07-02,2026,ZONE,0.9917,178.27,1289.52,614.66,52.51,0.0,198.69,98.41,23.59,0.0,411.24
ZONE_2_KHERSON_DELTA,2026-08-16,2026,ZONE,0.9995,181.57,1499.58,381.66,77.28,0.0,172.46,83.09,52.88,0.0,440.93
ZONE_2_KHERSON_DELTA,2026-08-23,2026,ZONE,0.0,0.0,0.0,0.0,0.0,0.0,0.0,0.0,0.0,0.0,0.0
ZONE_2_KHERSON_DELTA,2026-09-10,2026,ZONE,0.9999,179.16,1624.63,397.65,134.65,0.0,141.54,56.42,39.08,0.0,317.48
ZONE_3_DNIPRO_BUG_ESTUARY,2017-01-10,2017,ZONE,0.1007,1033.82,0.68,2.51,10.91,0.0,18.2,10.69,0.82,0.0,109.06
ZONE_3_DNIPRO_BUG_ESTUARY,2017-02-09,2017,ZONE,0.2031,1755.23,0.72,11.34,59.46,0.0,193.36,10.49,9.26,0.0,353.68
ZONE_3_DNIPRO_BUG_ESTUARY,2017-03-31,2017,ZONE,0.9854,3276.75,3131.5,1613.95,1021.78,0.0,199.13,219.18,33.31,0.0,2118.55
ZONE_3_DNIPRO_BUG_ESTUARY,2017-06-29,2017,ZONE,0.9766,3305.4,2624.63,2819.44,161.27,0.0,231.29,374.57,57.58,0.0,1935.54
ZONE_3_DNIPRO_BUG_ESTUARY,2017-08-08,2017,ZONE,0.8529,3247.77,2560.8,1103.84,166.4,0.0,246.15,993.46,276.25,0.0,1457.58
ZONE_3_DNIPRO_BUG_ESTUARY,2017-09-02,2017,ZONE,0.8091,2767.2,3012.97,1086.5,208.36,0.0,178.77,408.51,60.75,0.0,1812.88
ZONE_3_DNIPRO_BUG_ESTUARY,2017-09-27,2017,ZONE,0.7684,1768.87,4399.55,1410.45,174.25,0.0,211.79,187.01,34.31,0.0,870.05
ZONE_3_DNIPRO_BUG_ESTUARY,2018-01-25,2018,ZONE,0.2377,2699.26,1.39,3.48,22.63,0.0,32.48,0.12,0.3,0.0,41.81
ZONE_3_DNIPRO_BUG_ESTUARY,2018-03-01,2018,ZONE,0.0,0.0,0.0,0.0,0.0,0.0,0.05,0.0,0.0,0.0,0.0
ZONE_3_DNIPRO_BUG_ESTUARY,2018-07-14,2018,ZONE,0.9638,3188.9,2638.07,2812.09,296.11,0.0,265.7,295.0,66.08,0.0,1796.78
ZONE_3_DNIPRO_BUG_ESTUARY,2018-08-13,2018,ZONE,0.9925,3301.89,3746.77,1760.55,298.18,0.0,266.11,528.34,50.49,0.0,1745.13
ZONE_3_DNIPRO_BUG_ESTUARY,2018-08-23,2018,ZONE,0.9889,3176.58,4027.05,2050.54,309.64,0.0,221.55,412.7,48.51,0.0,1408.13
ZONE_3_DNIPRO_BUG_ESTUARY,2018-09-17,2018,ZONE,0.8943,2884.09,3036.44,1417.28,428.32,0.0,393.93,298.82,23.14,0.0,2057.67
ZONE_3_DNIPRO_BUG_ESTUARY,2018-09-22,2018,ZONE,0.9994,3293.99,3689.51,1950.4,286.7,0.0,343.82,334.9,36.32,0.0,1843.09
ZONE_3_DNIPRO_BUG_ESTUARY,2018-10-07,2018,ZONE,0.9993,3283.79,3285.67,2089.51,391.65,0.0,306.89,222.87,41.81,0.0,2155.46
ZONE_3_DNIPRO_BUG_ESTUARY,2018-10-17,2018,ZONE,0.9987,3276.48,3272.8,2027.95,356.38,0.0,281.85,134.84,48.35,0.0,2372.22
ZONE_3_DNIPRO_BUG_ESTUARY,2019-02-19,2019,ZONE,0.9908,3221.89,3429.3,1860.2,640.4,0.0,205.1,191.63,36.18,0.0,2092.87
ZONE_3_DNIPRO_BUG_ESTUARY,2019-02-24,2019,ZONE,0.2935,3308.28,0.03,0.01,5.44,0.0,88.73,1.87,16.13,0.0,38.15
ZONE_3_DNIPRO_BUG_ESTUARY,2019-03-01,2019,ZONE,0.125,1205.04,23.94,23.42,7.08,0.0,5.12,47.91,7.99,0.0,152.83
ZONE_3_DNIPRO_BUG_ESTUARY,2019-03-16,2019,ZONE,0.5173,1675.73,1526.46,541.56,154.91,0.0,72.58,328.84,28.75,0.0,1768.51
ZONE_3_DNIPRO_BUG_ESTUARY,2019-03-31,2019,ZONE,0.8882,2547.48,3233.87,1741.79,455.79,0.0,143.39,220.44,32.14,0.0,2093.35
ZONE_3_DNIPRO_BUG_ESTUARY,2019-04-20,2019,ZONE,0.9993,3279.49,3592.69,1338.38,444.68,0.0,195.13,280.29,35.7,0.0,2611.39
ZONE_3_DNIPRO_BUG_ESTUARY,2019-05-30,2019,ZONE,0.9501,2811.53,2317.69,1002.12,426.93,0.0,932.56,371.44,37.48,0.0,3298.0
ZONE_3_DNIPRO_BUG_ESTUARY,2019-07-24,2019,ZONE,0.8344,3126.75,2177.32,1493.64,258.68,0.0,367.04,487.96,87.43,0.0,1835.26
ZONE_3_DNIPRO_BUG_ESTUARY,2019-09-22,2019,ZONE,0.6982,2490.49,3036.76,1016.03,93.53,0.0,138.9,342.22,73.07,0.0,1037.81
ZONE_3_DNIPRO_BUG_ESTUARY,2020-01-25,2020,ZONE,0.9963,3305.21,3413.74,1437.69,559.15,0.0,109.67,110.18,20.59,0.0,2786.59
ZONE_3_DNIPRO_BUG_ESTUARY,2020-02-14,2020,ZONE,0.4622,2675.63,752.11,287.84,245.15,0.0,111.96,184.24,33.58,0.0,1156.9
ZONE_3_DNIPRO_BUG_ESTUARY,2020-04-09,2020,ZONE,0.9969,3272.27,3111.95,1918.52,321.48,0.0,128.99,338.06,33.13,0.0,2625.13
ZONE_3_DNIPRO_BUG_ESTUARY,2020-06-28,2020,ZONE,0.5859,1798.64,1153.74,1265.36,34.8,0.0,153.98,426.52,25.34,0.0,2046.43
ZONE_3_DNIPRO_BUG_ESTUARY,2021-01-19,2021,ZONE,0.1177,1222.72,3.34,10.12,25.87,0.0,58.64,1.35,0.47,0.0,64.65
ZONE_3_DNIPRO_BUG_ESTUARY,2021-04-24,2021,ZONE,0.7541,3232.63,2117.44,982.32,387.48,0.0,136.19,261.29,24.79,0.0,1745.02
ZONE_3_DNIPRO_BUG_ESTUARY,2021-05-04,2021,ZONE,0.9222,3309.39,3108.7,1516.9,425.27,0.0,165.01,295.47,29.1,0.0,2019.09
ZONE_3_DNIPRO_BUG_ESTUARY,2021-05-14,2021,ZONE,0.6165,1914.79,2143.96,770.47,355.05,0.0,78.75,320.93,25.71,0.0,1656.8
ZONE_3_DNIPRO_BUG_ESTUARY,2021-08-02,2021,ZONE,0.9381,3287.77,3006.47,1452.9,346.24,0.0,593.65,434.15,39.21,0.0,1895.47
ZONE_3_DNIPRO_BUG_ESTUARY,2021-09-16,2021,ZONE,0.8344,2433.06,3634.14,1348.33,244.38,0.0,281.8,275.35,31.62,0.0,1585.12
ZONE_3_DNIPRO_BUG_ESTUARY,2021-10-01,2021,ZONE,0.7472,1117.63,3926.62,1474.52,282.89,0.0,352.2,259.75,20.65,0.0,1372.14
ZONE_3_DNIPRO_BUG_ESTUARY,2022-02-13,2022,ZONE,0.8119,1830.67,2474.09,936.86,946.98,0.0,258.56,300.76,27.25,0.0,2793.31
ZONE_3_DNIPRO_BUG_ESTUARY,2022-02-23,2022,ZONE,0.9918,3252.38,2978.72,2246.06,586.99,0.0,204.93,194.58,34.75,0.0,2190.36
ZONE_3_DNIPRO_BUG_ESTUARY,2022-02-28,2022,ZONE,0.3025,204.89,682.02,502.55,163.47,0.0,55.51,341.05,60.82,0.0,1555.08
ZONE_3_DNIPRO_BUG_ESTUARY,2022-06-13,2022,ZONE,0.9844,3283.78,1942.68,2253.27,436.53,0.0,113.87,391.17,47.46,0.0,3133.29
ZONE_3_DNIPRO_BUG_ESTUARY,2022-07-23,2022,ZONE,0.8178,3148.06,2357.44,1623.77,149.85,0.0,150.93,395.31,186.26,0.0,1626.99
ZONE_3_DNIPRO_BUG_ESTUARY,2022-10-16,2022,ZONE,0.9993,3286.7,3097.33,1594.7,408.25,0.0,186.78,250.83,34.85,0.0,2918.53
ZONE_3_DNIPRO_BUG_ESTUARY,2022-10-21,2022,ZONE,0.7116,1621.31,2031.76,1175.72,303.83,0.0,90.4,506.93,54.26,0.0,2603.13
ZONE_3_DNIPRO_BUG_ESTUARY,2023-01-19,2023,ZONE,0.7552,2687.51,2263.93,893.35,263.44,0.0,67.19,256.26,61.06,0.0,2408.01
ZONE_3_DNIPRO_BUG_ESTUARY,2023-02-08,2023,ZONE,0.6823,1078.99,2513.08,1368.86,322.57,0.0,161.6,318.81,36.5,0.0,2240.78
ZONE_3_DNIPRO_BUG_ESTUARY,2023-02-13,2023,ZONE,0.8571,3122.58,2257.93,2012.74,309.64,0.0,109.78,194.2,31.08,0.0,2063.93
ZONE_3_DNIPRO_BUG_ESTUARY,2023-03-05,2023,ZONE,0.8136,2998.61,2014.5,1536.62,401.61,0.0,106.62,227.53,24.12,0.0,2279.67
ZONE_3_DNIPRO_BUG_ESTUARY,2023-06-15,2023,ZONE,0.0,0.0,0.0,0.0,0.0,0.0,0.0,0.0,0.0,0.0,0.0
ZONE_3_DNIPRO_BUG_ESTUARY,2023-06-16,2023,ZONE,0.1697,1156.47,182.22,102.4,32.83,0.0,45.79,61.57,74.08,0.0,345.02
ZONE_3_DNIPRO_BUG_ESTUARY,2023-06-18,2023,ZONE,0.9032,3083.81,1943.88,1930.74,375.52,0.0,213.81,536.08,34.59,0.0,2526.85
ZONE_3_DNIPRO_BUG_ESTUARY,2023-06-23,2023,ZONE,0.9634,3162.46,2573.69,2361.38,161.42,0.0,250.4,487.63,31.75,0.0,2326.21
ZONE_3_DNIPRO_BUG_ESTUARY,2023-06-25,2023,ZONE,0.0,0.0,0.0,0.0,0.0,0.0,0.0,0.0,0.0,0.0,0.0
ZONE_3_DNIPRO_BUG_ESTUARY,2023-06-28,2023,ZONE,0.1712,958.13,140.66,289.65,25.36,0.0,68.73,163.89,16.71,0.0,354.28
ZONE_3_DNIPRO_BUG_ESTUARY,2023-07-01,2023,ZONE,0.3038,1308.02,816.93,434.19,40.49,0.0,127.69,120.16,57.77,0.0,675.2
ZONE_3_DNIPRO_BUG_ESTUARY,2023-07-03,2023,ZONE,0.5692,1713.1,1368.73,1452.51,105.46,0.0,149.41,398.17,34.44,0.0,1487.26
ZONE_3_DNIPRO_BUG_ESTUARY,2023-07-06,2023,ZONE,0.1522,10.89,632.23,373.54,34.85,0.0,91.56,77.77,9.39,0.0,564.03
ZONE_3_DNIPRO_BUG_ESTUARY,2023-07-08,2023,ZONE,0.2629,1341.83,303.95,545.51,42.51,0.0,58.29,207.69,33.2,0.0,565.85
ZONE_3_DNIPRO_BUG_ESTUARY,2023-07-11,2023,ZONE,0.138,46.08,567.84,267.41,58.18,0.0,176.45,88.22,21.96,0.0,400.06
ZONE_3_DNIPRO_BUG_ESTUARY,2023-07-15,2023,ZONE,0.0,0.0,0.0,0.0,0.0,0.0,0.0,0.0,0.0,0.0,0.0
ZONE_3_DNIPRO_BUG_ESTUARY,2023-07-16,2023,ZONE,0.374,1388.12,1270.49,716.13,83.77,0.0,132.84,127.37,32.64,0.0,656.22
ZONE_3_DNIPRO_BUG_ESTUARY,2023-07-21,2023,ZONE,0.5467,1462.82,1494.86,573.96,310.48,0.0,741.93,220.64,183.66,0.0,1454.91
ZONE_3_DNIPRO_BUG_ESTUARY,2023-07-26,2023,ZONE,0.2229,1316.23,459.85,359.7,9.38,0.0,11.78,55.81,44.22,0.0,370.42
ZONE_3_DNIPRO_BUG_ESTUARY,2023-07-28,2023,ZONE,0.7239,3215.73,1271.56,1238.68,154.82,0.0,500.25,454.59,60.18,0.0,1635.77
ZONE_3_DNIPRO_BUG_ESTUARY,2023-07-30,2023,ZONE,0.0,0.0,0.0,0.0,0.0,0.0,0.0,0.0,0.0,0.0,0.0
ZONE_3_DNIPRO_BUG_ESTUARY,2023-08-17,2023,ZONE,0.9209,3270.83,3178.42,2117.13,222.98,0.0,240.37,348.83,56.5,0.0,1419.06
ZONE_3_DNIPRO_BUG_ESTUARY,2023-09-01,2023,ZONE,0.8515,3212.5,2270.54,704.35,16.73,0.0,113.64,1541.66,71.36,0.0,2104.46
ZONE_3_DNIPRO_BUG_ESTUARY,2023-09-11,2023,ZONE,0.9878,3291.45,4074.99,1986.15,201.74,0.0,194.82,355.43,67.9,0.0,1469.64
ZONE_3_DNIPRO_BUG_ESTUARY,2023-09-21,2023,ZONE,0.8639,3079.34,3915.28,1276.67,92.7,0.0,176.63,335.88,50.1,0.0,1255.41
ZONE_3_DNIPRO_BUG_ESTUARY,2024-03-24,2024,ZONE,0.9774,3145.98,2799.78,2092.37,786.32,0.0,341.65,205.67,60.57,0.0,2087.31
ZONE_3_DNIPRO_BUG_ESTUARY,2024-04-08,2024,ZONE,0.9243,3276.69,2670.66,1981.04,496.71,0.0,140.37,206.7,33.54,0.0,2088.21
ZONE_3_DNIPRO_BUG_ESTUARY,2024-06-07,2024,ZONE,0.8552,3207.6,970.34,1746.77,229.79,0.0,111.53,596.01,41.24,0.0,3176.33
ZONE_3_DNIPRO_BUG_ESTUARY,2024-06-22,2024,ZONE,0.9243,3246.57,2174.92,2399.62,107.94,0.0,202.73,300.99,41.29,0.0,2419.4
ZONE_3_DNIPRO_BUG_ESTUARY,2024-06-27,2024,ZONE,0.8221,3298.42,1757.2,2116.52,104.81,0.0,142.34,318.38,82.71,0.0,1868.19
ZONE_3_DNIPRO_BUG_ESTUARY,2024-07-27,2024,ZONE,0.9917,3294.41,3646.33,2350.29,273.16,0.0,166.66,194.17,169.11,0.0,1594.18
ZONE_3_DNIPRO_BUG_ESTUARY,2024-08-11,2024,ZONE,0.8223,3281.48,3159.52,1295.08,107.0,0.0,107.02,299.73,372.69,0.0,1069.4
ZONE_3_DNIPRO_BUG_ESTUARY,2024-11-19,2024,ZONE,0.8606,3237.08,2390.1,1558.24,242.15,0.0,96.38,216.79,39.66,0.0,2362.34
ZONE_3_DNIPRO_BUG_ESTUARY,2024-11-24,2024,ZONE,0.9969,3292.73,1622.07,423.81,2271.0,0.0,375.84,198.02,25.34,0.0,3540.7
ZONE_3_DNIPRO_BUG_ESTUARY,2024-12-14,2024,ZONE,0.985,3273.48,2057.73,1501.92,961.66,0.0,259.67,142.02,26.79,0.0,3385.55
ZONE_3_DNIPRO_BUG_ESTUARY,2025-01-13,2025,ZONE,0.9239,3217.19,2373.56,710.98,971.07,0.0,219.66,133.1,18.43,0.0,3244.73
ZONE_3_DNIPRO_BUG_ESTUARY,2025-02-02,2025,ZONE,0.9904,3259.42,1967.64,175.79,3133.71,0.0,599.11,27.35,14.48,0.0,2495.03
ZONE_3_DNIPRO_BUG_ESTUARY,2025-02-27,2025,ZONE,0.715,1288.49,1867.64,1603.57,576.68,0.0,120.0,338.62,29.94,0.0,2601.89
ZONE_3_DNIPRO_BUG_ESTUARY,2025-04-13,2025,ZONE,0.7936,3281.83,1733.51,809.87,616.53,0.0,160.29,578.83,32.33,0.0,2140.1
ZONE_3_DNIPRO_BUG_ESTUARY,2025-06-09,2025,ZONE,0.4812,1940.82,806.12,1050.25,180.42,0.0,27.96,127.83,16.82,0.0,1521.24
ZONE_3_DNIPRO_BUG_ESTUARY,2025-06-29,2025,ZONE,0.4781,1932.97,1783.95,1170.19,83.09,0.0,37.86,74.89,62.44,0.0,489.19
ZONE_3_DNIPRO_BUG_ESTUARY,2025-07-22,2025,ZONE,0.9453,3199.93,3921.44,1640.74,70.1,0.0,126.24,375.29,495.43,0.0,1312.21
ZONE_3_DNIPRO_BUG_ESTUARY,2025-08-08,2025,ZONE,0.4777,1914.0,1769.5,751.63,75.0,0.0,34.53,28.08,565.34,0.0,491.77
ZONE_3_DNIPRO_BUG_ESTUARY,2025-08-21,2025,ZONE,0.8619,3210.51,4008.8,571.68,82.13,0.0,88.07,161.48,1191.57,0.0,843.54
ZONE_3_DNIPRO_BUG_ESTUARY,2025-09-27,2025,ZONE,0.4813,1950.01,2136.62,1024.08,67.14,0.0,72.04,41.6,32.54,0.0,348.3
ZONE_3_DNIPRO_BUG_ESTUARY,2025-10-05,2025,ZONE,0.6702,2991.89,2359.44,707.7,88.26,0.0,115.41,327.55,115.15,0.0,1193.66
ZONE_3_DNIPRO_BUG_ESTUARY,2025-10-15,2025,ZONE,0.8763,3184.48,3541.7,635.95,273.7,0.0,123.98,314.69,61.28,0.0,2191.86
ZONE_3_DNIPRO_BUG_ESTUARY,2026-02-22,2026,ZONE,0.6474,2714.49,362.08,103.22,502.27,0.0,754.25,944.29,70.78,0.0,2178.62
ZONE_3_DNIPRO_BUG_ESTUARY,2026-04-05,2026,ZONE,0.4683,1948.5,980.9,1056.62,341.99,0.0,58.06,54.32,10.85,0.0,1067.76
ZONE_3_DNIPRO_BUG_ESTUARY,2026-04-15,2026,ZONE,0.3808,1888.92,654.64,753.63,109.88,0.0,57.82,84.28,5.28,0.0,933.15
ZONE_3_DNIPRO_BUG_ESTUARY,2026-04-25,2026,ZONE,0.4733,1953.62,1035.73,1040.35,191.7,0.0,71.66,81.98,10.07,0.0,1193.33
ZONE_3_DNIPRO_BUG_ESTUARY,2026-05-05,2026,ZONE,0.4814,1966.29,1052.27,854.58,102.44,0.0,65.43,177.1,10.58,0.0,1445.45
ZONE_3_DNIPRO_BUG_ESTUARY,2026-06-22,2026,ZONE,0.9798,3294.64,2728.11,2351.27,391.43,0.0,173.83,528.21,47.69,0.0,2032.97
ZONE_3_DNIPRO_BUG_ESTUARY,2026-09-05,2026,ZONE,0.9467,3170.13,4934.67,1290.66,261.83,0.0,108.34,106.39,280.1,0.0,1005.96
ZONE_4_DAM_TO_KHERSON_FLOODWAY,2017-09-12,2017,ZONE,0.4758,90.31,2289.84,781.37,322.5,0.0,281.03,204.17,154.12,0.0,800.4
ZONE_4_DAM_TO_KHERSON_FLOODWAY,2017-09-14,2017,ZONE,0.1442,18.44,465.95,390.23,195.82,0.0,56.12,36.11,94.28,0.0,235.2
ZONE_4_DAM_TO_KHERSON_FLOODWAY,2018-06-11,2018,ZONE,0.1319,15.96,251.61,347.39,107.6,0.0,46.12,51.15,101.34,0.0,444.17
ZONE_4_DAM_TO_KHERSON_FLOODWAY,2018-08-13,2018,ZONE,0.476,92.96,1671.31,884.81,443.13,0.0,289.77,340.28,126.0,0.0,1077.0
ZONE_4_DAM_TO_KHERSON_FLOODWAY,2019-06-16,2019,ZONE,0.1349,16.97,186.07,316.44,111.69,0.0,75.05,73.47,120.47,0.0,495.74
ZONE_4_DAM_TO_KHERSON_FLOODWAY,2019-07-26,2019,ZONE,0.139,17.53,339.75,311.53,143.47,0.0,68.34,95.26,108.49,0.0,353.47
ZONE_4_DAM_TO_KHERSON_FLOODWAY,2019-08-05,2019,ZONE,0.1128,10.02,210.04,180.31,116.41,0.0,55.62,154.25,94.13,0.0,346.92
ZONE_4_DAM_TO_KHERSON_FLOODWAY,2019-08-10,2019,ZONE,0.1392,18.12,352.29,306.36,156.97,0.0,67.88,88.91,107.35,0.0,342.71
ZONE_4_DAM_TO_KHERSON_FLOODWAY,2019-09-19,2019,ZONE,0.1181,10.18,268.7,301.45,139.04,0.0,68.29,41.69,100.18,0.0,292.92
ZONE_4_DAM_TO_KHERSON_FLOODWAY,2019-09-22,2019,ZONE,0.4138,57.9,1986.52,721.49,277.62,0.0,199.95,166.16,150.71,0.0,721.66
ZONE_4_DAM_TO_KHERSON_FLOODWAY,2021-07-03,2021,ZONE,0.4269,81.23,1340.77,766.27,332.35,0.0,395.87,316.48,76.25,0.0,1107.66
ZONE_4_DAM_TO_KHERSON_FLOODWAY,2021-08-24,2021,ZONE,0.1359,18.06,358.4,308.43,176.56,0.0,92.22,72.33,89.53,0.0,290.3
ZONE_4_DAM_TO_KHERSON_FLOODWAY,2021-09-08,2021,ZONE,0.6792,358.24,3062.16,1270.03,414.11,0.0,268.28,237.64,98.42,0.0,1318.94
ZONE_4_DAM_TO_KHERSON_FLOODWAY,2022-02-15,2022,ZONE,0.6608,327.49,2466.39,1051.84,409.14,0.0,60.82,481.98,117.32,0.0,1922.59
ZONE_4_DAM_TO_KHERSON_FLOODWAY,2022-08-24,2022,ZONE,0.1213,12.5,316.48,255.58,109.61,0.0,74.59,113.17,63.6,0.0,309.7
ZONE_4_DAM_TO_KHERSON_FLOODWAY,2023-06-08,2023,ZONE,0.1508,101.69,176.47,126.99,7.42,0.0,76.97,399.52,13.4,0.0,657.58
ZONE_4_DAM_TO_KHERSON_FLOODWAY,2023-06-15,2023,ZONE,0.0961,16.32,82.43,160.21,90.51,0.0,89.19,95.88,67.69,0.0,392.0
ZONE_4_DAM_TO_KHERSON_FLOODWAY,2023-06-18,2023,ZONE,0.5804,217.85,773.17,1355.82,374.97,0.0,355.22,391.28,160.16,0.0,2377.17
ZONE_4_DAM_TO_KHERSON_FLOODWAY,2023-06-20,2023,ZONE,0.1383,24.23,101.72,321.2,70.56,0.0,134.86,96.58,61.9,0.0,619.77
ZONE_4_DAM_TO_KHERSON_FLOODWAY,2023-06-23,2023,ZONE,0.3844,19.48,536.38,1002.79,156.73,0.0,227.12,356.01,64.93,0.0,1614.03
ZONE_4_DAM_TO_KHERSON_FLOODWAY,2023-06-25,2023,ZONE,0.3461,74.48,760.37,775.41,42.69,0.0,118.7,488.31,119.21,0.0,1201.83
ZONE_4_DAM_TO_KHERSON_FLOODWAY,2023-06-28,2023,ZONE,0.261,90.76,225.0,493.17,45.22,0.0,195.03,581.47,110.18,0.0,959.55
ZONE_4_DAM_TO_KHERSON_FLOODWAY,2023-06-30,2023,ZONE,0.5215,103.22,1018.61,1355.83,160.47,0.0,348.13,402.73,121.62,0.0,1885.69
ZONE_4_DAM_TO_KHERSON_FLOODWAY,2023-07-01,2023,ZONE,0.0,0.0,0.0,0.0,0.0,0.0,0.0,0.0,0.0,0.0,0.0
ZONE_4_DAM_TO_KHERSON_FLOODWAY,2023-07-03,2023,ZONE,0.907,188.55,1536.54,2897.35,562.96,0.0,407.66,658.21,193.65,0.0,2940.78
ZONE_4_DAM_TO_KHERSON_FLOODWAY,2023-07-05,2023,ZONE,0.3441,66.92,473.07,1376.62,152.7,0.0,95.75,194.2,174.71,0.0,1026.18
ZONE_4_DAM_TO_KHERSON_FLOODWAY,2023-07-08,2023,ZONE,0.6255,134.71,1310.76,1498.74,410.57,0.0,246.63,545.56,182.13,0.0,2143.75
ZONE_4_DAM_TO_KHERSON_FLOODWAY,2023-07-11,2023,ZONE,0.0,0.0,0.0,0.0,0.0,0.0,0.0,0.0,0.0,0.0,0.0
ZONE_4_DAM_TO_KHERSON_FLOODWAY,2023-07-15,2023,ZONE,0.3368,57.54,755.38,535.76,20.53,0.0,97.13,600.36,93.55,0.0,1324.42
ZONE_4_DAM_TO_KHERSON_FLOODWAY,2023-07-21,2023,ZONE,0.0,0.0,0.0,0.0,0.0,0.0,0.0,0.0,0.0,0.0,0.0
ZONE_4_DAM_TO_KHERSON_FLOODWAY,2023-07-25,2023,ZONE,0.1339,18.92,154.59,435.67,103.39,0.0,64.26,81.63,76.07,0.0,450.63
ZONE_4_DAM_TO_KHERSON_FLOODWAY,2023-07-28,2023,ZONE,0.0043,0.84,3.07,1.18,0.33,0.0,2.89,22.77,0.54,0.0,12.74
ZONE_4_DAM_TO_KHERSON_FLOODWAY,2023-07-30,2023,ZONE,0.5194,105.12,1297.65,1018.17,154.03,0.0,322.56,486.31,179.08,0.0,1811.43
ZONE_4_DAM_TO_KHERSON_FLOODWAY,2023-08-07,2023,ZONE,0.4517,99.53,876.99,1580.98,447.77,0.0,223.99,222.21,96.06,0.0,1126.98
ZONE_4_DAM_TO_KHERSON_FLOODWAY,2023-08-09,2023,ZONE,0.1362,18.56,187.5,410.92,158.24,0.0,68.99,115.15,76.96,0.0,372.93
ZONE_4_DAM_TO_KHERSON_FLOODWAY,2023-08-17,2023,ZONE,0.6437,143.47,1651.69,1814.64,523.8,0.0,256.74,357.35,155.36,0.0,1757.51
ZONE_4_DAM_TO_KHERSON_FLOODWAY,2023-08-24,2023,ZONE,0.146,20.76,355.37,468.16,148.2,0.0,47.64,85.22,81.32,0.0,304.23
ZONE_4_DAM_TO_KHERSON_FLOODWAY,2023-08-27,2023,ZONE,0.866,175.14,2855.25,2615.36,538.48,0.0,281.18,407.64,151.15,0.0,1936.53
ZONE_4_DAM_TO_KHERSON_FLOODWAY,2023-09-03,2023,ZONE,0.1462,20.0,358.99,463.62,168.3,0.0,37.72,55.83,86.29,0.0,321.88
ZONE_4_DAM_TO_KHERSON_FLOODWAY,2023-09-08,2023,ZONE,0.6898,104.21,2050.13,1997.64,258.72,0.0,174.65,508.9,130.45,0.0,1913.36
ZONE_4_DAM_TO_KHERSON_FLOODWAY,2023-09-13,2023,ZONE,0.1469,19.35,405.74,416.84,138.75,0.0,52.7,62.42,82.67,0.0,341.11
ZONE_4_DAM_TO_KHERSON_FLOODWAY,2023-09-28,2023,ZONE,0.1369,17.44,397.52,403.61,109.28,0.0,55.23,45.35,79.88,0.0,308.15
ZONE_4_DAM_TO_KHERSON_FLOODWAY,2023-10-01,2023,ZONE,0.4753,91.44,2351.47,880.04,206.58,0.0,262.02,188.8,112.27,0.0,825.99
ZONE_4_DAM_TO_KHERSON_FLOODWAY,2023-10-03,2023,ZONE,0.1411,15.18,359.0,176.05,4.55,0.0,12.68,414.77,76.51,0.0,401.66
ZONE_4_DAM_TO_KHERSON_FLOODWAY,2023-10-11,2023,ZONE,0.4756,91.68,2269.63,348.53,343.94,0.0,303.84,107.27,107.75,0.0,1349.15
ZONE_4_DAM_TO_KHERSON_FLOODWAY,2023-10-21,2023,ZONE,0.4614,77.19,2665.49,400.5,281.36,0.0,144.89,93.28,129.45,0.0,982.02
ZONE_4_DAM_TO_KHERSON_FLOODWAY,2023-10-28,2023,ZONE,0.1388,18.08,314.51,570.33,170.64,0.0,27.8,19.03,80.01,0.0,235.57
ZONE_4_DAM_TO_KHERSON_FLOODWAY,2023-10-31,2023,ZONE,0.4722,93.25,2022.73,1185.7,520.58,0.0,64.93,90.07,105.84,0.0,803.53
ZONE_4_DAM_TO_KHERSON_FLOODWAY,2023-11-07,2023,ZONE,0.1439,18.8,208.29,604.7,214.72,0.0,26.94,20.54,67.24,0.0,328.17
ZONE_4_DAM_TO_KHERSON_FLOODWAY,2023-11-10,2023,ZONE,0.4746,93.41,1496.12,981.32,562.47,0.0,113.7,92.53,68.12,0.0,1503.42
ZONE_4_DAM_TO_KHERSON_FLOODWAY,2024-02-28,2024,ZONE,0.4752,105.08,802.21,1308.42,831.61,0.0,229.76,108.32,76.89,0.0,1454.81
ZONE_4_DAM_TO_KHERSON_FLOODWAY,2024-03-06,2024,ZONE,0.1318,16.34,98.33,640.74,154.92,0.0,32.42,13.52,78.63,0.0,329.01
ZONE_4_DAM_TO_KHERSON_FLOODWAY,2024-03-09,2024,ZONE,0.989,240.71,2736.28,2140.7,750.44,0.0,257.27,352.05,103.05,0.0,3653.47
ZONE_4_DAM_TO_KHERSON_FLOODWAY,2024-04-30,2024,ZONE,0.1211,15.06,161.52,468.69,146.69,0.0,41.0,33.98,65.01,0.0,320.65
ZONE_4_DAM_TO_KHERSON_FLOODWAY,2024-05-05,2024,ZONE,0.1362,20.0,256.35,377.69,112.57,0.0,40.46,52.85,46.77,0.0,502.4
ZONE_4_DAM_TO_KHERSON_FLOODWAY,2024-05-10,2024,ZONE,0.1373,18.79,255.08,419.73,98.86,0.0,26.74,41.21,73.22,0.0,486.82
ZONE_4_DAM_TO_KHERSON_FLOODWAY,2024-09-07,2024,ZONE,0.1425,18.12,508.76,364.49,104.81,0.0,55.12,42.54,93.79,0.0,286.49
ZONE_4_DAM_TO_KHERSON_FLOODWAY,2024-10-30,2024,ZONE,0.8466,142.36,3276.52,1624.68,770.1,0.0,49.97,359.61,129.1,0.0,2407.87
ZONE_4_DAM_TO_KHERSON_FLOODWAY,2025-01-20,2025,ZONE,0.1348,18.09,196.28,530.36,179.25,0.0,39.2,8.17,75.57,0.0,347.49
ZONE_4_DAM_TO_KHERSON_FLOODWAY,2025-04-17,2025,ZONE,0.1472,14.88,197.28,626.63,102.07,0.0,32.97,40.24,104.24,0.0,405.26
ZONE_4_DAM_TO_KHERSON_FLOODWAY,2025-04-20,2025,ZONE,0.1422,11.61,158.91,498.04,69.99,0.0,37.2,57.87,92.66,0.0,545.53
ZONE_4_DAM_TO_KHERSON_FLOODWAY,2025-04-23,2025,ZONE,0.476,61.13,1451.29,908.26,212.99,0.0,238.28,206.44,110.32,0.0,1736.55
ZONE_4_DAM_TO_KHERSON_FLOODWAY,2025-06-27,2025,ZONE,1.0,153.2,5220.18,2791.51,211.41,0.0,329.45,222.23,176.48,0.0,1242.63
ZONE_4_DAM_TO_KHERSON_FLOODWAY,2025-07-09,2025,ZONE,0.1236,11.67,433.72,439.34,15.35,0.0,8.21,40.91,100.13,0.0,229.76
ZONE_4_DAM_TO_KHERSON_FLOODWAY,2025-08-31,2025,ZONE,0.9999,151.64,7459.98,493.31,253.8,0.0,289.54,232.17,448.24,0.0,1018.06
ZONE_4_DAM_TO_KHERSON_FLOODWAY,2025-09-27,2025,ZONE,0.139,18.07,622.82,344.19,54.15,0.0,39.86,26.08,98.33,0.0,235.17
ZONE_4_DAM_TO_KHERSON_FLOODWAY,2026-03-16,2026,ZONE,0.1392,14.78,126.01,745.51,77.91,0.0,24.92,36.95,88.35,0.0,326.23
ZONE_4_DAM_TO_KHERSON_FLOODWAY,2026-05-03,2026,ZONE,0.4688,98.69,1465.71,644.76,247.58,0.0,189.85,173.54,47.93,0.0,1982.4
ZONE_4_DAM_TO_KHERSON_FLOODWAY,2026-07-01,2026,ZONE,0.1342,16.75,346.42,560.22,58.49,0.0,15.74,25.82,86.34,0.0,278.97
ZONE_4_DAM_TO_KHERSON_FLOODWAY,2026-08-01,2026,ZONE,0.476,91.16,1899.18,1460.11,218.05,0.0,231.68,130.63,109.39,0.0,785.02
ZONE_4_DAM_TO_KHERSON_FLOODWAY,2026-08-21,2026,ZONE,0.476,91.46,2779.06,720.7,193.36,0.0,208.52,101.87,175.53,0.0,654.76
ZONE_4_DAM_TO_KHERSON_FLOODWAY,2026-09-09,2026,ZONE,0.1432,18.48,691.93,330.73,78.43,0.0,30.35,25.23,98.08,0.0,209.01
