evaluation,cls,precision,recall,F1,n,train_kept_share_per_fold
spatial_block_cv_5fold,WATER,0.9977,0.9984,0.9981,60000,
spatial_block_cv_5fold,CROPLAND,0.9187,0.9247,0.9217,60000,
spatial_block_cv_5fold,GRASS_LOW_VEGETATION,0.8679,0.873,0.8704,60000,
spatial_block_cv_5fold,FOREST,0.9303,0.93,0.9301,60000,
spatial_block_cv_5fold,WETLAND_REED,0.9663,0.928,0.9467,60000,
spatial_block_cv_5fold,BUILT_UP,0.9202,0.9563,0.9379,60000,
spatial_block_cv_5fold,BARE_SAND,0.9942,0.9712,0.9826,32420,
spatial_block_cv_5fold,MACRO,0.9422,0.9402,0.9411,392420,
spatial_block_cv_5fold,OVERALL_ACCURACY,,,0.9381,392420,
spatial_block_cv_5fold_buffered,WATER,0.9952,0.9977,0.9964,60000,
spatial_block_cv_5fold_buffered,CROPLAND,0.902,0.9129,0.9074,60000,
spatial_block_cv_5fold_buffered,GRASS_LOW_VEGETATION,0.8533,0.8542,0.8537,60000,
spatial_block_cv_5fold_buffered,FOREST,0.9161,0.9145,0.9153,60000,
spatial_block_cv_5fold_buffered,WETLAND_REED,0.9585,0.9128,0.9351,60000,
spatial_block_cv_5fold_buffered,BUILT_UP,0.9011,0.9502,0.925,60000,
spatial_block_cv_5fold_buffered,BARE_SAND,0.9918,0.9536,0.9723,32420,
spatial_block_cv_5fold_buffered,MACRO,0.9311,0.928,0.9293,392420,"[0.3387, 0.4934, 0.4823, 0.3227, 0.357]"
spatial_block_cv_5fold_buffered,OVERALL_ACCURACY,,,0.9262,392420,
transfer_B1_to_B2,WATER,0.9963,0.9976,0.997,22372,
transfer_B1_to_B2,CROPLAND,0.9384,0.7831,0.8538,15798,
transfer_B1_to_B2,GRASS_LOW_VEGETATION,0.7278,0.8939,0.8023,13822,
transfer_B1_to_B2,FOREST,0.9695,0.9011,0.934,14766,
transfer_B1_to_B2,WETLAND_REED,0.9357,0.8973,0.9161,9788,
transfer_B1_to_B2,BUILT_UP,0.6707,0.9059,0.7707,4845,
transfer_B1_to_B2,BARE_SAND,0.9975,0.4917,0.6587,1627,
transfer_B1_to_B2,MACRO,0.8908,0.8387,0.8475,83018,
transfer_B1_to_B2,OVERALL_ACCURACY,,,0.8953,83018,
transfer_B2_to_B1,WATER,0.9968,0.9974,0.9971,30000,
transfer_B2_to_B1,CROPLAND,0.7837,0.9579,0.8621,30000,
transfer_B2_to_B1,GRASS_LOW_VEGETATION,0.8984,0.6728,0.7694,30000,
transfer_B2_to_B1,FOREST,0.8574,0.9365,0.8952,30000,
transfer_B2_to_B1,WETLAND_REED,0.9476,0.8948,0.9205,30000,
transfer_B2_to_B1,BUILT_UP,0.9311,0.9094,0.9201,30000,
transfer_B2_to_B1,BARE_SAND,0.977,0.9919,0.9844,30000,
transfer_B2_to_B1,MACRO,0.9132,0.9087,0.907,210000,
transfer_B2_to_B1,OVERALL_ACCURACY,,,0.9087,210000,
