variant,frame,component,area_km2,n_may_valid_dates_median,n_may_water_dates_median,may_water_fraction_median,p73_dominant,pre_water_frac_median,dist_to_pre_water_m_min,hand_median,reason
A,B1,3,0.002,11.0,6.0,0.08,2,0.0,1734.877517290486,63.743404388427734,SEASONALLY_WET_BUT_DRY_AT_EVENT_ONSET
A,B1,4,0.0028,11.0,6.0,0.08,2,0.0,1517.4320413118999,63.78506088256836,SEASONALLY_WET_BUT_DRY_AT_EVENT_ONSET
A,B1,49,0.0012,15.0,8.0,0.02,10,0.0,10.0,18.20039939880371,SEASONALLY_WET_BUT_DRY_AT_EVENT_ONSET
A,B1,50,0.0024,15.0,8.5,0.035,3,0.0,10.0,18.20039939880371,SEASONALLY_WET_BUT_DRY_AT_EVENT_ONSET
A,B1,51,0.0012,15.0,8.0,0.02,3,0.0,10.0,18.20039939880371,SEASONALLY_WET_BUT_DRY_AT_EVENT_ONSET
A,B1,77,0.0018,15.0,8.0,0.02,3,0.0,291.547594742265,21.281478881835938,SEASONALLY_WET_BUT_DRY_AT_EVENT_ONSET
A,B1,84,0.0012,15.0,9.0,0.09,10,0.0,30.0,18.278392791748047,SEASONALLY_WET_BUT_DRY_AT_EVENT_ONSET
A,B1,86,0.002,15.0,10.0,0.05,3,0.0,30.0,18.766582489013672,SEASONALLY_WET_BUT_DRY_AT_EVENT_ONSET
A,B1,101,0.0031,15.0,8.0,0.02,3,0.0,92.19544457292886,18.341520309448242,SEASONALLY_WET_BUT_DRY_AT_EVENT_ONSET
A,B1,102,0.0011,15.0,8.0,0.02,2,0.0,86.02325267042627,18.318939208984375,SEASONALLY_WET_BUT_DRY_AT_EVENT_ONSET
A,B1,105,0.002,15.0,8.0,0.02,3,0.0,170.29386365926402,18.22907066345215,SEASONALLY_WET_BUT_DRY_AT_EVENT_ONSET
A,B1,107,0.002,15.0,8.0,0.02,3,0.0,94.86832980505139,18.236040115356445,SEASONALLY_WET_BUT_DRY_AT_EVENT_ONSET
A,B1,109,0.0012,15.0,8.0,0.02,10,0.0,314.00636936215164,18.20039939880371,SEASONALLY_WET_BUT_DRY_AT_EVENT_ONSET
A,B1,110,0.0028,15.0,8.0,0.02,3,0.0,174.928556845359,18.181549072265625,SEASONALLY_WET_BUT_DRY_AT_EVENT_ONSET
A,B1,111,0.0016,15.0,9.0,0.09,2,0.0,246.98178070456936,18.20039939880371,SEASONALLY_WET_BUT_DRY_AT_EVENT_ONSET
A,B1,115,0.0012,15.0,9.0,0.09,3,0.0,94.86832980505139,18.190250396728516,SEASONALLY_WET_BUT_DRY_AT_EVENT_ONSET
A,B1,116,0.0012,15.0,9.0,0.09,3,0.0,170.29386365926402,18.180099487304688,SEASONALLY_WET_BUT_DRY_AT_EVENT_ONSET
A,B1,133,0.001,15.0,9.0,0.09,7,0.0,30.0,28.158721923828125,SEASONALLY_WET_BUT_DRY_AT_EVENT_ONSET
A,B1,136,0.004,15.0,9.0,0.09,10,0.0,212.13203435596427,18.20039939880371,SEASONALLY_WET_BUT_DRY_AT_EVENT_ONSET
A,B1,137,0.0016,15.0,9.5,0.105,10,0.0,221.35943621178654,18.198949813842773,SEASONALLY_WET_BUT_DRY_AT_EVENT_ONSET
A,B1,142,0.036,15.0,9.0,0.09,10,0.0,158.11388300841895,18.20039939880371,SEASONALLY_WET_BUT_DRY_AT_EVENT_ONSET
A,B1,146,0.0128,15.0,9.0,0.09,10,0.0,10.0,18.20039939880371,SEASONALLY_WET_BUT_DRY_AT_EVENT_ONSET
A,B1,150,0.0024,15.0,15.0,0.15,10,0.0,296.98484809834997,18.20039939880371,SEASONALLY_WET_BUT_DRY_AT_EVENT_ONSET
A,B1,153,0.088,15.0,11.0,0.09,10,0.0,98.99494936611666,18.20039939880371,SEASONALLY_WET_BUT_DRY_AT_EVENT_ONSET
A,B1,160,0.0016,15.0,8.5,0.035,7,0.0,31.622776601683796,18.766921997070312,SEASONALLY_WET_BUT_DRY_AT_EVENT_ONSET
A,B1,170,0.044,15.0,9.0,0.09,2,0.0,130.0,18.20039939880371,SEASONALLY_WET_BUT_DRY_AT_EVENT_ONSET
A,B1,176,0.0012,15.0,8.0,0.02,3,0.0,278.92651361962703,18.20039939880371,SEASONALLY_WET_BUT_DRY_AT_EVENT_ONSET
A,B1,183,0.0016,15.0,10.0,0.135,3,0.0,152.97058540778355,18.20039939880371,SEASONALLY_WET_BUT_DRY_AT_EVENT_ONSET
A,B1,195,0.0013,15.0,9.0,0.09,10,0.0,114.0175425099138,18.20039939880371,SEASONALLY_WET_BUT_DRY_AT_EVENT_ONSET
A,B1,196,0.0016,15.0,9.0,0.09,10,0.0,30.0,18.198949813842773,SEASONALLY_WET_BUT_DRY_AT_EVENT_ONSET
A,B1,199,0.0857,15.0,11.0,0.05,10,0.0,50.0,18.20039939880371,SEASONALLY_WET_BUT_DRY_AT_EVENT_ONSET
A,B1,211,0.0012,11.0,6.0,0.08,6,0.0,10.0,0.0,SEASONALLY_WET_BUT_DRY_AT_EVENT_ONSET
A,B1,222,0.0012,11.0,6.0,0.08,6,0.0,14.142135623730951,0.0,SEASONALLY_WET_BUT_DRY_AT_EVENT_ONSET
A,B1,226,0.0024,11.0,9.0,0.12,6,0.0,10.0,0.0,SEASONALLY_WET_BUT_DRY_AT_EVENT_ONSET
A,B1,239,0.0016,11.0,8.0,0.08,6,0.0,10.0,0.0,SEASONALLY_WET_BUT_DRY_AT_EVENT_ONSET
A,B1,242,0.0016,11.0,8.0,0.055,6,0.0,30.0,0.0,SEASONALLY_WET_BUT_DRY_AT_EVENT_ONSET
A,B1,259,0.0016,11.0,7.5,0.1,6,0.0,10.0,0.0,SEASONALLY_WET_BUT_DRY_AT_EVENT_ONSET
A,B1,274,0.0012,11.0,10.0,0.12,6,0.0,10.0,0.0,SEASONALLY_WET_BUT_DRY_AT_EVENT_ONSET
A,B1,281,0.0032,11.0,7.0,0.125,6,0.0,10.0,0.0,SEASONALLY_WET_BUT_DRY_AT_EVENT_ONSET
A,B1,286,0.0016,11.0,7.5,0.1,6,0.0,30.0,0.0,SEASONALLY_WET_BUT_DRY_AT_EVENT_ONSET
A,B1,288,0.002,11.0,7.0,0.17,6,0.0,10.0,0.0,SEASONALLY_WET_BUT_DRY_AT_EVENT_ONSET
A,B1,293,0.002,11.0,7.0,0.08,6,0.0,14.142135623730951,0.0,SEASONALLY_WET_BUT_DRY_AT_EVENT_ONSET
A,B1,296,0.0011,11.0,9.0,0.08,6,0.0,14.142135623730951,0.0,SEASONALLY_WET_BUT_DRY_AT_EVENT_ONSET
A,B1,304,0.0012,11.0,7.0,0.08,6,0.0,14.142135623730951,0.0,SEASONALLY_WET_BUT_DRY_AT_EVENT_ONSET
A,B1,320,0.0012,11.0,8.0,0.03,6,0.0,10.0,0.0913500040769577,SEASONALLY_WET_BUT_DRY_AT_EVENT_ONSET
A,B1,322,0.0147,11.0,6.0,0.08,10,0.0,142.12670403551894,0.3548983037471771,SEASONALLY_WET_BUT_DRY_AT_EVENT_ONSET
A,B1,329,0.002,11.0,9.0,0.12,6,0.0,10.0,0.1116500049829483,SEASONALLY_WET_BUT_DRY_AT_EVENT_ONSET
A,B1,330,0.0012,11.0,9.0,0.12,6,0.0,10.0,0.0,SEASONALLY_WET_BUT_DRY_AT_EVENT_ONSET
A,B1,333,0.002,11.0,8.0,0.08,6,0.0,30.0,0.0,SEASONALLY_WET_BUT_DRY_AT_EVENT_ONSET
A,B1,351,0.0012,11.0,9.0,0.12,6,0.0,10.0,0.0,SEASONALLY_WET_BUT_DRY_AT_EVENT_ONSET
A,B1,372,0.0012,11.0,7.0,0.08,6,0.0,10.0,0.0,SEASONALLY_WET_BUT_DRY_AT_EVENT_ONSET
A,B1,378,0.0012,11.0,7.0,0.17,6,0.0,30.0,0.9468500018119812,SEASONALLY_WET_BUT_DRY_AT_EVENT_ONSET
A,B1,382,0.002,11.0,7.0,0.08,6,0.0,10.0,0.0,SEASONALLY_WET_BUT_DRY_AT_EVENT_ONSET
A,B1,383,0.0012,11.0,8.0,0.08,6,0.0,14.142135623730951,0.0,SEASONALLY_WET_BUT_DRY_AT_EVENT_ONSET
A,B1,387,0.0024,11.0,6.0,0.08,6,0.0,30.0,0.0,SEASONALLY_WET_BUT_DRY_AT_EVENT_ONSET
A,B1,391,0.0032,11.0,7.0,0.1,6,0.0,10.0,0.0,SEASONALLY_WET_BUT_DRY_AT_EVENT_ONSET
A,B1,393,0.0043,11.0,7.0,0.12,6,0.0,10.0,0.0,SEASONALLY_WET_BUT_DRY_AT_EVENT_ONSET
A,B1,402,0.0012,11.0,7.0,0.17,6,0.0,10.0,0.0,SEASONALLY_WET_BUT_DRY_AT_EVENT_ONSET
A,B1,409,0.0016,11.0,7.0,0.075,6,0.0,30.0,0.0,SEASONALLY_WET_BUT_DRY_AT_EVENT_ONSET
A,B1,410,0.0024,11.0,7.0,0.08,6,0.0,14.142135623730951,0.0,SEASONALLY_WET_BUT_DRY_AT_EVENT_ONSET
A,B1,420,0.0024,11.0,8.5,0.19,6,0.0,10.0,0.0,SEASONALLY_WET_BUT_DRY_AT_EVENT_ONSET
A,B1,423,0.0036,11.0,7.0,0.12,6,0.0,10.0,0.0,SEASONALLY_WET_BUT_DRY_AT_EVENT_ONSET
A,B1,428,0.0012,11.0,7.0,0.17,6,0.0,14.142135623730951,0.0,SEASONALLY_WET_BUT_DRY_AT_EVENT_ONSET
A,B1,430,0.0012,11.0,6.0,0.08,6,0.0,14.142135623730951,0.0,SEASONALLY_WET_BUT_DRY_AT_EVENT_ONSET
A,B1,434,0.002,11.0,6.0,0.08,6,0.0,10.0,0.0,SEASONALLY_WET_BUT_DRY_AT_EVENT_ONSET
A,B1,435,0.0019,11.0,8.0,0.03,6,0.0,10.0,0.0,SEASONALLY_WET_BUT_DRY_AT_EVENT_ONSET
A,B1,445,0.0011,11.0,7.0,0.12,6,0.0,10.0,0.0,SEASONALLY_WET_BUT_DRY_AT_EVENT_ONSET
A,B1,450,0.0012,11.0,7.0,0.08,6,0.0,10.0,0.0,SEASONALLY_WET_BUT_DRY_AT_EVENT_ONSET
A,B1,455,0.0018,11.0,7.0,0.12,6,0.0,10.0,0.0,SEASONALLY_WET_BUT_DRY_AT_EVENT_ONSET
A,B1,456,0.0012,11.0,9.0,0.07,6,0.0,30.0,0.0,SEASONALLY_WET_BUT_DRY_AT_EVENT_ONSET
A,B1,458,0.0016,11.0,7.5,0.1,6,0.0,10.0,0.0,SEASONALLY_WET_BUT_DRY_AT_EVENT_ONSET
A,B1,481,0.0012,11.0,8.0,0.08,6,7.0,10.0,0.0,SEASONALLY_WET_BUT_DRY_AT_EVENT_ONSET
A,B1,487,0.002,11.0,9.0,0.17,6,0.0,30.0,0.0,SEASONALLY_WET_BUT_DRY_AT_EVENT_ONSET
A,B1,489,0.0036,11.0,7.0,0.12,6,0.0,14.142135623730951,0.0,SEASONALLY_WET_BUT_DRY_AT_EVENT_ONSET
A,B1,491,0.0036,11.0,6.0,0.08,6,0.0,110.45361017187261,0.65829998254776,SEASONALLY_WET_BUT_DRY_AT_EVENT_ONSET
A,B1,499,0.0012,11.0,6.0,0.08,6,7.0,50.99019513592785,0.0,SEASONALLY_WET_BUT_DRY_AT_EVENT_ONSET
A,B1,501,0.0012,11.0,8.0,0.08,6,0.0,10.0,0.0,SEASONALLY_WET_BUT_DRY_AT_EVENT_ONSET
A,B1,506,0.0032,11.0,8.0,0.1,6,0.0,30.0,0.0,SEASONALLY_WET_BUT_DRY_AT_EVENT_ONSET
A,B1,508,0.0028,11.0,6.0,0.08,6,0.0,30.0,0.0,SEASONALLY_WET_BUT_DRY_AT_EVENT_ONSET
A,B1,514,0.0012,11.0,8.0,0.03,6,0.0,50.0,0.0,SEASONALLY_WET_BUT_DRY_AT_EVENT_ONSET
A,B1,517,0.0012,11.0,8.0,0.08,6,0.0,31.622776601683796,0.0,SEASONALLY_WET_BUT_DRY_AT_EVENT_ONSET
A,B1,519,0.0012,11.0,7.0,0.17,6,0.0,31.622776601683796,0.0,SEASONALLY_WET_BUT_DRY_AT_EVENT_ONSET
A,B1,520,0.0012,11.0,7.0,0.08,6,0.0,31.622776601683796,0.0,SEASONALLY_WET_BUT_DRY_AT_EVENT_ONSET
A,B1,522,0.0032,11.0,7.5,0.17,6,0.0,31.622776601683796,0.0,SEASONALLY_WET_BUT_DRY_AT_EVENT_ONSET
A,B1,524,0.0012,11.0,7.0,0.17,6,0.0,42.426406871192846,0.0,SEASONALLY_WET_BUT_DRY_AT_EVENT_ONSET
A,B1,526,0.0012,11.0,8.0,0.12,6,0.0,30.0,0.0,SEASONALLY_WET_BUT_DRY_AT_EVENT_ONSET
A,B1,530,0.0012,11.0,7.0,0.08,6,0.0,14.142135623730951,0.0,SEASONALLY_WET_BUT_DRY_AT_EVENT_ONSET
A,B1,532,0.0012,11.0,8.0,0.08,6,0.0,30.0,0.0,SEASONALLY_WET_BUT_DRY_AT_EVENT_ONSET
A,B1,537,0.002,11.0,7.0,0.17,6,0.0,31.622776601683796,0.0,SEASONALLY_WET_BUT_DRY_AT_EVENT_ONSET
A,B1,539,0.0012,11.0,7.0,0.17,6,7.0,10.0,0.0,SEASONALLY_WET_BUT_DRY_AT_EVENT_ONSET
A,B1,550,0.0012,11.0,7.0,0.08,6,0.0,42.426406871192846,0.002899999963119626,SEASONALLY_WET_BUT_DRY_AT_EVENT_ONSET
A,B1,558,0.002,11.0,8.0,0.03,6,0.0,14.142135623730951,0.0,SEASONALLY_WET_BUT_DRY_AT_EVENT_ONSET
A,B1,559,0.0023,11.0,8.0,0.03,6,0.0,10.0,0.002899999963119626,SEASONALLY_WET_BUT_DRY_AT_EVENT_ONSET
A,B1,560,0.0016,11.0,7.0,0.145,6,0.0,30.0,0.0,SEASONALLY_WET_BUT_DRY_AT_EVENT_ONSET
A,B1,561,0.0026,11.0,7.0,0.17,6,0.0,30.0,0.0,SEASONALLY_WET_BUT_DRY_AT_EVENT_ONSET
A,B1,571,0.0012,11.0,8.0,0.08,6,0.0,14.142135623730951,0.0,SEASONALLY_WET_BUT_DRY_AT_EVENT_ONSET
A,B1,574,0.0012,11.0,7.0,0.17,6,0.0,14.142135623730951,0.0,SEASONALLY_WET_BUT_DRY_AT_EVENT_ONSET
A,B1,577,0.0012,11.0,8.0,0.03,6,0.0,14.142135623730951,0.0,SEASONALLY_WET_BUT_DRY_AT_EVENT_ONSET
A,B1,592,0.0012,11.0,8.0,0.12,6,0.0,30.0,0.0,SEASONALLY_WET_BUT_DRY_AT_EVENT_ONSET
A,B1,604,0.0079,15.0,11.0,0.12,6,8.0,10.0,0.07829999923706055,SEASONALLY_WET_BUT_DRY_AT_EVENT_ONSET
A,B1,610,0.0246,15.0,12.0,0.08,6,8.0,10.0,0.028999999165534973,SEASONALLY_WET_BUT_DRY_AT_EVENT_ONSET
A,B1,620,0.0012,15.0,8.0,0.02,6,0.0,30.0,0.059450000524520874,SEASONALLY_WET_BUT_DRY_AT_EVENT_ONSET
A,B1,625,0.0012,15.0,10.0,0.15,6,0.0,50.99019513592785,0.0,SEASONALLY_WET_BUT_DRY_AT_EVENT_ONSET
A,B1,630,0.0016,15.0,10.0,0.035,6,0.0,10.0,0.0,SEASONALLY_WET_BUT_DRY_AT_EVENT_ONSET
A,B1,632,0.0036,15.0,8.0,0.02,6,0.0,10.0,0.015949999913573265,SEASONALLY_WET_BUT_DRY_AT_EVENT_ONSET
A,B1,669,0.0013,11.0,9.0,0.12,6,0.0,158.11388300841895,0.0,SEASONALLY_WET_BUT_DRY_AT_EVENT_ONSET
A,B1,684,0.0012,11.0,8.0,0.03,6,0.0,10.0,0.0,SEASONALLY_WET_BUT_DRY_AT_EVENT_ONSET
A,B1,714,0.0011,11.0,7.0,0.17,3,0.0,1097.7249200050076,13.14772891998291,SEASONALLY_WET_BUT_DRY_AT_EVENT_ONSET
A,B1,720,0.0018,11.0,6.0,0.08,3,0.0,1158.360910942699,13.246781349182129,SEASONALLY_WET_BUT_DRY_AT_EVENT_ONSET
A,B1,721,0.001,11.0,8.0,0.08,3,0.0,1266.5701717630966,14.859197616577148,SEASONALLY_WET_BUT_DRY_AT_EVENT_ONSET
A,B1,740,0.0072,15.0,10.5,0.105,6,0.0,10.0,0.0,SEASONALLY_WET_BUT_DRY_AT_EVENT_ONSET
A,B1,745,0.0012,15.0,12.0,0.12,6,0.0,31.622776601683796,0.0,SEASONALLY_WET_BUT_DRY_AT_EVENT_ONSET
A,B1,748,0.0012,15.0,8.0,0.02,6,0.0,14.142135623730951,0.0,SEASONALLY_WET_BUT_DRY_AT_EVENT_ONSET
A,B1,752,0.0012,15.0,8.0,0.02,6,0.0,14.142135623730951,0.0,SEASONALLY_WET_BUT_DRY_AT_EVENT_ONSET
A,B1,755,0.0012,15.0,11.0,0.05,6,0.0,14.142135623730951,0.0,SEASONALLY_WET_BUT_DRY_AT_EVENT_ONSET
A,B1,759,0.0012,15.0,11.0,0.02,10,0.0,14.142135623730951,0.0,SEASONALLY_WET_BUT_DRY_AT_EVENT_ONSET
A,B1,767,0.0016,15.0,9.5,0.07,6,0.0,14.142135623730951,0.0,SEASONALLY_WET_BUT_DRY_AT_EVENT_ONSET
A,B1,791,0.0012,15.0,9.0,0.02,10,0.0,10.0,0.0,SEASONALLY_WET_BUT_DRY_AT_EVENT_ONSET
A,B1,794,0.0012,15.0,11.0,0.05,6,0.0,14.142135623730951,0.0,SEASONALLY_WET_BUT_DRY_AT_EVENT_ONSET
A,B1,799,0.0012,15.0,8.0,0.02,6,0.0,10.0,0.0,SEASONALLY_WET_BUT_DRY_AT_EVENT_ONSET
A,B1,821,0.0016,15.0,8.5,0.055,6,0.0,14.142135623730951,0.0,SEASONALLY_WET_BUT_DRY_AT_EVENT_ONSET
A,B1,823,0.001,11.0,7.0,0.17,3,0.0,2907.6622912573603,5.670629978179932,SEASONALLY_WET_BUT_DRY_AT_EVENT_ONSET
A,B1,838,0.0012,15.0,9.0,0.09,6,0.0,14.142135623730951,0.0,SEASONALLY_WET_BUT_DRY_AT_EVENT_ONSET
A,B1,845,0.0024,15.0,8.5,0.035,6,0.0,10.0,0.0,SEASONALLY_WET_BUT_DRY_AT_EVENT_ONSET
A,B1,851,0.001,15.0,9.0,0.09,3,0.0,689.4200461257274,6.57277250289917,SEASONALLY_WET_BUT_DRY_AT_EVENT_ONSET
A,B1,855,0.0016,15.0,8.5,0.055,3,0.0,662.872536767062,6.5645928382873535,SEASONALLY_WET_BUT_DRY_AT_EVENT_ONSET
A,B1,869,0.0016,15.0,12.5,0.015,6,0.0,10.0,0.0,SEASONALLY_WET_BUT_DRY_AT_EVENT_ONSET
A,B1,879,0.0012,15.0,10.0,0.09,6,0.0,10.0,0.0,SEASONALLY_WET_BUT_DRY_AT_EVENT_ONSET
A,B1,887,0.002,15.0,10.0,0.12,6,0.0,10.0,0.0,SEASONALLY_WET_BUT_DRY_AT_EVENT_ONSET
A,B1,894,0.0016,15.0,10.5,0.105,10,0.0,10.0,0.0,SEASONALLY_WET_BUT_DRY_AT_EVENT_ONSET
A,B1,916,0.0012,15.0,8.0,0.02,10,0.0,10.0,0.0,SEASONALLY_WET_BUT_DRY_AT_EVENT_ONSET
A,B1,920,0.0012,15.0,8.0,0.02,6,0.0,14.142135623730951,0.0,SEASONALLY_WET_BUT_DRY_AT_EVENT_ONSET
A,B1,947,0.0012,15.0,8.0,0.02,6,0.0,130.0,0.0,SEASONALLY_WET_BUT_DRY_AT_EVENT_ONSET
A,B1,970,0.0012,15.0,9.0,0.09,10,0.0,10.0,0.0,SEASONALLY_WET_BUT_DRY_AT_EVENT_ONSET
A,B1,999,0.0016,15.0,9.0,0.085,6,0.0,10.0,0.0,SEASONALLY_WET_BUT_DRY_AT_EVENT_ONSET
A,B1,1019,0.0012,15.0,9.0,0.09,10,0.0,10.0,0.0,SEASONALLY_WET_BUT_DRY_AT_EVENT_ONSET
A,B1,1021,0.0019,15.0,12.0,0.12,6,0.0,10.0,0.0,SEASONALLY_WET_BUT_DRY_AT_EVENT_ONSET
A,B1,1037,0.0012,15.0,11.0,0.02,6,0.0,14.142135623730951,0.0,SEASONALLY_WET_BUT_DRY_AT_EVENT_ONSET
A,B1,1038,0.0021,15.0,9.0,0.09,6,0.0,30.0,0.0,SEASONALLY_WET_BUT_DRY_AT_EVENT_ONSET
A,B1,1043,0.0028,15.0,11.0,0.05,6,0.0,10.0,0.0,SEASONALLY_WET_BUT_DRY_AT_EVENT_ONSET
A,B1,1055,0.002,15.0,10.0,0.09,6,0.0,10.0,0.0,SEASONALLY_WET_BUT_DRY_AT_EVENT_ONSET
A,B1,1059,0.0018,15.0,10.0,0.085,6,0.0,10.0,0.0,SEASONALLY_WET_BUT_DRY_AT_EVENT_ONSET
A,B1,1061,0.0016,15.0,10.5,0.05,10,0.0,10.0,0.0,SEASONALLY_WET_BUT_DRY_AT_EVENT_ONSET
A,B1,1066,0.0012,15.0,9.0,0.09,6,0.0,14.142135623730951,0.0,SEASONALLY_WET_BUT_DRY_AT_EVENT_ONSET
A,B1,1069,0.0016,15.0,8.5,0.055,6,0.0,14.142135623730951,0.0,SEASONALLY_WET_BUT_DRY_AT_EVENT_ONSET
A,B1,1073,0.0016,15.0,11.0,0.07,10,0.0,10.0,0.0,SEASONALLY_WET_BUT_DRY_AT_EVENT_ONSET
A,B1,1078,0.0011,15.0,8.0,0.02,3,0.0,2769.205662279348,8.600533485412598,SEASONALLY_WET_BUT_DRY_AT_EVENT_ONSET
A,B1,1083,0.001,15.0,12.0,0.12,3,0.0,2775.031531352392,8.606398582458496,SEASONALLY_WET_BUT_DRY_AT_EVENT_ONSET
A,B1,1084,0.001,15.0,11.0,0.05,3,0.0,2817.268180347764,8.57196044921875,SEASONALLY_WET_BUT_DRY_AT_EVENT_ONSET
A,B1,1088,0.0016,15.0,11.0,0.09,3,0.0,2787.2925931807013,8.516006469726562,SEASONALLY_WET_BUT_DRY_AT_EVENT_ONSET
A,B1,1106,0.0032,15.0,10.5,0.085,6,0.0,10.0,0.0,SEASONALLY_WET_BUT_DRY_AT_EVENT_ONSET
A,B1,1123,0.0019,15.0,8.0,0.02,7,0.0,790.7591289387686,25.369613647460938,SEASONALLY_WET_BUT_DRY_AT_EVENT_ONSET
A,B1,1141,0.0035,15.0,9.0,0.09,7,0.0,961.7692030835673,25.251256942749023,SEASONALLY_WET_BUT_DRY_AT_EVENT_ONSET
A,B1,1144,0.002,15.0,12.0,0.12,10,0.0,14.142135623730951,0.0,SEASONALLY_WET_BUT_DRY_AT_EVENT_ONSET
A,B1,1145,0.0012,15.0,8.0,0.02,7,0.0,1029.271587094485,25.223411560058594,SEASONALLY_WET_BUT_DRY_AT_EVENT_ONSET
A,B1,1146,0.006,15.0,8.0,0.02,3,0.0,974.9871794028884,25.348785400390625,SEASONALLY_WET_BUT_DRY_AT_EVENT_ONSET
A,B1,1149,0.001,15.0,10.0,0.09,3,0.0,3322.3184675765206,13.26433277130127,SEASONALLY_WET_BUT_DRY_AT_EVENT_ONSET
A,B1,1152,0.0036,15.0,8.0,0.02,3,0.0,1066.2082348209472,25.46122932434082,SEASONALLY_WET_BUT_DRY_AT_EVENT_ONSET
A,B1,1154,0.0032,15.0,10.0,0.07,10,0.0,10.0,0.0,SEASONALLY_WET_BUT_DRY_AT_EVENT_ONSET
A,B1,1162,0.0032,15.0,11.0,0.065,6,0.0,10.0,0.0,SEASONALLY_WET_BUT_DRY_AT_EVENT_ONSET
A,B1,1165,0.0028,15.0,11.0,0.02,1,0.0,10.0,0.0,SEASONALLY_WET_BUT_DRY_AT_EVENT_ONSET
A,B1,1169,0.0012,15.0,11.0,0.02,10,0.0,14.142135623730951,0.0,SEASONALLY_WET_BUT_DRY_AT_EVENT_ONSET
A,B1,1170,0.0011,15.0,12.0,0.12,10,0.0,10.0,0.0,SEASONALLY_WET_BUT_DRY_AT_EVENT_ONSET
A,B1,1171,0.0012,15.0,12.0,0.09,10,0.0,14.142135623730951,0.0,SEASONALLY_WET_BUT_DRY_AT_EVENT_ONSET
A,B1,1174,0.0012,15.0,10.0,0.12,10,0.0,10.0,0.0,SEASONALLY_WET_BUT_DRY_AT_EVENT_ONSET
A,B1,1179,0.0032,15.0,10.0,0.09,6,0.0,10.0,0.0,SEASONALLY_WET_BUT_DRY_AT_EVENT_ONSET
A,B1,1182,0.0016,15.0,11.5,0.035,6,0.0,10.0,0.0,SEASONALLY_WET_BUT_DRY_AT_EVENT_ONSET
A,B1,1188,0.0028,15.0,10.0,0.12,6,0.0,14.142135623730951,0.0,SEASONALLY_WET_BUT_DRY_AT_EVENT_ONSET
A,B1,1204,0.0024,15.0,10.0,0.035,6,0.0,14.142135623730951,0.0,SEASONALLY_WET_BUT_DRY_AT_EVENT_ONSET
A,B1,1210,0.0011,15.0,11.0,0.02,6,0.0,14.142135623730951,0.0,SEASONALLY_WET_BUT_DRY_AT_EVENT_ONSET
A,B1,1276,0.0016,15.0,10.5,0.07,1,0.0,10.0,0.0,SEASONALLY_WET_BUT_DRY_AT_EVENT_ONSET
A,B1,1279,0.0012,15.0,11.0,0.05,6,0.0,14.142135623730951,0.0,SEASONALLY_WET_BUT_DRY_AT_EVENT_ONSET
A,B1,1289,0.0012,15.0,11.0,0.08,10,0.0,10.0,0.0,SEASONALLY_WET_BUT_DRY_AT_EVENT_ONSET
A,B1,1298,0.0015,15.0,8.0,0.02,10,0.0,10.0,0.0,SEASONALLY_WET_BUT_DRY_AT_EVENT_ONSET
A,B1,1317,0.0024,15.0,10.0,0.07,1,0.0,10.0,0.0,SEASONALLY_WET_BUT_DRY_AT_EVENT_ONSET
A,B1,1321,0.0024,15.0,9.0,0.09,6,0.0,14.142135623730951,0.0,SEASONALLY_WET_BUT_DRY_AT_EVENT_ONSET
A,B1,1420,0.0012,15.0,9.0,0.09,1,0.0,10.0,3.2421998977661133,SEASONALLY_WET_BUT_DRY_AT_EVENT_ONSET
A,B1,1421,0.0016,15.0,8.5,0.055,1,0.0,10.0,3.2451000213623047,SEASONALLY_WET_BUT_DRY_AT_EVENT_ONSET
A,B1,1422,0.004,15.0,8.0,0.02,1,0.0,10.0,3.2451000213623047,SEASONALLY_WET_BUT_DRY_AT_EVENT_ONSET
A,B1,1423,0.0012,15.0,10.0,0.05,10,0.0,10.0,0.0,SEASONALLY_WET_BUT_DRY_AT_EVENT_ONSET
A,B1,1443,0.0012,15.0,12.0,0.12,3,0.0,1290.348790056394,9.409563064575195,SEASONALLY_WET_BUT_DRY_AT_EVENT_ONSET
A,B1,1455,0.0028,15.0,9.0,0.09,1,0.0,10.0,3.2451000213623047,SEASONALLY_WET_BUT_DRY_AT_EVENT_ONSET
A,B1,1459,0.0036,15.0,9.0,0.02,6,0.0,10.0,0.11890000104904175,SEASONALLY_WET_BUT_DRY_AT_EVENT_ONSET
A,B1,1461,0.002,15.0,8.0,0.02,1,0.0,10.0,3.2363998889923096,SEASONALLY_WET_BUT_DRY_AT_EVENT_ONSET
A,B1,1467,0.0156,15.0,9.0,0.09,1,0.0,10.0,3.2451000213623047,SEASONALLY_WET_BUT_DRY_AT_EVENT_ONSET
A,B1,1485,0.0012,15.0,10.0,0.12,6,0.0,10.0,0.0,SEASONALLY_WET_BUT_DRY_AT_EVENT_ONSET
A,B1,1487,0.002,15.0,10.0,0.105,6,0.0,10.0,0.0,SEASONALLY_WET_BUT_DRY_AT_EVENT_ONSET
A,B1,1488,0.0012,15.0,9.0,0.09,6,0.0,10.0,0.121799997985363,SEASONALLY_WET_BUT_DRY_AT_EVENT_ONSET
A,B1,1499,0.0016,15.0,9.5,0.105,6,0.0,10.0,0.0,SEASONALLY_WET_BUT_DRY_AT_EVENT_ONSET
A,B1,1518,0.0014,15.0,8.0,0.02,3,0.0,2832.9842922261323,11.40610122680664,SEASONALLY_WET_BUT_DRY_AT_EVENT_ONSET
A,B1,1540,0.0021,15.0,8.0,0.02,3,0.0,2675.2569970004747,11.038750648498535,SEASONALLY_WET_BUT_DRY_AT_EVENT_ONSET
A,B1,1605,0.001,15.0,9.0,0.09,3,0.0,1251.3193037750198,9.923588752746582,SEASONALLY_WET_BUT_DRY_AT_EVENT_ONSET
A,B1,1620,0.0011,15.0,9.0,0.09,3,0.0,1448.3784035948615,9.923542022705078,SEASONALLY_WET_BUT_DRY_AT_EVENT_ONSET
A,B1,1625,0.0011,15.0,10.0,0.15,3,0.0,2551.4309710435045,9.838438034057617,SEASONALLY_WET_BUT_DRY_AT_EVENT_ONSET
A,B1,1656,0.0011,15.0,10.0,0.12,3,0.0,1922.1342304844372,10.281412124633789,SEASONALLY_WET_BUT_DRY_AT_EVENT_ONSET
A,B1,1684,0.0014,15.0,9.0,0.09,3,0.0,1962.9060089571276,11.633668899536133,SEASONALLY_WET_BUT_DRY_AT_EVENT_ONSET
A,B1,1730,0.001,15.0,9.0,0.09,3,0.0,2201.317787144782,13.13797664642334,SEASONALLY_WET_BUT_DRY_AT_EVENT_ONSET
A,B1,1736,0.0012,15.0,10.0,0.15,3,0.0,2882.117277280715,12.456663131713867,SEASONALLY_WET_BUT_DRY_AT_EVENT_ONSET
A,B1,1740,0.002,15.0,10.0,0.15,3,0.0,2680.7834675706276,12.83852481842041,SEASONALLY_WET_BUT_DRY_AT_EVENT_ONSET
A,B1,1750,0.0011,15.0,10.0,0.09,3,0.0,3301.9085390119453,15.360931396484375,SEASONALLY_WET_BUT_DRY_AT_EVENT_ONSET
A,B1,1756,0.001,15.0,9.0,0.09,3,0.0,3169.8738145232214,12.938312530517578,SEASONALLY_WET_BUT_DRY_AT_EVENT_ONSET
A,B1,1898,0.0011,15.0,12.0,0.12,3,0.0,4790.260953225826,18.01825714111328,SEASONALLY_WET_BUT_DRY_AT_EVENT_ONSET
A,B1,1947,0.0016,15.0,10.0,0.12,3,0.0,6364.353855655734,19.927371978759766,SEASONALLY_WET_BUT_DRY_AT_EVENT_ONSET
A,B2,7,0.0028,15.0,10.0,0.12,6,0.0,10.0,0.0,SEASONALLY_WET_BUT_DRY_AT_EVENT_ONSET
A,B2,8,0.0012,15.0,9.0,0.09,6,0.0,10.0,0.0,SEASONALLY_WET_BUT_DRY_AT_EVENT_ONSET
A,B2,9,0.0016,15.0,10.0,0.135,6,0.0,10.0,0.0,SEASONALLY_WET_BUT_DRY_AT_EVENT_ONSET
A,B2,13,0.0011,15.0,10.0,0.15,6,0.0,10.0,0.0,SEASONALLY_WET_BUT_DRY_AT_EVENT_ONSET
A,B2,18,0.0015,15.0,9.0,0.09,6,0.0,10.0,0.0,SEASONALLY_WET_BUT_DRY_AT_EVENT_ONSET
A,B2,19,0.0028,15.0,9.0,0.09,6,0.0,10.0,0.0,SEASONALLY_WET_BUT_DRY_AT_EVENT_ONSET
A,B2,21,0.0096,15.0,10.0,0.15,6,0.0,10.0,,SEASONALLY_WET_BUT_DRY_AT_EVENT_ONSET
A,B2,26,0.0016,15.0,9.0,0.09,6,0.0,14.142135623730951,,SEASONALLY_WET_BUT_DRY_AT_EVENT_ONSET
A,B2,27,0.0012,15.0,10.0,0.15,6,0.0,14.142135623730951,,SEASONALLY_WET_BUT_DRY_AT_EVENT_ONSET
A,B2,29,0.0016,15.0,9.0,0.085,6,0.0,14.142135623730951,,SEASONALLY_WET_BUT_DRY_AT_EVENT_ONSET
A,B2,33,0.0012,15.0,10.0,0.15,6,0.0,14.142135623730951,,SEASONALLY_WET_BUT_DRY_AT_EVENT_ONSET
A,B2,36,0.0024,15.0,9.0,0.09,6,0.0,14.142135623730951,,SEASONALLY_WET_BUT_DRY_AT_EVENT_ONSET
A,B2,41,0.0016,15.0,10.0,0.05,6,0.0,10.0,0.0,SEASONALLY_WET_BUT_DRY_AT_EVENT_ONSET
A,B2,42,0.0012,15.0,10.0,0.15,6,0.0,14.142135623730951,,SEASONALLY_WET_BUT_DRY_AT_EVENT_ONSET
A,B2,44,0.0016,15.0,8.5,0.055,6,0.0,14.142135623730951,,SEASONALLY_WET_BUT_DRY_AT_EVENT_ONSET
A,B2,47,0.0012,15.0,9.0,0.09,6,0.0,14.142135623730951,,SEASONALLY_WET_BUT_DRY_AT_EVENT_ONSET
A,B2,53,0.0016,15.0,8.0,0.02,6,0.0,14.142135623730951,,SEASONALLY_WET_BUT_DRY_AT_EVENT_ONSET
A,B2,57,0.0024,15.0,9.5,0.07,6,0.0,10.0,0.0,SEASONALLY_WET_BUT_DRY_AT_EVENT_ONSET
A,B2,59,0.0016,15.0,9.0,0.09,6,0.0,10.0,0.0,SEASONALLY_WET_BUT_DRY_AT_EVENT_ONSET
A,B2,67,0.0016,15.0,9.0,0.07,6,3.5,10.0,0.0,SEASONALLY_WET_BUT_DRY_AT_EVENT_ONSET
A,B2,72,0.0011,15.0,9.0,0.09,6,0.0,10.0,0.0,SEASONALLY_WET_BUT_DRY_AT_EVENT_ONSET
A,B2,106,0.001,15.0,10.0,0.15,6,13.0,10.0,0.0,SEASONALLY_WET_BUT_DRY_AT_EVENT_ONSET
A,B2,120,0.0012,15.0,8.0,0.02,6,0.0,14.142135623730951,0.0,SEASONALLY_WET_BUT_DRY_AT_EVENT_ONSET
A,B2,134,0.0026,15.0,9.0,0.05,6,0.0,10.0,0.0,SEASONALLY_WET_BUT_DRY_AT_EVENT_ONSET
A,B2,151,0.0016,15.0,8.0,0.02,6,0.0,14.142135623730951,0.0,SEASONALLY_WET_BUT_DRY_AT_EVENT_ONSET
A,B2,170,0.0028,15.0,9.0,0.09,6,0.0,14.142135623730951,0.0,SEASONALLY_WET_BUT_DRY_AT_EVENT_ONSET
A,B2,196,0.0012,15.0,9.0,0.09,6,0.0,14.142135623730951,0.0,SEASONALLY_WET_BUT_DRY_AT_EVENT_ONSET
A,B2,198,0.002,15.0,12.0,0.12,10,3.0,10.0,0.0,SEASONALLY_WET_BUT_DRY_AT_EVENT_ONSET
A,B2,206,0.0016,15.0,10.0,0.15,6,0.0,10.0,0.0,SEASONALLY_WET_BUT_DRY_AT_EVENT_ONSET
A,B2,208,0.0026,15.0,9.0,0.09,1,0.0,10.0,0.05510000139474869,SEASONALLY_WET_BUT_DRY_AT_EVENT_ONSET
A,B2,209,0.0024,15.0,9.5,0.09,6,0.0,10.0,0.0,SEASONALLY_WET_BUT_DRY_AT_EVENT_ONSET
A,B2,213,0.0012,15.0,10.0,0.15,6,0.0,10.0,0.0,SEASONALLY_WET_BUT_DRY_AT_EVENT_ONSET
A,B2,241,0.0012,15.0,13.0,0.12,10,3.0,10.0,0.0,SEASONALLY_WET_BUT_DRY_AT_EVENT_ONSET
A,B2,250,0.0017,15.0,11.0,0.08,10,0.0,10.0,0.0,SEASONALLY_WET_BUT_DRY_AT_EVENT_ONSET
A,B2,252,0.0012,15.0,9.0,0.09,6,0.0,10.0,0.0,SEASONALLY_WET_BUT_DRY_AT_EVENT_ONSET
A,B2,253,0.0012,15.0,11.0,0.05,6,0.0,14.142135623730951,0.0,SEASONALLY_WET_BUT_DRY_AT_EVENT_ONSET
A,B2,271,0.0012,15.0,8.0,0.02,6,0.0,10.0,0.08844999969005585,SEASONALLY_WET_BUT_DRY_AT_EVENT_ONSET
A,B2,292,0.0012,15.0,9.0,0.09,6,0.0,10.0,0.0,SEASONALLY_WET_BUT_DRY_AT_EVENT_ONSET
A,B2,324,0.0011,15.0,9.0,0.09,6,0.0,10.0,0.0,SEASONALLY_WET_BUT_DRY_AT_EVENT_ONSET
A,B2,332,0.001,15.0,9.0,0.09,6,0.0,10.0,0.0,SEASONALLY_WET_BUT_DRY_AT_EVENT_ONSET
A,B2,348,0.0025,15.0,8.0,0.02,10,0.0,10.0,0.17399999499320984,SEASONALLY_WET_BUT_DRY_AT_EVENT_ONSET
A,B2,352,0.0011,15.0,10.0,0.12,6,7.0,10.0,0.0,SEASONALLY_WET_BUT_DRY_AT_EVENT_ONSET
A,B2,356,0.0023,15.0,11.0,0.05,10,0.0,10.0,0.15369999408721924,SEASONALLY_WET_BUT_DRY_AT_EVENT_ONSET
A,B2,361,0.0041,15.0,11.0,0.05,1,0.0,10.0,8.984199523925781,SEASONALLY_WET_BUT_DRY_AT_EVENT_ONSET
A,B2,362,0.0056,15.0,10.0,0.05,1,0.0,10.0,8.984199523925781,SEASONALLY_WET_BUT_DRY_AT_EVENT_ONSET
A,B2,369,0.001,15.0,8.0,0.02,7,0.0,20.0,8.984199523925781,SEASONALLY_WET_BUT_DRY_AT_EVENT_ONSET
A,B2,370,0.0014,15.0,11.0,0.05,10,0.0,10.0,8.984199523925781,SEASONALLY_WET_BUT_DRY_AT_EVENT_ONSET
A,B2,372,0.0026,15.0,8.0,0.02,6,0.0,10.0,8.984199523925781,SEASONALLY_WET_BUT_DRY_AT_EVENT_ONSET
A,B2,373,0.0038,15.0,9.0,0.09,1,0.0,10.0,8.984199523925781,SEASONALLY_WET_BUT_DRY_AT_EVENT_ONSET
A,B2,377,0.0026,15.0,9.0,0.09,1,0.0,10.0,8.961000442504883,SEASONALLY_WET_BUT_DRY_AT_EVENT_ONSET
A,B2,386,0.0014,15.0,8.0,0.02,1,10.0,10.0,8.984199523925781,SEASONALLY_WET_BUT_DRY_AT_EVENT_ONSET
A,B2,407,0.002,15.0,9.0,0.05,6,0.0,10.0,0.0,SEASONALLY_WET_BUT_DRY_AT_EVENT_ONSET
A,B2,415,0.0011,15.0,10.0,0.15,6,0.0,10.0,0.0,SEASONALLY_WET_BUT_DRY_AT_EVENT_ONSET
A,B2,432,0.0016,15.0,11.0,0.085,6,0.0,10.0,0.0,SEASONALLY_WET_BUT_DRY_AT_EVENT_ONSET
A,B2,446,0.001,15.0,9.0,0.05,1,13.0,10.0,0.0,SEASONALLY_WET_BUT_DRY_AT_EVENT_ONSET
A,B2,447,0.002,15.0,10.0,0.08,6,7.0,10.0,0.0,SEASONALLY_WET_BUT_DRY_AT_EVENT_ONSET
A,B2,453,0.0014,15.0,9.0,0.09,6,0.0,14.142135623730951,0.0,SEASONALLY_WET_BUT_DRY_AT_EVENT_ONSET
A,B2,458,0.0011,15.0,10.0,0.15,6,0.0,10.0,0.0,SEASONALLY_WET_BUT_DRY_AT_EVENT_ONSET
A,B2,489,0.0012,15.0,10.0,0.15,10,3.0,10.0,1.0990999937057495,SEASONALLY_WET_BUT_DRY_AT_EVENT_ONSET
A,B2,508,0.0023,15.0,9.0,0.09,10,0.0,10.0,0.1014999970793724,SEASONALLY_WET_BUT_DRY_AT_EVENT_ONSET
A,B2,534,0.0012,15.0,9.0,0.09,6,0.0,14.142135623730951,0.0,SEASONALLY_WET_BUT_DRY_AT_EVENT_ONSET
A,B2,570,0.0012,15.0,12.0,0.12,6,10.0,10.0,0.0,SEASONALLY_WET_BUT_DRY_AT_EVENT_ONSET
A,B2,577,0.0012,15.0,10.0,0.09,6,0.0,14.142135623730951,0.001449999981559813,SEASONALLY_WET_BUT_DRY_AT_EVENT_ONSET
A,B2,586,0.0017,15.0,10.0,0.15,6,0.0,10.0,0.0,SEASONALLY_WET_BUT_DRY_AT_EVENT_ONSET
A,B2,647,0.0015,15.0,8.0,0.02,6,7.0,10.0,0.0,SEASONALLY_WET_BUT_DRY_AT_EVENT_ONSET
A,B2,653,0.0015,15.0,11.0,0.05,6,0.0,10.0,0.0,SEASONALLY_WET_BUT_DRY_AT_EVENT_ONSET
A,B2,664,0.0014,15.0,10.0,0.12,6,0.0,10.0,0.024650000035762787,SEASONALLY_WET_BUT_DRY_AT_EVENT_ONSET
A,B2,674,0.0012,15.0,8.0,0.02,10,3.0,10.0,0.0,SEASONALLY_WET_BUT_DRY_AT_EVENT_ONSET
A,B2,681,0.0072,15.0,9.0,0.09,6,10.0,10.0,,SEASONALLY_WET_BUT_DRY_AT_EVENT_ONSET
A,B2,689,0.0016,15.0,8.0,0.02,10,0.0,114.0175425099138,0.0,SEASONALLY_WET_BUT_DRY_AT_EVENT_ONSET
A,B2,694,0.0064,15.0,9.0,0.09,1,0.0,10.0,,SEASONALLY_WET_BUT_DRY_AT_EVENT_ONSET
A,B2,701,0.0024,15.0,8.5,0.055,1,15.5,10.0,,SEASONALLY_WET_BUT_DRY_AT_EVENT_ONSET
A,B2,724,0.0012,15.0,9.0,0.02,6,0.0,14.142135623730951,0.0,SEASONALLY_WET_BUT_DRY_AT_EVENT_ONSET
A,B2,732,0.001,15.0,9.0,0.02,6,0.0,10.0,0.0,SEASONALLY_WET_BUT_DRY_AT_EVENT_ONSET
A,B2,739,0.0012,15.0,10.0,0.09,6,17.0,10.0,0.0,SEASONALLY_WET_BUT_DRY_AT_EVENT_ONSET
A,B2,749,0.0012,15.0,10.0,0.12,6,0.0,10.0,0.0,SEASONALLY_WET_BUT_DRY_AT_EVENT_ONSET
A,B2,751,0.0012,15.0,12.0,0.12,3,0.0,890.0561780022651,,SEASONALLY_WET_BUT_DRY_AT_EVENT_ONSET
A,B2,758,0.002,15.0,11.0,0.05,6,0.0,10.0,0.0,SEASONALLY_WET_BUT_DRY_AT_EVENT_ONSET
A,B2,759,0.0016,15.0,13.0,0.08,6,17.0,10.0,0.0,SEASONALLY_WET_BUT_DRY_AT_EVENT_ONSET
A,B2,760,0.0034,15.0,10.0,0.09,6,0.0,10.0,0.41760000586509705,SEASONALLY_WET_BUT_DRY_AT_EVENT_ONSET
A,B2,767,0.0016,15.0,13.0,0.08,6,5.0,10.0,0.0,SEASONALLY_WET_BUT_DRY_AT_EVENT_ONSET
A,B2,778,0.0011,15.0,10.0,0.12,6,3.0,10.0,1.2387639284133911,SEASONALLY_WET_BUT_DRY_AT_EVENT_ONSET
A,B2,810,0.0011,15.0,10.0,0.15,6,7.0,10.0,0.0,SEASONALLY_WET_BUT_DRY_AT_EVENT_ONSET
A,B2,815,0.0011,15.0,8.0,0.02,6,7.0,10.0,7.1890997886657715,SEASONALLY_WET_BUT_DRY_AT_EVENT_ONSET
A,B2,837,0.0012,15.0,10.0,0.12,6,0.0,10.0,0.0,SEASONALLY_WET_BUT_DRY_AT_EVENT_ONSET
A,B2,853,0.0012,15.0,11.0,0.05,6,13.0,10.0,0.0,SEASONALLY_WET_BUT_DRY_AT_EVENT_ONSET
A,B2,865,0.0012,15.0,9.0,0.09,3,0.0,230.21728866442675,8.392671585083008,SEASONALLY_WET_BUT_DRY_AT_EVENT_ONSET
A,B2,867,0.001,15.0,9.0,0.05,3,0.0,298.328677803526,8.145186424255371,SEASONALLY_WET_BUT_DRY_AT_EVENT_ONSET
A,B2,868,0.0028,15.0,9.0,0.09,3,0.0,270.0,8.101949691772461,SEASONALLY_WET_BUT_DRY_AT_EVENT_ONSET
A,B2,876,0.0017,15.0,10.0,0.09,3,0.0,351.28336140500596,7.861814022064209,SEASONALLY_WET_BUT_DRY_AT_EVENT_ONSET
A,B2,879,0.0013,15.0,10.0,0.15,3,0.0,643.5060217278467,8.3275728225708,SEASONALLY_WET_BUT_DRY_AT_EVENT_ONSET
A,B2,881,0.001,15.0,9.0,0.09,3,0.0,482.70073544588683,8.436697006225586,SEASONALLY_WET_BUT_DRY_AT_EVENT_ONSET
A,B2,886,0.001,15.0,10.0,0.15,3,0.0,400.24992192379,8.061497688293457,SEASONALLY_WET_BUT_DRY_AT_EVENT_ONSET
A,B2,888,0.0024,15.0,8.0,0.02,3,0.0,559.4640292279746,8.34566593170166,SEASONALLY_WET_BUT_DRY_AT_EVENT_ONSET
A,B2,891,0.0012,11.0,8.0,0.03,6,0.0,10.0,0.0,SEASONALLY_WET_BUT_DRY_AT_EVENT_ONSET
A,B2,892,0.0088,15.0,11.0,0.05,3,0.0,417.73197148410844,8.077035903930664,SEASONALLY_WET_BUT_DRY_AT_EVENT_ONSET
A,B2,896,0.0022,15.0,9.0,0.09,3,0.0,524.6903848937962,7.514171600341797,SEASONALLY_WET_BUT_DRY_AT_EVENT_ONSET
A,B2,897,0.0014,15.0,10.0,0.15,3,0.0,594.138031100518,8.370794296264648,SEASONALLY_WET_BUT_DRY_AT_EVENT_ONSET
A,B2,899,0.0016,15.0,9.0,0.09,3,0.0,614.00325732035,8.46916675567627,SEASONALLY_WET_BUT_DRY_AT_EVENT_ONSET
A,B2,915,0.0013,15.0,8.0,0.02,3,0.0,1032.3274674249446,7.449001789093018,SEASONALLY_WET_BUT_DRY_AT_EVENT_ONSET
A,B2,923,0.001,15.0,9.0,0.09,3,0.0,632.8506932918696,7.775883197784424,SEASONALLY_WET_BUT_DRY_AT_EVENT_ONSET
A,B2,937,0.001,15.0,12.0,0.12,3,0.0,1625.8536219475602,,SEASONALLY_WET_BUT_DRY_AT_EVENT_ONSET
A,B2,946,0.0011,15.0,10.0,0.15,3,0.0,688.7670143089025,8.51675796508789,SEASONALLY_WET_BUT_DRY_AT_EVENT_ONSET
A,B2,951,0.0016,15.0,10.0,0.1,3,0.0,751.6648189186453,8.794546127319336,SEASONALLY_WET_BUT_DRY_AT_EVENT_ONSET
A,B2,964,0.0012,15.0,9.0,0.09,3,0.0,822.8000972289685,8.954352378845215,SEASONALLY_WET_BUT_DRY_AT_EVENT_ONSET
A,B2,965,0.001,15.0,10.5,0.1,3,0.0,799.0619500389191,9.016780853271484,SEASONALLY_WET_BUT_DRY_AT_EVENT_ONSET
A,B2,977,0.0016,15.0,10.5,0.1,3,0.0,755.3806987208503,8.730043411254883,SEASONALLY_WET_BUT_DRY_AT_EVENT_ONSET
A,B2,979,0.0049,15.0,10.0,0.15,3,0.0,769.0253571892151,8.657858848571777,SEASONALLY_WET_BUT_DRY_AT_EVENT_ONSET
A,B2,990,0.0014,15.0,10.0,0.15,3,0.0,879.2041856133307,9.25642204284668,SEASONALLY_WET_BUT_DRY_AT_EVENT_ONSET
A,B2,992,0.001,15.0,10.0,0.02,3,0.0,980.0510190801293,9.69644546508789,SEASONALLY_WET_BUT_DRY_AT_EVENT_ONSET
A,B2,995,0.0012,15.0,10.0,0.15,3,0.0,810.0,8.721296310424805,SEASONALLY_WET_BUT_DRY_AT_EVENT_ONSET
A,B2,1002,0.0014,15.0,12.0,0.12,3,0.0,1198.0818002123228,8.37314510345459,SEASONALLY_WET_BUT_DRY_AT_EVENT_ONSET
A,B2,1004,0.001,15.0,10.0,0.09,3,0.0,866.8333173107735,9.038475036621094,SEASONALLY_WET_BUT_DRY_AT_EVENT_ONSET
A,B2,1010,0.001,15.0,10.0,0.15,3,0.0,1095.9014554237986,8.59627628326416,SEASONALLY_WET_BUT_DRY_AT_EVENT_ONSET
A,B2,1013,0.001,15.0,10.0,0.135,3,0.0,964.6242791885346,9.280569076538086,SEASONALLY_WET_BUT_DRY_AT_EVENT_ONSET
A,B2,1021,0.0012,15.0,10.0,0.15,3,0.0,1068.8779163215975,9.45639419555664,SEASONALLY_WET_BUT_DRY_AT_EVENT_ONSET
A,B2,1022,0.0012,15.0,10.0,0.09,3,0.0,930.0,9.025284767150879,SEASONALLY_WET_BUT_DRY_AT_EVENT_ONSET
A,B2,1023,0.002,15.0,9.0,0.05,3,0.0,968.4007434941384,9.089560508728027,SEASONALLY_WET_BUT_DRY_AT_EVENT_ONSET
A,B2,1024,0.0072,15.0,9.0,0.09,3,0.0,986.8130522039116,9.243027687072754,SEASONALLY_WET_BUT_DRY_AT_EVENT_ONSET
A,B2,1028,0.0026,15.0,11.0,0.07,3,0.0,1107.2488428533127,9.68419361114502,SEASONALLY_WET_BUT_DRY_AT_EVENT_ONSET
A,B2,1032,0.0017,15.0,9.0,0.05,3,0.0,1008.0674580602232,9.484199523925781,SEASONALLY_WET_BUT_DRY_AT_EVENT_ONSET
A,B2,1037,0.001,15.0,10.0,0.05,3,0.0,1010.0495037373169,9.411935806274414,SEASONALLY_WET_BUT_DRY_AT_EVENT_ONSET
A,B2,1071,0.0013,15.0,11.0,0.09,3,0.0,1292.8263611173775,9.819284439086914,SEASONALLY_WET_BUT_DRY_AT_EVENT_ONSET
A,B2,1089,0.002,15.0,9.0,0.09,3,0.0,1290.0387591076478,11.05104923248291,SEASONALLY_WET_BUT_DRY_AT_EVENT_ONSET
A,B2,1109,0.0015,15.0,9.0,0.09,3,0.0,1406.3072210580447,9.91909408569336,SEASONALLY_WET_BUT_DRY_AT_EVENT_ONSET
A,B2,1112,0.0011,15.0,10.0,0.15,3,0.0,2061.188977265306,9.420286178588867,SEASONALLY_WET_BUT_DRY_AT_EVENT_ONSET
A,B2,1117,0.0021,15.0,10.0,0.15,3,0.0,817.4350127074322,15.90822982788086,SEASONALLY_WET_BUT_DRY_AT_EVENT_ONSET
A,B2,1121,0.0047,15.0,8.0,0.02,3,0.0,1270.9838708654017,10.213236808776855,SEASONALLY_WET_BUT_DRY_AT_EVENT_ONSET
A,B2,1127,0.0012,15.0,9.0,0.09,3,0.0,1356.7977004697493,9.853317260742188,SEASONALLY_WET_BUT_DRY_AT_EVENT_ONSET
A,B2,1128,0.0013,15.0,9.0,0.09,3,0.0,1347.1451295239128,9.86086368560791,SEASONALLY_WET_BUT_DRY_AT_EVENT_ONSET
A,B2,1135,0.0014,15.0,11.0,0.05,3,0.0,1517.9591562357664,10.08470630645752,SEASONALLY_WET_BUT_DRY_AT_EVENT_ONSET
A,B2,1143,0.0016,15.0,11.0,0.12,3,0.0,1074.6627377926527,14.046814918518066,SEASONALLY_WET_BUT_DRY_AT_EVENT_ONSET
A,B2,1157,0.0018,15.0,9.0,0.07,3,0.0,1319.7348218486925,10.351173400878906,SEASONALLY_WET_BUT_DRY_AT_EVENT_ONSET
A,B2,1168,0.0058,15.0,9.0,0.09,3,0.0,1465.4009690183775,10.45993709564209,SEASONALLY_WET_BUT_DRY_AT_EVENT_ONSET
A,B2,1174,0.0011,15.0,9.0,0.09,3,0.0,462.3851208678757,14.44288158416748,SEASONALLY_WET_BUT_DRY_AT_EVENT_ONSET
A,B2,1184,0.0013,15.0,11.0,0.05,3,0.0,1498.3324063771697,10.316607475280762,SEASONALLY_WET_BUT_DRY_AT_EVENT_ONSET
A,B2,1192,0.0068,15.0,11.0,0.12,3,0.0,1392.6234236145822,10.36467170715332,SEASONALLY_WET_BUT_DRY_AT_EVENT_ONSET
A,B2,1198,0.0016,15.0,10.5,0.05,3,0.0,2015.1674868357716,,SEASONALLY_WET_BUT_DRY_AT_EVENT_ONSET
A,B2,1212,0.001,15.0,9.0,0.09,3,0.0,842.0213774008353,15.80155086517334,SEASONALLY_WET_BUT_DRY_AT_EVENT_ONSET
A,B2,1214,0.0013,15.0,8.0,0.02,3,0.0,1850.0,10.05972957611084,SEASONALLY_WET_BUT_DRY_AT_EVENT_ONSET
A,B2,1241,0.001,15.0,9.0,0.05,3,0.0,1508.8074761214566,10.568674087524414,SEASONALLY_WET_BUT_DRY_AT_EVENT_ONSET
A,B2,1251,0.0015,15.0,9.0,0.09,3,0.0,804.114419718985,15.0111722946167,SEASONALLY_WET_BUT_DRY_AT_EVENT_ONSET
A,B2,1252,0.0015,15.0,10.0,0.15,3,0.0,1046.7568963231147,15.301937103271484,SEASONALLY_WET_BUT_DRY_AT_EVENT_ONSET
A,B2,1265,0.0013,15.0,12.0,0.08,3,0.0,1510.0,10.786738395690918,SEASONALLY_WET_BUT_DRY_AT_EVENT_ONSET
A,B2,1279,0.0011,15.0,11.0,0.09,3,0.0,1537.3353570382747,10.881880760192871,SEASONALLY_WET_BUT_DRY_AT_EVENT_ONSET
A,B2,1319,0.0011,15.0,9.0,0.09,3,0.0,979.8979538707079,16.692228317260742,SEASONALLY_WET_BUT_DRY_AT_EVENT_ONSET
A,B2,1333,0.002,15.0,11.0,0.05,3,0.0,1730.0289014926889,11.55160903930664,SEASONALLY_WET_BUT_DRY_AT_EVENT_ONSET
A,B2,1336,0.0012,15.0,11.0,0.12,3,0.0,1983.3809518093087,10.976130485534668,SEASONALLY_WET_BUT_DRY_AT_EVENT_ONSET
A,B2,1343,0.0012,15.0,10.0,0.15,3,0.0,1765.0495743746123,11.463982582092285,SEASONALLY_WET_BUT_DRY_AT_EVENT_ONSET
A,B2,1358,0.0018,15.0,10.0,0.12,3,0.0,2300.8259386576815,11.19158935546875,SEASONALLY_WET_BUT_DRY_AT_EVENT_ONSET
A,B2,1365,0.0014,15.0,9.0,0.09,3,0.0,830.0602387778854,15.460589408874512,SEASONALLY_WET_BUT_DRY_AT_EVENT_ONSET
A,B2,1371,0.001,15.0,11.0,0.12,3,0.0,2650.4716561397145,10.417444229125977,SEASONALLY_WET_BUT_DRY_AT_EVENT_ONSET
A,B2,1395,0.0025,15.0,11.0,0.09,3,0.0,1977.725966861941,11.823054313659668,SEASONALLY_WET_BUT_DRY_AT_EVENT_ONSET
A,B2,1400,0.0024,15.0,10.0,0.09,6,0.0,10.0,0.0,SEASONALLY_WET_BUT_DRY_AT_EVENT_ONSET
A,B2,1403,0.0013,15.0,12.0,0.12,3,0.0,1172.3907198540937,14.202432632446289,SEASONALLY_WET_BUT_DRY_AT_EVENT_ONSET
A,B2,1405,0.0012,15.0,8.0,0.02,3,0.0,1806.931099959265,11.973833084106445,SEASONALLY_WET_BUT_DRY_AT_EVENT_ONSET
A,B2,1428,0.0015,15.0,9.0,0.09,3,0.0,1284.1339493993607,13.341350555419922,SEASONALLY_WET_BUT_DRY_AT_EVENT_ONSET
A,B2,1445,0.0012,15.0,12.5,0.065,3,0.0,1850.0,12.389008522033691,SEASONALLY_WET_BUT_DRY_AT_EVENT_ONSET
A,B2,1449,0.0015,15.0,13.0,0.01,3,0.0,2096.520927632252,12.217164039611816,SEASONALLY_WET_BUT_DRY_AT_EVENT_ONSET
A,B2,1451,0.0017,15.0,10.0,0.09,3,0.0,2196.0418939537562,11.534097671508789,SEASONALLY_WET_BUT_DRY_AT_EVENT_ONSET
A,B2,1456,0.0014,15.0,9.0,0.05,3,0.0,1074.4766167767448,15.437379837036133,SEASONALLY_WET_BUT_DRY_AT_EVENT_ONSET
A,B2,1463,0.0012,15.0,11.5,0.085,3,0.0,804.5495634204271,17.10791778564453,SEASONALLY_WET_BUT_DRY_AT_EVENT_ONSET
A,B2,1477,0.001,15.0,8.0,0.02,3,0.0,886.0022573334675,16.481367111206055,SEASONALLY_WET_BUT_DRY_AT_EVENT_ONSET
A,B2,1487,0.0024,15.0,9.0,0.09,3,0.0,1198.0818002123228,14.91646957397461,SEASONALLY_WET_BUT_DRY_AT_EVENT_ONSET
A,B2,1546,0.0012,15.0,8.0,0.02,3,0.0,1552.707313050338,,SEASONALLY_WET_BUT_DRY_AT_EVENT_ONSET
A,B2,1548,0.001,15.0,9.0,0.09,3,0.0,1304.837154590564,15.378837585449219,SEASONALLY_WET_BUT_DRY_AT_EVENT_ONSET
A,B2,1622,0.0019,15.0,11.0,0.12,3,0.0,2894.304752440558,12.649290084838867,SEASONALLY_WET_BUT_DRY_AT_EVENT_ONSET
A,B2,1624,0.0011,15.0,8.0,0.02,3,0.0,1220.6555615733703,16.476476669311523,SEASONALLY_WET_BUT_DRY_AT_EVENT_ONSET
A,B2,1627,0.0014,15.0,10.0,0.15,3,0.0,1528.9865924853625,14.09809684753418,SEASONALLY_WET_BUT_DRY_AT_EVENT_ONSET
A,B2,1643,0.0022,15.0,9.0,0.07,3,0.0,2550.0,,SEASONALLY_WET_BUT_DRY_AT_EVENT_ONSET
A,B2,1649,0.0021,15.0,10.0,0.15,3,0.0,2680.7834675706276,12.934496879577637,SEASONALLY_WET_BUT_DRY_AT_EVENT_ONSET
A,B2,1669,0.001,15.0,10.0,0.15,3,0.0,2876.8385425671704,,SEASONALLY_WET_BUT_DRY_AT_EVENT_ONSET
A,B2,1674,0.0044,15.0,10.0,0.105,3,0.0,2937.2436058318353,13.122770309448242,SEASONALLY_WET_BUT_DRY_AT_EVENT_ONSET
A,B2,1678,0.0019,15.0,11.0,0.09,3,0.0,1583.9823231336895,14.360158920288086,SEASONALLY_WET_BUT_DRY_AT_EVENT_ONSET
A,B2,1687,0.0011,15.0,10.0,0.09,3,0.0,2789.587783167972,13.372459411621094,SEASONALLY_WET_BUT_DRY_AT_EVENT_ONSET
A,B2,1706,0.0011,15.0,10.0,0.09,3,0.0,1319.4695904036594,17.705928802490234,SEASONALLY_WET_BUT_DRY_AT_EVENT_ONSET
A,B2,1707,0.0011,15.0,12.0,0.12,3,0.0,1786.4489917151286,14.114908218383789,SEASONALLY_WET_BUT_DRY_AT_EVENT_ONSET
A,B2,1712,0.0011,15.0,9.0,0.09,3,0.0,2692.675249635574,,SEASONALLY_WET_BUT_DRY_AT_EVENT_ONSET
A,B2,1730,0.0013,15.0,9.0,0.09,3,0.0,2900.2413692656687,,SEASONALLY_WET_BUT_DRY_AT_EVENT_ONSET
A,B2,1733,0.0031,15.0,11.0,0.12,3,0.0,3098.2091601439693,13.007392883300781,SEASONALLY_WET_BUT_DRY_AT_EVENT_ONSET
A,B2,1736,0.0011,15.0,9.0,0.09,3,0.0,1271.2985487288186,18.02233123779297,SEASONALLY_WET_BUT_DRY_AT_EVENT_ONSET
A,B2,1745,0.0015,15.0,9.0,0.09,3,0.0,2717.094035914105,,SEASONALLY_WET_BUT_DRY_AT_EVENT_ONSET
A,B2,1746,0.002,15.0,9.0,0.09,3,0.0,2232.7113561766105,,SEASONALLY_WET_BUT_DRY_AT_EVENT_ONSET
A,B2,1758,0.0034,15.0,9.0,0.09,3,0.0,2342.0076857260738,,SEASONALLY_WET_BUT_DRY_AT_EVENT_ONSET
A,B2,1761,0.0017,15.0,9.0,0.09,3,0.0,3322.5592545506242,13.050919532775879,SEASONALLY_WET_BUT_DRY_AT_EVENT_ONSET
A,B2,1770,0.001,15.0,11.0,0.05,3,0.0,2776.2204523416362,13.705077171325684,SEASONALLY_WET_BUT_DRY_AT_EVENT_ONSET
A,B2,1771,0.0011,15.0,11.0,0.05,3,0.0,2950.8303916016594,13.45556640625,SEASONALLY_WET_BUT_DRY_AT_EVENT_ONSET
A,B2,1783,0.001,15.0,9.0,0.09,3,0.0,2999.7666575918865,,SEASONALLY_WET_BUT_DRY_AT_EVENT_ONSET
A,B2,1804,0.0012,15.0,9.0,0.05,3,0.0,3310.135948869774,13.20383071899414,SEASONALLY_WET_BUT_DRY_AT_EVENT_ONSET
A,B2,1846,0.0012,15.0,11.0,0.05,3,0.0,2866.391459657944,14.020744323730469,SEASONALLY_WET_BUT_DRY_AT_EVENT_ONSET
A,B2,1909,0.0012,15.0,8.0,0.02,3,0.0,2499.539957672211,,SEASONALLY_WET_BUT_DRY_AT_EVENT_ONSET
A,B2,1917,0.0011,15.0,9.0,0.09,3,0.0,3063.494736408078,,SEASONALLY_WET_BUT_DRY_AT_EVENT_ONSET
A,B2,1921,0.0013,15.0,10.0,0.09,3,0.0,2105.35032714273,13.238187789916992,SEASONALLY_WET_BUT_DRY_AT_EVENT_ONSET
A,B2,1930,0.0011,15.0,8.0,0.02,3,0.0,1606.5490966665163,17.88558578491211,SEASONALLY_WET_BUT_DRY_AT_EVENT_ONSET
A,B2,1969,0.001,15.0,10.0,0.15,3,0.0,2290.720410700529,,SEASONALLY_WET_BUT_DRY_AT_EVENT_ONSET
A,B2,1984,0.001,15.0,9.0,0.05,3,0.0,3379.023527588998,,SEASONALLY_WET_BUT_DRY_AT_EVENT_ONSET
A,B2,2011,0.0019,15.0,9.0,0.05,3,0.0,3302.877533303347,,SEASONALLY_WET_BUT_DRY_AT_EVENT_ONSET
A,B2,2022,0.001,15.0,10.0,0.09,3,0.0,3573.3037934102385,14.137947082519531,SEASONALLY_WET_BUT_DRY_AT_EVENT_ONSET
A,B2,2031,0.0024,15.0,8.0,0.02,3,0.0,3358.764653857129,,SEASONALLY_WET_BUT_DRY_AT_EVENT_ONSET
A,B2,2034,0.001,15.0,13.0,0.01,3,0.0,1601.8114745499859,13.511202812194824,SEASONALLY_WET_BUT_DRY_AT_EVENT_ONSET
A,B2,2041,0.001,15.0,9.0,0.09,3,0.0,2420.0206610688265,,SEASONALLY_WET_BUT_DRY_AT_EVENT_ONSET
A,B2,2054,0.0015,15.0,8.0,0.02,3,0.0,2427.385424690525,,SEASONALLY_WET_BUT_DRY_AT_EVENT_ONSET
A,B2,2081,0.0021,15.0,9.0,0.09,3,0.0,3808.6480541000374,13.717443466186523,SEASONALLY_WET_BUT_DRY_AT_EVENT_ONSET
A,B2,2103,0.001,15.0,10.0,0.15,3,0.0,3463.5530889535967,,SEASONALLY_WET_BUT_DRY_AT_EVENT_ONSET
A,B2,2104,0.0016,15.0,10.0,0.15,3,0.0,3414.7035010378277,,SEASONALLY_WET_BUT_DRY_AT_EVENT_ONSET
A,B2,2116,0.0015,15.0,10.0,0.15,3,0.0,3789.5778128968404,14.027956008911133,SEASONALLY_WET_BUT_DRY_AT_EVENT_ONSET
A,B2,2119,0.0021,15.0,9.0,0.09,3,0.0,3823.7416230702615,,SEASONALLY_WET_BUT_DRY_AT_EVENT_ONSET
A,B2,2120,0.0012,15.0,8.0,0.02,3,0.0,3524.2304124446805,,SEASONALLY_WET_BUT_DRY_AT_EVENT_ONSET
A,B2,2143,0.0016,15.0,8.0,0.02,3,0.0,2602.498799231231,,SEASONALLY_WET_BUT_DRY_AT_EVENT_ONSET
A,B2,2175,0.0011,15.0,8.0,0.02,3,0.0,3519.61645637703,,SEASONALLY_WET_BUT_DRY_AT_EVENT_ONSET
A,B2,2185,0.0015,15.0,9.0,0.05,3,0.0,3946.9735241067933,13.834440231323242,SEASONALLY_WET_BUT_DRY_AT_EVENT_ONSET
A,B2,2187,0.001,15.0,11.0,0.05,3,0.0,3640.4670030093666,,SEASONALLY_WET_BUT_DRY_AT_EVENT_ONSET
A,B2,2281,0.0011,15.0,10.0,0.15,3,0.0,2780.1618657912704,,SEASONALLY_WET_BUT_DRY_AT_EVENT_ONSET
A,B2,2324,0.001,15.0,11.0,0.05,3,0.0,3754.703716673261,,SEASONALLY_WET_BUT_DRY_AT_EVENT_ONSET
A,B2,2325,0.001,15.0,10.0,0.15,3,0.0,3730.3351055903813,,SEASONALLY_WET_BUT_DRY_AT_EVENT_ONSET
A,B2,2332,0.001,15.0,10.0,0.12,3,0.0,1530.0326793895613,13.607019424438477,SEASONALLY_WET_BUT_DRY_AT_EVENT_ONSET
A,B2,2334,0.001,15.0,9.0,0.09,3,0.0,3750.3333185198353,,SEASONALLY_WET_BUT_DRY_AT_EVENT_ONSET
A,B2,2361,0.0019,15.0,9.0,0.09,3,0.0,2787.723085243583,14.542863845825195,SEASONALLY_WET_BUT_DRY_AT_EVENT_ONSET
A,B2,2383,0.0019,15.0,9.0,0.09,3,0.0,1519.5394038984314,14.146812438964844,SEASONALLY_WET_BUT_DRY_AT_EVENT_ONSET
A,B2,2385,0.0011,15.0,10.0,0.15,3,0.0,1468.1280598094977,13.942874908447266,SEASONALLY_WET_BUT_DRY_AT_EVENT_ONSET
A,B2,2399,0.0011,15.0,11.0,0.05,3,0.0,3932.8615536273333,14.440176963806152,SEASONALLY_WET_BUT_DRY_AT_EVENT_ONSET
A,B2,2432,0.001,15.0,12.0,0.12,3,0.0,1067.941945987702,14.158246994018555,SEASONALLY_WET_BUT_DRY_AT_EVENT_ONSET
A,B2,2448,0.0027,15.0,9.0,0.09,3,0.0,1699.2351220475641,14.445513725280762,SEASONALLY_WET_BUT_DRY_AT_EVENT_ONSET
A,B2,2466,0.0018,15.0,10.0,0.09,3,0.0,1058.0170130957251,14.270187377929688,SEASONALLY_WET_BUT_DRY_AT_EVENT_ONSET
A,B2,2467,0.0017,15.0,11.0,0.09,3,0.0,1381.9551367537226,14.520946502685547,SEASONALLY_WET_BUT_DRY_AT_EVENT_ONSET
A,B2,2489,0.0038,15.0,11.0,0.05,3,0.0,4359.380689960444,,SEASONALLY_WET_BUT_DRY_AT_EVENT_ONSET
A,B2,2493,0.0031,15.0,9.0,0.09,3,0.0,4031.6001785891417,14.823396682739258,SEASONALLY_WET_BUT_DRY_AT_EVENT_ONSET
A,B2,2518,0.0015,15.0,10.0,0.15,3,0.0,1549.5160534825059,14.167582511901855,SEASONALLY_WET_BUT_DRY_AT_EVENT_ONSET
A,B2,2528,0.0017,15.0,11.0,0.05,3,0.0,557.3149917237109,14.01671028137207,SEASONALLY_WET_BUT_DRY_AT_EVENT_ONSET
A,B2,2623,0.0013,15.0,9.0,0.09,3,0.0,3808.017857100988,14.985343933105469,SEASONALLY_WET_BUT_DRY_AT_EVENT_ONSET
A,B2,2624,0.0011,15.0,9.0,0.09,3,0.0,4294.67111662814,,SEASONALLY_WET_BUT_DRY_AT_EVENT_ONSET
A,B2,2630,0.0059,15.0,9.0,0.09,3,0.0,4479.754457556798,,SEASONALLY_WET_BUT_DRY_AT_EVENT_ONSET
A,B2,2641,0.0016,15.0,9.5,0.09,3,0.0,4244.4552065017715,,SEASONALLY_WET_BUT_DRY_AT_EVENT_ONSET
A,B2,2642,0.003,15.0,9.0,0.09,3,0.0,4391.651170118137,,SEASONALLY_WET_BUT_DRY_AT_EVENT_ONSET
A,B2,2653,0.0038,15.0,10.0,0.05,3,0.0,4290.104893822528,,SEASONALLY_WET_BUT_DRY_AT_EVENT_ONSET
A,B2,2669,0.0016,15.0,11.0,0.12,3,0.0,284.60498941515414,13.556403160095215,SEASONALLY_WET_BUT_DRY_AT_EVENT_ONSET
A,B2,2680,0.0013,15.0,9.0,0.09,3,0.0,4865.8503881644365,,SEASONALLY_WET_BUT_DRY_AT_EVENT_ONSET
A,B2,2685,0.0011,15.0,9.0,0.09,3,0.0,559.4640292279746,15.764257431030273,SEASONALLY_WET_BUT_DRY_AT_EVENT_ONSET
A,B2,2700,0.0013,15.0,10.0,0.09,3,0.0,1345.2880732393342,15.532291412353516,SEASONALLY_WET_BUT_DRY_AT_EVENT_ONSET
A,B2,2702,0.0015,15.0,9.0,0.09,3,0.0,4166.173304124542,,SEASONALLY_WET_BUT_DRY_AT_EVENT_ONSET
A,B2,2711,0.001,15.0,9.0,0.09,3,0.0,4392.561894839958,,SEASONALLY_WET_BUT_DRY_AT_EVENT_ONSET
A,B2,2720,0.0012,15.0,10.0,0.15,3,0.0,4285.720476186006,,SEASONALLY_WET_BUT_DRY_AT_EVENT_ONSET
A,B2,2733,0.0024,15.0,9.0,0.05,3,0.0,4674.120238076895,,SEASONALLY_WET_BUT_DRY_AT_EVENT_ONSET
A,B2,2760,0.0011,15.0,9.0,0.09,3,0.0,4512.493767308715,,SEASONALLY_WET_BUT_DRY_AT_EVENT_ONSET
A,B2,2768,0.001,15.0,11.0,0.05,3,0.0,2170.0230413523263,15.5581693649292,SEASONALLY_WET_BUT_DRY_AT_EVENT_ONSET
A,B2,2791,0.0013,15.0,10.0,0.15,10,0.0,976.2171889492624,15.707612991333008,SEASONALLY_WET_BUT_DRY_AT_EVENT_ONSET
A,B2,2809,0.0016,15.0,10.0,0.07,3,0.0,271.6615541441225,14.094188690185547,SEASONALLY_WET_BUT_DRY_AT_EVENT_ONSET
A,B2,2814,0.0011,15.0,8.0,0.02,3,0.0,4726.457447179653,,SEASONALLY_WET_BUT_DRY_AT_EVENT_ONSET
A,B2,2845,0.0017,15.0,10.0,0.09,3,0.0,4405.01986374636,,SEASONALLY_WET_BUT_DRY_AT_EVENT_ONSET
A,B2,2855,0.001,15.0,9.0,0.09,3,0.0,290.0,13.84262752532959,SEASONALLY_WET_BUT_DRY_AT_EVENT_ONSET
A,B2,2868,0.0012,15.0,11.0,0.12,3,0.0,221.35943621178654,2.054866075515747,SEASONALLY_WET_BUT_DRY_AT_EVENT_ONSET
A,B2,2870,0.001,15.0,10.0,0.09,3,0.0,631.2685640834652,5.988371849060059,SEASONALLY_WET_BUT_DRY_AT_EVENT_ONSET
A,B2,2882,0.001,15.0,11.0,0.05,3,0.0,3328.4380721293287,15.459197044372559,SEASONALLY_WET_BUT_DRY_AT_EVENT_ONSET
A,B2,2891,0.0103,15.0,10.0,0.09,3,0.0,590.3388857258177,6.346809387207031,SEASONALLY_WET_BUT_DRY_AT_EVENT_ONSET
A,B2,2896,0.0015,15.0,10.0,0.09,3,0.0,2697.647122957337,15.43689250946045,SEASONALLY_WET_BUT_DRY_AT_EVENT_ONSET
A,B2,2903,0.002,15.0,11.0,0.05,3,0.0,2754.0878707840825,15.383581161499023,SEASONALLY_WET_BUT_DRY_AT_EVENT_ONSET
A,B2,2911,0.0033,15.0,11.0,0.05,3,0.0,570.0,6.123827934265137,SEASONALLY_WET_BUT_DRY_AT_EVENT_ONSET
A,B2,2914,0.0013,15.0,10.0,0.15,3,0.0,4246.045218788891,,SEASONALLY_WET_BUT_DRY_AT_EVENT_ONSET
A,B2,2919,0.0015,15.0,9.0,0.09,3,0.0,930.0,6.240342140197754,SEASONALLY_WET_BUT_DRY_AT_EVENT_ONSET
A,B2,2948,0.0019,15.0,10.0,0.15,3,0.0,4077.707689376471,,SEASONALLY_WET_BUT_DRY_AT_EVENT_ONSET
A,B2,2961,0.0027,15.0,9.0,0.09,3,0.0,4427.301661283089,,SEASONALLY_WET_BUT_DRY_AT_EVENT_ONSET
A,B2,2971,0.0012,15.0,9.0,0.09,3,0.0,810.0617260431454,16.873891830444336,SEASONALLY_WET_BUT_DRY_AT_EVENT_ONSET
A,B2,2972,0.0014,15.0,8.0,0.02,3,0.0,1632.942130021759,16.13835906982422,SEASONALLY_WET_BUT_DRY_AT_EVENT_ONSET
A,B2,2976,0.0061,15.0,9.0,0.09,3,0.0,4305.6474542163805,,SEASONALLY_WET_BUT_DRY_AT_EVENT_ONSET
A,B2,2984,0.002,15.0,10.0,0.035,3,0.0,594.138031100518,0.0,SEASONALLY_WET_BUT_DRY_AT_EVENT_ONSET
A,B2,3003,0.001,15.0,8.5,0.055,3,0.0,470.0,0.0,SEASONALLY_WET_BUT_DRY_AT_EVENT_ONSET
A,B2,3006,0.0189,15.0,10.0,0.09,3,0.0,793.0952023559341,7.127270698547363,SEASONALLY_WET_BUT_DRY_AT_EVENT_ONSET
A,B2,3010,0.0014,15.0,10.0,0.15,3,0.0,4519.933627831277,,SEASONALLY_WET_BUT_DRY_AT_EVENT_ONSET
A,B2,3015,0.001,15.0,9.0,0.07,3,0.0,1060.0,6.32856559753418,SEASONALLY_WET_BUT_DRY_AT_EVENT_ONSET
A,B2,3020,0.0018,15.0,10.0,0.15,3,0.0,550.0909015790027,0.0,SEASONALLY_WET_BUT_DRY_AT_EVENT_ONSET
A,B2,3023,0.0091,15.0,10.0,0.09,3,0.0,4223.481975810954,,SEASONALLY_WET_BUT_DRY_AT_EVENT_ONSET
A,B2,3035,0.0018,15.0,11.5,0.12,3,0.0,626.4982043070834,0.0,SEASONALLY_WET_BUT_DRY_AT_EVENT_ONSET
A,B2,3045,0.0027,15.0,9.0,0.09,3,0.0,4514.177665976385,,SEASONALLY_WET_BUT_DRY_AT_EVENT_ONSET
A,B2,3050,0.0016,15.0,9.0,0.09,3,0.0,730.2739212103907,6.827461242675781,SEASONALLY_WET_BUT_DRY_AT_EVENT_ONSET
A,B2,3055,0.0014,15.0,9.0,0.09,3,0.0,3523.2087647484077,15.347424507141113,SEASONALLY_WET_BUT_DRY_AT_EVENT_ONSET
A,B2,3065,0.0015,15.0,9.0,0.09,3,0.0,972.5224933131367,7.110162734985352,SEASONALLY_WET_BUT_DRY_AT_EVENT_ONSET
A,B2,3072,0.0016,15.0,9.0,0.035,3,0.0,4441.733895676327,,SEASONALLY_WET_BUT_DRY_AT_EVENT_ONSET
A,B2,3080,0.037,15.0,11.0,0.08,3,0.0,577.0615218501404,7.031567573547363,SEASONALLY_WET_BUT_DRY_AT_EVENT_ONSET
A,B2,3110,0.0018,15.0,11.0,0.09,3,0.0,904.7651629014017,0.0,SEASONALLY_WET_BUT_DRY_AT_EVENT_ONSET
A,B2,3114,0.0014,15.0,10.0,0.12,3,0.0,3268.470590352619,15.469574928283691,SEASONALLY_WET_BUT_DRY_AT_EVENT_ONSET
A,B2,3151,0.0011,15.0,10.0,0.15,3,0.0,502.4937810560445,0.0,SEASONALLY_WET_BUT_DRY_AT_EVENT_ONSET
A,B2,3169,0.0012,15.0,9.0,0.09,3,0.0,373.36309405188945,16.62969207763672,SEASONALLY_WET_BUT_DRY_AT_EVENT_ONSET
A,B2,3217,0.0012,15.0,10.0,0.15,3,0.0,4100.268283905335,,SEASONALLY_WET_BUT_DRY_AT_EVENT_ONSET
A,B2,3218,0.0015,15.0,10.0,0.09,3,0.0,4180.071769718793,,SEASONALLY_WET_BUT_DRY_AT_EVENT_ONSET
A,B2,3232,0.0031,15.0,11.0,0.09,3,0.0,3239.660476037574,15.842000007629395,SEASONALLY_WET_BUT_DRY_AT_EVENT_ONSET
A,B2,3238,0.0033,15.0,9.0,0.09,3,0.0,3956.6905362941898,16.071523666381836,SEASONALLY_WET_BUT_DRY_AT_EVENT_ONSET
A,B2,3250,0.0012,15.0,8.0,0.02,3,0.0,5510.716831774248,,SEASONALLY_WET_BUT_DRY_AT_EVENT_ONSET
A,B2,3256,0.0012,15.0,9.0,0.09,3,0.0,5411.635612271026,,SEASONALLY_WET_BUT_DRY_AT_EVENT_ONSET
A,B2,3274,0.0011,15.0,8.0,0.02,3,0.0,3073.662310664592,16.216552734375,SEASONALLY_WET_BUT_DRY_AT_EVENT_ONSET
A,B2,3281,0.0014,15.0,10.0,0.12,3,0.0,721.2489168102785,0.0,SEASONALLY_WET_BUT_DRY_AT_EVENT_ONSET
A,B2,3288,0.0016,15.0,9.5,0.105,3,0.0,3811.5875957401267,16.186817169189453,SEASONALLY_WET_BUT_DRY_AT_EVENT_ONSET
A,B2,3298,0.0011,15.0,9.0,0.09,3,0.0,2371.033529918968,16.42376136779785,SEASONALLY_WET_BUT_DRY_AT_EVENT_ONSET
A,B2,3304,0.0015,15.0,9.0,0.09,3,0.0,674.1661516273269,0.0,SEASONALLY_WET_BUT_DRY_AT_EVENT_ONSET
A,B2,3305,0.0055,15.0,11.0,0.09,3,0.0,734.9829930005184,0.0,SEASONALLY_WET_BUT_DRY_AT_EVENT_ONSET
A,B2,3313,0.001,15.0,13.0,0.01,3,0.0,496.58836071740546,0.0,SEASONALLY_WET_BUT_DRY_AT_EVENT_ONSET
A,B2,3314,0.0012,15.0,12.0,0.12,3,0.0,986.0020283954794,0.0,SEASONALLY_WET_BUT_DRY_AT_EVENT_ONSET
A,B2,3321,0.0023,15.0,11.0,0.09,3,0.0,5563.542037227722,,SEASONALLY_WET_BUT_DRY_AT_EVENT_ONSET
A,B2,3350,0.002,15.0,10.0,0.07,3,0.0,734.0980860893181,0.0,SEASONALLY_WET_BUT_DRY_AT_EVENT_ONSET
A,B2,3354,0.0027,15.0,11.0,0.05,3,0.0,579.396237474839,0.0,SEASONALLY_WET_BUT_DRY_AT_EVENT_ONSET
A,B2,3374,0.0016,15.0,12.0,0.1,3,0.0,840.5950273467004,0.0,SEASONALLY_WET_BUT_DRY_AT_EVENT_ONSET
A,B2,3375,0.0012,15.0,11.0,0.05,3,0.0,1062.1675950620975,0.0,SEASONALLY_WET_BUT_DRY_AT_EVENT_ONSET
A,B2,3439,0.0036,15.0,11.0,0.09,3,0.0,450.0,0.0,SEASONALLY_WET_BUT_DRY_AT_EVENT_ONSET
A,B2,3463,0.0035,15.0,11.0,0.05,3,0.0,918.3681179135085,0.0,SEASONALLY_WET_BUT_DRY_AT_EVENT_ONSET
A,B2,3488,0.0039,15.0,10.0,0.09,3,0.0,550.8175741568165,0.0,SEASONALLY_WET_BUT_DRY_AT_EVENT_ONSET
A,B2,3493,0.0016,15.0,9.0,0.07,3,0.0,5159.321660838758,,SEASONALLY_WET_BUT_DRY_AT_EVENT_ONSET
A,B2,3498,0.0012,15.0,11.0,0.05,3,0.0,5320.24435529046,,SEASONALLY_WET_BUT_DRY_AT_EVENT_ONSET
A,B2,3503,0.0019,15.0,11.0,0.12,3,0.0,590.0847396772772,0.0,SEASONALLY_WET_BUT_DRY_AT_EVENT_ONSET
A,B2,3517,0.0011,15.0,9.0,0.09,3,0.0,4405.5646630142655,,SEASONALLY_WET_BUT_DRY_AT_EVENT_ONSET
A,B2,3546,0.0014,15.0,10.0,0.15,3,0.0,854.2833253669417,0.0,SEASONALLY_WET_BUT_DRY_AT_EVENT_ONSET
A,B2,3547,0.001,15.0,12.0,0.12,3,0.0,898.1091247727081,13.995451927185059,SEASONALLY_WET_BUT_DRY_AT_EVENT_ONSET
A,B2,3549,0.0012,15.0,10.0,0.12,3,0.0,3358.943286213687,17.268131256103516,SEASONALLY_WET_BUT_DRY_AT_EVENT_ONSET
A,B2,3557,0.0014,15.0,8.5,0.055,3,0.0,690.6518659932804,0.0,SEASONALLY_WET_BUT_DRY_AT_EVENT_ONSET
A,B2,3559,0.0012,15.0,10.0,0.135,3,0.0,1078.1465577554843,0.0,SEASONALLY_WET_BUT_DRY_AT_EVENT_ONSET
A,B2,3564,0.0016,15.0,10.5,0.07,3,0.0,3958.0045477487765,,SEASONALLY_WET_BUT_DRY_AT_EVENT_ONSET
A,B2,3568,0.0014,15.0,10.0,0.12,3,0.0,1250.0,0.0,SEASONALLY_WET_BUT_DRY_AT_EVENT_ONSET
A,B2,3570,0.0017,15.0,11.0,0.05,3,0.0,1138.5077953180646,0.0,SEASONALLY_WET_BUT_DRY_AT_EVENT_ONSET
A,B2,3581,0.0028,15.0,12.0,0.12,3,0.0,977.4456506629922,0.0,SEASONALLY_WET_BUT_DRY_AT_EVENT_ONSET
A,B2,3589,0.0014,15.0,10.0,0.09,3,0.0,761.1832893594026,0.0,SEASONALLY_WET_BUT_DRY_AT_EVENT_ONSET
A,B2,3592,0.0017,15.0,9.0,0.09,3,0.0,4201.071291944473,,SEASONALLY_WET_BUT_DRY_AT_EVENT_ONSET
A,B2,3598,0.0014,15.0,10.0,0.05,3,0.0,809.5677859203638,0.0,SEASONALLY_WET_BUT_DRY_AT_EVENT_ONSET
A,B2,3609,0.001,15.0,10.0,0.05,3,0.0,914.166286842826,0.0,SEASONALLY_WET_BUT_DRY_AT_EVENT_ONSET
A,B2,3632,0.0016,15.0,11.5,0.085,3,0.0,1012.4228365658294,0.0,SEASONALLY_WET_BUT_DRY_AT_EVENT_ONSET
A,B2,3633,0.0012,15.0,11.0,0.05,3,0.0,1174.1379816699568,0.0,SEASONALLY_WET_BUT_DRY_AT_EVENT_ONSET
A,B2,3639,0.0015,15.0,9.0,0.09,3,0.0,5079.468476130155,,SEASONALLY_WET_BUT_DRY_AT_EVENT_ONSET
A,B2,3701,0.001,15.0,10.0,0.12,3,0.0,1582.2136391777187,0.0,SEASONALLY_WET_BUT_DRY_AT_EVENT_ONSET
A,B2,3713,0.0028,15.0,10.0,0.15,3,0.0,1064.048871058092,0.0,SEASONALLY_WET_BUT_DRY_AT_EVENT_ONSET
A,B2,3727,0.0019,15.0,10.0,0.09,3,0.0,3949.8101220185254,17.502098083496094,SEASONALLY_WET_BUT_DRY_AT_EVENT_ONSET
A,B2,3756,0.0012,15.0,10.0,0.15,3,0.0,4609.056302541769,,SEASONALLY_WET_BUT_DRY_AT_EVENT_ONSET
A,B2,3758,0.0012,15.0,10.0,0.12,3,0.0,4871.242141384474,,SEASONALLY_WET_BUT_DRY_AT_EVENT_ONSET
A,B2,3764,0.0012,15.0,10.0,0.15,3,0.0,3791.17396066179,17.789426803588867,SEASONALLY_WET_BUT_DRY_AT_EVENT_ONSET
A,B2,3767,0.001,15.0,9.0,0.09,3,0.0,1274.7548783981963,0.0,SEASONALLY_WET_BUT_DRY_AT_EVENT_ONSET
A,B2,3768,0.0013,15.0,9.0,0.09,3,0.0,3669.5640067997183,17.849641799926758,SEASONALLY_WET_BUT_DRY_AT_EVENT_ONSET
A,B2,3771,0.0016,15.0,11.0,0.12,3,0.0,1612.7616066858736,0.05510508641600609,SEASONALLY_WET_BUT_DRY_AT_EVENT_ONSET
A,B2,3776,0.001,15.0,8.0,0.02,3,0.0,3628.567210346255,17.793777465820312,SEASONALLY_WET_BUT_DRY_AT_EVENT_ONSET
A,B2,3780,0.0013,15.0,10.0,0.09,3,0.0,1598.311609167624,0.18141841888427734,SEASONALLY_WET_BUT_DRY_AT_EVENT_ONSET
A,B2,3782,0.0024,15.0,14.0,0.08,3,0.0,1172.092146548214,0.0,SEASONALLY_WET_BUT_DRY_AT_EVENT_ONSET
A,B2,3812,0.0019,15.0,10.0,0.15,3,0.0,1610.1242188104618,0.0,SEASONALLY_WET_BUT_DRY_AT_EVENT_ONSET
A,B2,3813,0.001,15.0,9.0,0.09,3,0.0,1624.9615380063617,0.16680097579956055,SEASONALLY_WET_BUT_DRY_AT_EVENT_ONSET
A,B2,3821,0.0011,15.0,10.0,0.15,3,0.0,1727.917822120022,0.0,SEASONALLY_WET_BUT_DRY_AT_EVENT_ONSET
A,B2,3836,0.0014,15.0,9.5,0.05,3,0.0,1458.2523787054147,0.0,SEASONALLY_WET_BUT_DRY_AT_EVENT_ONSET
A,B2,3858,0.001,15.0,9.0,0.09,3,0.0,2131.9005605327843,0.0,SEASONALLY_WET_BUT_DRY_AT_EVENT_ONSET
A,B2,3859,0.0012,15.0,8.0,0.02,3,0.0,2226.0727750906976,0.0,SEASONALLY_WET_BUT_DRY_AT_EVENT_ONSET
A,B2,3879,0.0023,15.0,8.0,0.02,3,0.0,2430.0205760445733,0.0,SEASONALLY_WET_BUT_DRY_AT_EVENT_ONSET
A,B2,3886,0.0016,15.0,10.5,0.105,3,0.0,1863.1693428134759,0.0,SEASONALLY_WET_BUT_DRY_AT_EVENT_ONSET
A,B2,3888,0.0015,15.0,14.0,0.08,3,0.0,1864.0010729610644,0.0,SEASONALLY_WET_BUT_DRY_AT_EVENT_ONSET
A,B2,3896,0.0023,15.0,10.0,0.15,3,0.0,1908.7692369692047,0.0,SEASONALLY_WET_BUT_DRY_AT_EVENT_ONSET
A,B2,3904,0.0016,15.0,8.5,0.055,3,0.0,3914.920177985753,18.3189640045166,SEASONALLY_WET_BUT_DRY_AT_EVENT_ONSET
A,B2,3910,0.0021,15.0,9.0,0.09,3,0.0,1898.5520798756088,0.0,SEASONALLY_WET_BUT_DRY_AT_EVENT_ONSET
A,B2,3922,0.0016,15.0,12.5,0.065,3,0.0,1976.9167913698338,0.0,SEASONALLY_WET_BUT_DRY_AT_EVENT_ONSET
A,B2,3933,0.0011,15.0,9.0,0.09,3,0.0,2305.8620947489467,0.3839101493358612,SEASONALLY_WET_BUT_DRY_AT_EVENT_ONSET
A,B2,3943,0.0016,15.0,10.0,0.15,3,0.0,2351.0423220350585,0.0,SEASONALLY_WET_BUT_DRY_AT_EVENT_ONSET
A,B2,3944,0.0014,15.0,10.0,0.12,3,0.0,2472.44817943673,0.0,SEASONALLY_WET_BUT_DRY_AT_EVENT_ONSET
A,B2,3991,0.0014,15.0,10.0,0.12,3,0.0,2117.663807123312,0.0,SEASONALLY_WET_BUT_DRY_AT_EVENT_ONSET
A,B2,3994,0.0012,15.0,13.0,0.01,3,0.0,1901.8412131405714,0.0,SEASONALLY_WET_BUT_DRY_AT_EVENT_ONSET
A,B2,4000,0.0012,15.0,12.0,0.12,3,0.0,2130.5867736377227,0.0,SEASONALLY_WET_BUT_DRY_AT_EVENT_ONSET
A,B2,4017,0.0011,15.0,11.0,0.12,3,0.0,2178.003673091485,0.0,SEASONALLY_WET_BUT_DRY_AT_EVENT_ONSET
A,B2,4028,0.0031,15.0,12.0,0.12,3,0.0,2230.022421411946,0.0,SEASONALLY_WET_BUT_DRY_AT_EVENT_ONSET
A,B2,4053,0.0011,15.0,10.0,0.09,3,0.0,2082.162337571209,0.0,SEASONALLY_WET_BUT_DRY_AT_EVENT_ONSET
A,B2,4054,0.0021,15.0,11.0,0.05,3,0.0,2061.892334725555,0.0,SEASONALLY_WET_BUT_DRY_AT_EVENT_ONSET
A,B2,4063,0.001,15.0,11.0,0.02,3,0.0,2045.3361581901395,0.0,SEASONALLY_WET_BUT_DRY_AT_EVENT_ONSET
A,B2,4068,0.0012,15.0,11.0,0.12,3,0.0,2747.544358149655,1.6076812744140625,SEASONALLY_WET_BUT_DRY_AT_EVENT_ONSET
A,B2,4069,0.0011,15.0,12.0,0.08,3,0.0,2370.0,0.0,SEASONALLY_WET_BUT_DRY_AT_EVENT_ONSET
A,B2,4076,0.0021,15.0,10.0,0.15,3,0.0,2408.7548650703334,0.0,SEASONALLY_WET_BUT_DRY_AT_EVENT_ONSET
A,B2,4097,0.0011,15.0,8.0,0.02,3,0.0,2079.663434308542,0.0,SEASONALLY_WET_BUT_DRY_AT_EVENT_ONSET
A,B2,4131,0.001,15.0,9.0,0.09,3,0.0,2608.9269824968273,3.638197898864746,SEASONALLY_WET_BUT_DRY_AT_EVENT_ONSET
A,B2,4132,0.0012,15.0,12.0,0.12,3,0.0,2590.019304947359,0.0,SEASONALLY_WET_BUT_DRY_AT_EVENT_ONSET
A,B2,4136,0.0011,15.0,12.0,0.08,3,0.0,2618.587405453559,0.0,SEASONALLY_WET_BUT_DRY_AT_EVENT_ONSET
A,B2,4153,0.0056,15.0,8.0,0.02,3,0.0,3060.3594560116626,0.08823858946561813,SEASONALLY_WET_BUT_DRY_AT_EVENT_ONSET
A,B2,4156,0.0016,15.0,8.0,0.02,3,0.0,3161.7242131469975,0.37143123149871826,SEASONALLY_WET_BUT_DRY_AT_EVENT_ONSET
A,B2,4181,0.0011,15.0,9.0,0.09,3,0.0,3244.456811239749,17.54834747314453,SEASONALLY_WET_BUT_DRY_AT_EVENT_ONSET
A,B2,4187,0.001,15.0,9.0,0.09,10,0.0,3282.5752085824324,18.320987701416016,SEASONALLY_WET_BUT_DRY_AT_EVENT_ONSET
A,B2,4189,0.0081,15.0,9.0,0.09,3,0.0,3293.4176777323587,18.234556198120117,SEASONALLY_WET_BUT_DRY_AT_EVENT_ONSET
A,B2,4198,0.001,15.0,11.0,0.08,3,0.0,3569.2296087531267,0.0,SEASONALLY_WET_BUT_DRY_AT_EVENT_ONSET
A,B2,4200,0.0012,15.0,8.0,0.02,3,0.0,3710.1212918178294,0.07180023193359375,SEASONALLY_WET_BUT_DRY_AT_EVENT_ONSET
A,B2,4202,0.0024,15.0,8.0,0.02,10,0.0,3439.2586410446074,18.89255714416504,SEASONALLY_WET_BUT_DRY_AT_EVENT_ONSET
A,B2,4225,0.0012,15.0,12.0,0.12,3,0.0,3984.8964854811475,0.0,SEASONALLY_WET_BUT_DRY_AT_EVENT_ONSET
A,B2,4344,0.0013,15.0,8.0,0.02,3,0.0,6522.468857725578,0.9432907104492188,SEASONALLY_WET_BUT_DRY_AT_EVENT_ONSET
A,B2,4348,0.003,15.0,10.0,0.09,3,0.0,6696.454285664914,0.29094791412353516,SEASONALLY_WET_BUT_DRY_AT_EVENT_ONSET
A,B2,4374,0.0019,11.0,8.0,0.03,3,0.0,1928.9893727027115,,SEASONALLY_WET_BUT_DRY_AT_EVENT_ONSET
