frame,event,date,rel_orbit,state,granules,valid_km2,water_km2,lda_separation,seam_db,role,largest_part_fraction,z_sep,qa,admitted,variant
B1,2023-04-15_orb87_ASC,2023-04-15,87,ASC,1,2637.0,640.8,0.298,,PRE_REFERENCE,0.1139823596648224,1.4170818188820618,ADMIT,True,B
B1,2023-04-19_orb138_DES,2023-04-19,138,DES,2,1466.2,243.3,0.332,,PRE_REFERENCE,0.32062912230632146,1.387772377213028,ADMIT,True,B
B1,2023-04-22_orb14_ASC,2023-04-22,14,ASC,1,3396.2,293.2,3.569,,PRE_REFERENCE,0.5886024401124694,-1.4026588781594052,ADMIT,True,B
B1,2023-04-26_orb65_DES,2023-04-26,65,DES,2,3396.2,396.0,1.963,1.679,PRE_REFERENCE,0.43735582497404346,-0.018218780498568808,ADMIT,True,B
B1,2023-04-27_orb87_ASC,2023-04-27,87,ASC,1,2638.8,414.4,0.919,,PRE_REFERENCE,0.11720967855588085,0.881753487221178,ADMIT,True,B
B1,2023-05-01_orb138_DES,2023-05-01,138,DES,2,1466.6,135.1,1.406,,PRE_REFERENCE,0.35905883328005306,0.461938837432369,ADMIT,True,B
B1,2023-05-04_orb14_ASC,2023-05-04,14,ASC,1,3396.2,364.4,2.021,,PRE_REFERENCE,0.47398965118295716,-0.06821723981633238,ADMIT,True,B
B1,2023-05-08_orb65_DES,2023-05-08,65,DES,2,3396.2,480.9,1.464,1.719,PRE_REFERENCE,0.3560327691603942,0.41194037811460527,ADMIT,True,B
B1,2023-05-09_orb87_ASC,2023-05-09,87,ASC,1,2641.9,465.7,0.724,,PRE_REFERENCE,0.1336930177592038,1.0498517556171079,ADMIT,True,B
B1,2023-05-13_orb138_DES,2023-05-13,138,DES,2,1471.2,277.8,0.302,,PRE_REFERENCE,0.2447932339758311,1.4136336492739403,ADMIT,True,B
B1,2023-05-16_orb14_ASC,2023-05-16,14,ASC,1,3396.2,329.2,1.881,,PRE_REFERENCE,0.5248538757853037,0.05246869646792477,ADMIT,True,B
B1,2023-05-20_orb65_DES,2023-05-20,65,DES,2,3396.2,439.4,1.89,1.651,PRE_REFERENCE,0.3968335900545123,0.044710314849651184,ADMIT,True,B
B1,2023-05-21_orb87_ASC,2023-05-21,87,ASC,1,2640.8,496.8,0.665,,PRE_REFERENCE,0.09598952030601737,1.100712257336902,ADMIT,True,B
B1,2023-05-25_orb138_DES,2023-05-25,138,DES,2,1472.2,198.2,0.878,,PRE_REFERENCE,0.3042569081404033,0.9170972257044246,ADMIT,True,B
B1,2023-05-28_orb14_ASC,2023-05-28,14,ASC,1,3396.2,447.9,2.373,,PRE_REFERENCE,0.3882473344805999,-0.3716561653310365,ADMIT,True,B
B2,2023-04-15_orb87_ASC,2023-04-15,87,ASC,1,1397.4,357.7,0.568,,PRE_REFERENCE,0.4600877075282668,1.6879714825995877,ADMIT,True,B
B2,2023-04-19_orb138_DES,2023-04-19,138,DES,2,1397.4,320.7,0.823,,PRE_REFERENCE,0.5359311128547175,1.1715020043017543,ADMIT,True,B
B2,2023-04-22_orb14_ASC,2023-04-22,14,ASC,1,1226.7,243.2,0.943,,PRE_REFERENCE,0.48862103899008635,0.9284575439263034,ADMIT,True,B
B2,2023-04-26_orb65_DES,2023-04-26,65,DES,2,1397.4,276.2,1.443,,PRE_REFERENCE,0.6037970027169033,-0.0842277076380759,ADMIT,True,B
B2,2023-04-27_orb87_ASC,2023-04-27,87,ASC,1,1397.4,268.6,1.569,,PRE_REFERENCE,0.6058415902040476,-0.3394243910322992,ADMIT,True,B
B2,2023-05-01_orb138_DES,2023-05-01,138,DES,2,1397.4,249.9,2.19,,PRE_REFERENCE,0.7241413536627146,-1.597179473475258,ADMIT,True,B
B2,2023-05-04_orb14_ASC,2023-05-04,14,ASC,1,1227.8,291.8,0.454,,PRE_REFERENCE,0.4110711000779964,1.9188637199562661,ADMIT,True,B
B2,2023-05-08_orb65_DES,2023-05-08,65,DES,2,1397.4,267.1,1.24,,PRE_REFERENCE,0.6068259099491365,0.32692250449706217,ADMIT,True,B
B2,2023-05-09_orb87_ASC,2023-05-09,87,ASC,1,1397.4,299.0,0.942,,PRE_REFERENCE,0.5422970769121682,0.9304829144294322,ADMIT,True,B
B2,2023-05-13_orb138_DES,2023-05-13,138,DES,2,1397.4,316.5,0.803,,PRE_REFERENCE,0.49432280634349296,1.2120094143643294,ADMIT,True,B
B2,2023-05-16_orb14_ASC,2023-05-16,14,ASC,1,1230.9,306.2,0.342,,PRE_REFERENCE,0.3657859535267715,2.1457052163066868,ADMIT,True,B
B2,2023-05-20_orb65_DES,2023-05-20,65,DES,2,1397.4,262.9,1.495,,PRE_REFERENCE,0.6058546427234633,-0.1895469738007714,ADMIT,True,B
B2,2023-05-21_orb87_ASC,2023-05-21,87,ASC,1,1397.4,322.1,0.883,,PRE_REFERENCE,0.5006724995498041,1.0499797741140289,ADMIT,True,B
B2,2023-05-25_orb138_DES,2023-05-25,138,DES,2,1397.4,283.9,1.842,,PRE_REFERENCE,0.60033536950533,-0.8923505383864505,ADMIT,True,B
B2,2023-05-28_orb14_ASC,2023-05-28,14,ASC,1,1231.3,230.5,1.317,,PRE_REFERENCE,0.5043500596148206,0.17096897575614786,ADMIT,True,B
