frame,reference_domain,ontology,km2,variant
B1,ALL,LAND,1513.71,A
B1,ALL,EVENT_FLOOD,141.92,A
B1,ALL,REFERENCE_WATER,257.75,A
B1,ALL,UNKNOWN,4178.3,A
B1,ALL,event_water_LAND,1720.31,A
B1,ALL,event_water_WATER,346.89,A
B1,ALL,event_water_UNKNOWN,4024.48,A
B1,ANCHORED,LAND,1513.71,A
B1,ANCHORED,EVENT_FLOOD,141.92,A
B1,ANCHORED,REFERENCE_WATER,257.75,A
B1,ANCHORED,UNKNOWN,856.93,A
B1,ANCHORED,event_water_LAND,1720.31,A
B1,ANCHORED,event_water_WATER,346.89,A
B1,ANCHORED,event_water_UNKNOWN,703.11,A
B1,EXTRAPOLATED,LAND,0.0,A
B1,EXTRAPOLATED,EVENT_FLOOD,0.0,A
B1,EXTRAPOLATED,REFERENCE_WATER,0.0,A
B1,EXTRAPOLATED,UNKNOWN,2153.77,A
B1,EXTRAPOLATED,event_water_LAND,0.0,A
B1,EXTRAPOLATED,event_water_WATER,0.0,A
B1,EXTRAPOLATED,event_water_UNKNOWN,2153.77,A
B1,UNOBSERVED,LAND,0.0,A
B1,UNOBSERVED,EVENT_FLOOD,0.0,A
B1,UNOBSERVED,REFERENCE_WATER,0.0,A
B1,UNOBSERVED,UNKNOWN,1167.6,A
B1,UNOBSERVED,event_water_LAND,0.0,A
B1,UNOBSERVED,event_water_WATER,0.0,A
B1,UNOBSERVED,event_water_UNKNOWN,1167.6,A
B2,ALL,LAND,642.53,A
B2,ALL,EVENT_FLOOD,75.15,A
B2,ALL,REFERENCE_WATER,281.86,A
B2,ALL,UNKNOWN,1886.38,A
B2,ALL,event_water_LAND,714.02,A
B2,ALL,event_water_WATER,331.81,A
B2,ALL,event_water_UNKNOWN,1840.09,A
B2,ANCHORED,LAND,642.53,A
B2,ANCHORED,EVENT_FLOOD,75.15,A
B2,ANCHORED,REFERENCE_WATER,281.86,A
B2,ANCHORED,UNKNOWN,397.83,A
B2,ANCHORED,event_water_LAND,714.02,A
B2,ANCHORED,event_water_WATER,331.81,A
B2,ANCHORED,event_water_UNKNOWN,351.54,A
B2,EXTRAPOLATED,LAND,0.0,A
B2,EXTRAPOLATED,EVENT_FLOOD,0.0,A
B2,EXTRAPOLATED,REFERENCE_WATER,0.0,A
B2,EXTRAPOLATED,UNKNOWN,1183.37,A
B2,EXTRAPOLATED,event_water_LAND,0.0,A
B2,EXTRAPOLATED,event_water_WATER,0.0,A
B2,EXTRAPOLATED,event_water_UNKNOWN,1183.37,A
B2,UNOBSERVED,LAND,0.0,A
B2,UNOBSERVED,EVENT_FLOOD,0.0,A
B2,UNOBSERVED,REFERENCE_WATER,0.0,A
B2,UNOBSERVED,UNKNOWN,305.18,A
B2,UNOBSERVED,event_water_LAND,0.0,A
B2,UNOBSERVED,event_water_WATER,0.0,A
B2,UNOBSERVED,event_water_UNKNOWN,305.18,A
