arm,frame,component,area_km2,centre_E,centre_N,rectangularity,elongation,compactness,score_median,pre_wf_median,pre_wf_ge20_frac,p73_water_frac,p73_cropland_frac,p73_maxscore_median,ring_water_or_wetland_frac,dist_prewater_m_min,dist_flood_m_min,hand_median,MNDWI_pre_med,NDWI_pre_med,NDVI_pre_max,dMNDWI_0608_median,dNDWI_0608_median,dNDMI_0608_median,dMNDWI_0618_median,dNDWI_0618_median,dNDMI_0618_median,s2_0608_valid_frac,s2_0618_valid_frac,disputed_frac,p60_npos_peak_ge2_frac,s1_wet_2023-06-01,s1_wet_2023-06-02,s1_wet_2023-06-06,s1_wet_2023-06-09,s1_wet_2023-06-13,s1_wet_2023-06-14,s1_wet_2023-06-18,s1_wet_2023-06-21,s1_wet_2023-06-25,s1_wet_2023-06-26,s1_wet_2023-06-30,s1_wet_pre_mean,s1_wet_peak_mean,s1_wet_any_max,group,group_name,optical_unavailable,connected
U0z,B1,4,0.2797,509108,5207685,0.516,1.51,0.159,0.891,0.0,0.0,0.0,1.0,0.9900000095367432,0.0,482.70073544588683,6105.538469291631,61.31835174560547,-0.5627999901771545,-0.3930000066757202,0.6669999957084656,0.0970500260591507,0.10499998927116394,0.09035000950098038,-0.09509998559951782,0.07389998435974121,-0.15710002183914185,0.9910618662834167,1.0,0.0,0.0,,,,,,,,,,,,,,,B,WET_OR_IRRIGATED_AGRICULTURE,False,False
U0z,B1,6,0.0544,497193,5207583,0.322,2.39,0.132,0.779,0.0,0.0,0.0,1.0,0.9200000166893005,0.0,3712.640569729313,5204.30590953299,59.68559646606445,-0.6068000197410583,-0.44999998807907104,0.7221499681472778,0.0843999981880188,0.14539998769760132,0.05290000140666962,-0.017250001430511475,0.13819999992847443,-0.07165001332759857,1.0,1.0,0.8308823704719543,0.0,0.754,0.985,0.0,0.831,0.0,0.0,0.597,0.903,0.627,0.794,0.051,0.869,0.277,0.985,A,PRE_EXISTING_OR_IRRIGATION_WATER,False,False
U0z,B1,15,0.0567,497998,5206205,0.437,1.2,0.13,0.774,0.0,0.0,0.0,1.0,0.9800000190734863,0.0,2269.2730113408566,5870.408844365101,57.26884841918945,-0.5770000219345093,-0.4133000075817108,0.46459999680519104,0.07519996166229248,0.09464998543262482,0.012199997901916504,-0.022899985313415527,-0.07170000672340393,0.06710000336170197,0.5996472835540771,1.0,0.6931216716766357,0.0,0.996,1.0,0.944,0.693,0.0,0.0,0.0,0.0,0.0,0.0,0.0,0.998,0.231,1.0,A,PRE_EXISTING_OR_IRRIGATION_WATER,False,False
U0z,B1,21,0.0471,499172,5205650,0.518,1.65,0.167,0.784,0.0,0.0,0.0,1.0,0.9900000095367432,0.0,1053.4229919647664,5626.944108483751,58.111846923828125,-0.6043999791145325,-0.460099995136261,0.6571999788284302,,,,-0.06464999914169312,0.10379999876022339,-0.1213500052690506,0.0,0.9808917045593262,0.9532908797264099,0.0,0.983,1.0,0.0,0.953,0.0,0.0,0.0,0.913,0.877,0.331,0.0,0.992,0.318,1.0,A,PRE_EXISTING_OR_IRRIGATION_WATER,False,False
U0z,B1,24,0.2246,499676,5205288,0.619,2.73,0.168,0.884,0.0,0.0,0.0,1.0,0.9900000095367432,0.0,206.15528128088303,5588.067644544042,57.62824630737305,-0.5823500156402588,-0.4323999881744385,0.6590999960899353,,,,-0.033499956130981445,0.1137000024318695,-0.04439997673034668,0.0,0.8178985118865967,0.005788067821413279,0.0,0.833,1.0,,0.722,0.0,0.0,,1.0,0.611,0.0,,0.917,0.241,1.0,A,PRE_EXISTING_OR_IRRIGATION_WATER,False,False
U0z,B1,26,0.0102,499965,5205404,0.598,1.7,0.474,0.748,0.0,0.0,0.0,1.0,0.9900000095367432,0.0,290.6888370749727,5508.575133371605,57.93248748779297,-0.578000009059906,-0.423550009727478,0.6679999828338623,,,,-0.05934998393058777,0.09985001385211945,-0.08520001173019409,0.0,1.0,0.0,0.0,,,,,,,,,,,,,,,D,UNRESOLVED_OR_LIKELY_SAR_ARTIFACT,False,False
U0z,B1,31,0.1686,494995,5201355,0.559,1.4,0.094,0.846,0.0,0.0,0.0,1.0,0.9599999785423279,0.0,5379.191389047242,6634.643924130368,55.376068115234375,-0.5866000056266785,-0.4346500039100647,0.6317999958992004,0.06105002760887146,0.12680000066757202,-0.09189999848604202,-0.027300000190734863,0.10730001330375671,-0.19144999980926514,1.0,1.0,0.7704626321792603,0.0,0.957,0.995,0.752,0.77,0.0,0.0,0.586,0.858,0.0,0.0,0.154,0.976,0.257,0.995,A,PRE_EXISTING_OR_IRRIGATION_WATER,False,False
U0z,B1,44,0.0408,480701,5198962,0.509,2.33,0.286,0.952,0.0,0.0,0.0,1.0,0.8899999856948853,0.0,1988.4918908559823,2598.788179132728,51.83421325683594,-0.588100016117096,-0.4451500177383423,0.8064500093460083,0.13169997930526733,0.16459999978542328,0.05400000512599945,0.054150015115737915,0.12960000336170197,-0.010950013995170593,1.0,1.0,0.9828431606292725,0.7401960492134094,0.73,1.0,0.762,0.865,0.0,0.858,0.544,0.0,0.387,0.0,0.429,0.865,0.574,1.0,A,PRE_EXISTING_OR_IRRIGATION_WATER,False,False
U0z,B1,45,0.0145,496394,5198934,0.643,3.08,0.351,0.807,0.0,0.0,0.0,1.0,0.9300000071525574,0.0,4606.788469204984,8212.557457942075,53.464935302734375,-0.574999988079071,-0.3986000120639801,0.45969998836517334,0.10199999809265137,0.11630001664161682,0.039299994707107544,0.04129999876022339,-0.016699999570846558,0.11369998753070831,1.0,1.0,0.9586206674575806,0.0,1.0,1.0,1.0,0.959,0.0,0.0,0.0,0.966,0.09,0.0,0.841,1.0,0.32,1.0,A,PRE_EXISTING_OR_IRRIGATION_WATER,False,False
U0z,B1,59,0.037,492897,5194714,0.43,2.29,0.144,0.76,0.0,0.0,0.0,1.0,0.9599999785423279,0.0,3488.2660448996717,4385.430423573039,51.63430404663086,-0.5766500234603882,-0.382999986410141,0.44075000286102295,0.12030000984668732,0.11614999175071716,-0.012949995696544647,0.041850000619888306,0.03469999134540558,-0.029650002717971802,1.0,1.0,0.8108108043670654,0.0,0.605,1.0,0.759,0.811,0.0,0.0,0.0,0.343,0.0,0.0,0.0,0.803,0.27,1.0,A,PRE_EXISTING_OR_IRRIGATION_WATER,False,False
U0z,B1,63,0.0525,490185,5194181,0.501,1.21,0.228,0.851,0.0,0.0,0.0,1.0,0.949999988079071,0.0,1121.6059914247962,2103.734774157617,70.50988006591797,-0.5792999863624573,-0.46560001373291016,0.5753999948501587,0.21375000476837158,0.10570000112056732,0.09754999727010727,0.015900015830993652,0.17680001258850098,-0.22869998216629028,0.9904761910438538,1.0,0.9352381229400635,0.0,0.019,0.773,0.686,0.935,0.0,0.0,0.646,0.444,0.865,0.0,0.933,0.396,0.312,0.935,A,PRE_EXISTING_OR_IRRIGATION_WATER,False,False
U0z,B1,66,0.1597,483326,5193839,0.573,1.82,0.178,0.923,0.0,0.0,0.0,1.0,0.9800000190734863,0.0,1761.3914953808537,1537.6930773076922,66.3758544921875,-0.5630000233650208,-0.3458999991416931,0.5267999768257141,,,,-0.015200018882751465,0.053199976682662964,-0.07159999012947083,0.0,1.0,0.9261114597320557,0.5040701031684875,0.957,0.983,0.903,0.853,0.0,0.577,0.944,0.0,0.562,0.0,0.956,0.97,0.477,0.983,A,PRE_EXISTING_OR_IRRIGATION_WATER,False,False
U0z,B1,71,0.0147,491065,5193591,0.48,1.85,0.275,0.697,0.0,0.0,0.0,1.0,0.9399999976158142,0.0,1470.5441169852743,3030.5940011819466,52.526424407958984,-0.45879998803138733,-0.5182999968528748,0.7642999887466431,-0.002200007438659668,0.22840002179145813,-0.21879999339580536,-0.07690000534057617,0.05470001697540283,-0.11640000343322754,1.0,1.0,0.0,0.0,0.0,0.0,0.0,0.0,0.0,0.0,0.0,0.0,0.0,0.0,0.0,0.0,0.0,0.0,D,UNRESOLVED_OR_LIKELY_SAR_ARTIFACT,False,False
U0z,B1,78,0.3299,482345,5192387,0.773,4.01,0.27,0.979,0.0,0.0,0.0,1.0,0.949999988079071,0.0,2891.10705439975,2637.7452492611947,50.1337776184082,-0.618399977684021,-0.447299987077713,0.8669000267982483,,,,0.06739997863769531,0.04179999232292175,0.09360000491142273,0.0,1.0,0.5838132500648499,0.0,0.926,0.942,0.719,0.584,0.0,0.0,0.0,0.0,0.0,0.0,0.0,0.934,0.195,0.942,A,PRE_EXISTING_OR_IRRIGATION_WATER,False,False
U0z,B1,82,0.0266,494243,5192436,0.541,1.15,0.217,0.825,0.0,0.0,0.0,1.0,0.9700000286102295,0.0,2893.47541893827,4973.178058344583,49.98747634887695,-0.5781999826431274,-0.42524999380111694,0.8812500238418579,0.14904998242855072,0.1513500064611435,-0.11674999445676804,0.01704999804496765,0.10324999690055847,-0.22914999723434448,1.0,1.0,0.8195488452911377,0.0,0.959,1.0,0.756,0.82,0.0,0.0,0.0,0.158,0.293,0.0,0.0,0.979,0.273,1.0,A,PRE_EXISTING_OR_IRRIGATION_WATER,False,False
U0z,B1,84,0.0134,494202,5191875,0.397,2.1,0.183,0.709,0.0,0.0,0.0,0.9104477763175964,0.5649999976158142,0.0,2842.9737951659,4575.117484830308,50.80930709838867,-0.5192500352859497,-0.49889999628067017,0.7562999725341797,,,,-0.021499991416931152,0.11965000629425049,-0.19760000705718994,0.0,1.0,0.0,0.0,0.037,0.619,0.0,0.0,0.0,0.0,0.0,0.0,0.0,0.0,0.0,0.328,0.0,0.619,A,PRE_EXISTING_OR_IRRIGATION_WATER,False,False
U0z,B1,92,0.16,487522,5190805,0.618,1.43,0.297,0.961,0.0,0.0,0.0,1.0,0.9399999976158142,0.0,615.223536610881,440.1136216933077,51.22874069213867,-0.5709999799728394,-0.4833499789237976,0.6721500158309937,,,,0.03194999694824219,0.10929998755455017,-0.09655000269412994,0.0,1.0,0.7337499856948853,0.0,0.577,0.476,0.155,0.734,0.0,0.0,0.0,0.0,0.0,0.0,0.0,0.526,0.245,0.734,A,PRE_EXISTING_OR_IRRIGATION_WATER,False,True
U0z,B1,101,0.1402,495394,5189549,0.498,1.63,0.09,0.858,0.0,0.0,0.0,1.0,0.9200000166893005,0.0,2388.242031285774,2810.4270138183624,51.34931945800781,-0.583549976348877,-0.4830999970436096,0.7745499610900879,,,,0.042249977588653564,0.17640000581741333,-0.07845000177621841,0.0,0.058487873524427414,0.0,0.0,0.0,0.419,0.0,0.0,0.0,0.0,0.0,0.0,0.678,0.0,0.136,0.21,0.0,0.678,B,WET_OR_IRRIGATED_AGRICULTURE,True,False
U0z,B1,103,0.013,496616,5189350,0.479,2.39,0.243,0.886,0.0,0.0,0.0,1.0,0.9800000190734863,0.0,2017.1762441591463,3776.373922163959,50.13561248779297,-0.4888499975204468,-0.4587000012397766,0.680150032043457,,,,0.000550001859664917,0.14855000376701355,-0.17695000767707825,0.0,1.0,0.8384615182876587,0.0,0.715,0.985,,0.838,0.0,0.0,,0.0,0.0,0.0,,0.85,0.279,0.985,A,PRE_EXISTING_OR_IRRIGATION_WATER,False,False
U0z,B1,113,0.0119,491818,5188909,0.539,1.91,0.343,0.824,0.0,0.0,0.0,1.0,1.0,0.0,2557.2055060162843,867.2946442818611,50.97882843017578,-0.5605999827384949,-0.3874000012874603,0.4927999973297119,,,,-0.01759999990463257,0.08499997854232788,-0.08059999346733093,0.0,1.0,0.0,0.0,0.0,0.916,0.0,0.0,0.0,0.0,0.63,0.0,0.706,0.0,0.0,0.458,0.0,0.916,A,PRE_EXISTING_OR_IRRIGATION_WATER,False,False
U0z,B1,121,0.3337,478788,5187998,0.617,1.4,0.154,0.915,0.0,0.0,0.0,1.0,0.9900000095367432,0.0,2156.1539833694624,2108.8859618291362,48.275291442871094,-0.5569999814033508,-0.3508000075817108,0.7088000178337097,,,,0.11779996752738953,-0.2977999746799469,0.5364000201225281,0.0,1.0,0.7416841387748718,0.0,0.93,0.986,0.895,0.742,0.0,0.0,0.0,0.0,0.0,0.0,0.0,0.958,0.247,0.986,A,PRE_EXISTING_OR_IRRIGATION_WATER,False,False
U0z,B1,127,0.0443,494514,5187894,0.676,2.12,0.241,0.861,0.0,0.0,0.0,1.0,0.9900000095367432,0.0,1525.0245899656832,1225.8874336577564,50.11202621459961,-0.5727999806404114,-0.41679999232292175,0.8090999722480774,,,,-0.03070002794265747,0.08859997987747192,-0.14350000023841858,0.0,1.0,0.8352144360542297,0.0,0.257,0.971,0.711,0.835,0.0,0.0,0.91,0.964,0.982,1.0,0.907,0.614,0.278,1.0,A,PRE_EXISTING_OR_IRRIGATION_WATER,False,False
U0z,B1,346,0.0187,491018,5184282,0.52,2.02,0.303,0.749,0.0,0.0,0.0,1.0,0.9800000190734863,0.0,3218.275935963229,3310.422933704997,47.901981353759766,-0.5425999760627747,-0.39070001244544983,0.5379999876022339,,,,,,,0.0,0.0,0.6684492230415344,0.0,0.011,0.824,0.0,0.668,0.0,0.0,0.535,0.0,0.872,0.856,0.834,0.417,0.223,0.872,A,PRE_EXISTING_OR_IRRIGATION_WATER,True,False
U0z,B1,348,0.091,495324,5184227,0.519,1.57,0.205,0.91,0.0,0.0,0.0,1.0,0.699999988079071,0.0,3018.907087010132,2495.9366979152337,44.99384689331055,-0.5261499881744385,-0.4652000069618225,0.6512500047683716,,,,-0.07175001502037048,0.11489999294281006,-0.2224999964237213,0.0,1.0,0.9384615421295166,0.0,0.857,0.993,,0.938,0.0,0.0,,0.0,0.782,0.0,,0.925,0.313,0.993,A,PRE_EXISTING_OR_IRRIGATION_WATER,False,False
U0z,B1,358,0.0385,495590,5184054,0.503,1.66,0.189,0.787,0.0,0.0,0.0,1.0,0.8399999737739563,0.0,3427.608495729931,2863.2324390450735,46.44849395751953,-0.522599995136261,-0.47699999809265137,0.66839998960495,,,,-0.06899994611740112,0.1234000027179718,-0.2125999927520752,0.0,1.0,0.9272727370262146,0.0,0.899,1.0,,0.927,0.0,0.0,,0.0,0.795,0.0,,0.949,0.309,1.0,A,PRE_EXISTING_OR_IRRIGATION_WATER,False,False
U0z,B1,463,0.0113,535792,5181353,0.662,1.4,0.422,0.778,0.0,0.0,0.0,1.0,0.9599999785423279,0.0,686.5857557508748,7073.92394643878,,-0.5171999931335449,-0.337799996137619,0.8646000027656555,,,,,,,0.0,0.0,0.28318583965301514,0.0,0.0,0.0,,0.283,0.0,0.0,,0.0,0.0,0.0,,0.0,0.094,0.283,D,UNRESOLVED_OR_LIKELY_SAR_ARTIFACT,True,False
U0z,B1,500,0.0184,477370,5177714,0.634,3.42,0.328,0.915,0.0,0.0,0.0,1.0,0.8199999928474426,0.0,867.2946442818611,1149.7825881443848,45.098243713378906,-0.5803500413894653,-0.557200014591217,0.8550500273704529,,,,0.040499985218048096,0.2893500030040741,-0.28815001249313354,0.0,1.0,0.97826087474823,0.8695651888847351,0.946,1.0,0.995,0.886,0.842,0.435,0.978,0.0,0.0,0.0,0.0,0.973,0.721,1.0,A,PRE_EXISTING_OR_IRRIGATION_WATER,False,False
U0z,B2,3,0.0848,449820,5189304,0.705,8.17,0.216,0.953,0.0,0.0,0.0,0.9976415038108826,0.9800000190734863,0.0,1967.0282153543199,15615.152897106069,43.87648010253906,-0.5324000120162964,-0.3926500082015991,0.740149974822998,,,,,,,0.0,0.0,0.0,0.0,,,,,,,,,,,,,,,D,UNRESOLVED_OR_LIKELY_SAR_ARTIFACT,True,False
U0z,B2,4,0.1268,450664,5189254,0.688,2.95,0.432,0.949,0.0,0.0,0.0,0.9960567951202393,0.9900000095367432,0.0,2722.076413328619,15372.784393206066,44.220306396484375,-0.5210999846458435,-0.4085499942302704,0.7318500280380249,,,,,,,0.0,0.0,0.0,0.0,,,,,,,,,,,,,,,D,UNRESOLVED_OR_LIKELY_SAR_ARTIFACT,True,False
U0z,B2,5,0.0427,470974,5189307,0.616,4.64,0.282,0.922,0.0,0.0,0.0,1.0,0.9900000095367432,0.0,100.0,10631.133523759354,41.59085464477539,-0.6000000238418579,-0.3698999881744385,0.46149998903274536,,,,0.03970003128051758,0.0867999792098999,-0.026399999856948853,0.0,1.0,0.0,0.0,,,,,,,,,,,,,,,D,UNRESOLVED_OR_LIKELY_SAR_ARTIFACT,False,False
U0z,B2,18,0.013,446794,5189055,0.527,3.65,0.269,0.674,0.0,0.0,0.0,1.0,0.8999999761581421,0.0,2010.795862339089,16605.041403140192,43.26081085205078,-0.5389000177383423,-0.4259999990463257,0.6608999967575073,,,,,,,0.0,0.0,0.0,0.0,,,,,,,,,,,,,,,D,UNRESOLVED_OR_LIKELY_SAR_ARTIFACT,True,False
U0z,B2,23,0.0504,446491,5188930,0.455,1.46,0.183,0.758,0.0,0.0,0.0,0.976190447807312,0.9100000262260437,0.0,2222.4760966093654,16499.10603638876,43.17385482788086,-0.5442500114440918,-0.4225500226020813,0.6459000110626221,,,,0.12629999220371246,0.10520000755786896,-0.0034999996423721313,0.0,0.8253968358039856,0.0,0.0,,,,,,,,,,,,,,,B,WET_OR_IRRIGATED_AGRICULTURE,False,False
U0z,B2,26,0.3417,445533,5188684,0.393,2.23,0.072,0.905,0.0,0.0,0.0,0.9997073411941528,0.9900000095367432,0.0,2518.2930726982513,16642.505820939346,42.38731002807617,-0.6421999931335449,-0.42480000853538513,0.6881999969482422,,,,0.22269999980926514,0.15729999542236328,0.1403999924659729,0.0,0.10096576064825058,0.0,0.0,,,,,,,,,,,,,,,B,WET_OR_IRRIGATED_AGRICULTURE,True,False
U0z,B2,28,0.0381,446749,5188759,0.362,1.11,0.135,0.695,0.0,0.0,0.0,0.960629940032959,0.7400000095367432,0.0,2247.220505424423,16270.046097045944,43.045230865478516,-0.5550000071525574,-0.4287000000476837,0.6108999848365784,,,,0.12364999949932098,0.10265001654624939,-0.035099998116493225,0.0,0.015748031437397003,0.0,0.0,,,,,,,,,,,,,,,B,WET_OR_IRRIGATED_AGRICULTURE,True,False
U0z,B2,30,0.0834,444565,5188715,0.571,1.28,0.229,0.856,0.0,0.0,0.0,1.0,0.9900000095367432,0.0,3774.8244992317195,17278.961195627475,43.429264068603516,-0.6284999847412109,-0.4147999882698059,0.6887500286102295,,,,,,,0.0,0.0,0.0,0.0,,,,,,,,,,,,,,,D,UNRESOLVED_OR_LIKELY_SAR_ARTIFACT,True,False
U0z,B2,37,0.2419,454008,5188544,0.706,2.97,0.245,0.92,0.0,0.0,0.0,0.9966928362846375,0.9599999785423279,0.0,1534.4380078712857,14133.170203461077,43.79648208618164,-0.548799991607666,-0.42809998989105225,0.6632999777793884,,,,0.041999995708465576,0.16279998421669006,-0.15940000116825104,0.0,0.9388176798820496,0.0,0.0,,,,,,,,,,,,,,,D,UNRESOLVED_OR_LIKELY_SAR_ARTIFACT,False,False
U0z,B2,43,0.351,449014,5188332,0.865,2.29,0.42,0.966,0.0,0.0,0.0,1.0,0.9700000286102295,0.0,2415.6986567036874,14847.91231116348,42.42488479614258,-0.5989999771118164,-0.4296500086784363,0.8485000133514404,,,,0.10870003700256348,0.0729999840259552,0.09309998154640198,0.0,0.771225094795227,0.0,0.0,,,,,,,,,,,,,,,B,WET_OR_IRRIGATED_AGRICULTURE,False,False
U0z,B2,44,0.0987,442798,5188441,0.847,2.7,0.497,0.987,0.0,0.0,0.0,1.0,0.949999988079071,0.0,3020.3476621077916,18110.596345786078,44.0043830871582,-0.6108999848365784,-0.43050000071525574,0.5462999939918518,,,,0.08564996719360352,0.1584000140428543,-0.0681999996304512,0.0,0.9726443886756897,0.0,0.0,,,,,,,,,,,,,,,B,WET_OR_IRRIGATED_AGRICULTURE,False,False
U0z,B2,49,0.0514,470818,5188306,0.657,1.69,0.36,0.854,0.0,0.0,0.0,0.9980545043945312,0.9800000190734863,0.0,492.44289008980525,9593.039143045336,48.27689743041992,-0.5970500111579895,-0.4031500220298767,0.6660500168800354,,,,0.07559999823570251,-0.012900009751319885,0.09174999594688416,0.0,1.0,0.0,0.0,,,,,,,,,,,,,,,B,WET_OR_IRRIGATED_AGRICULTURE,False,False
U0z,B2,50,0.3578,447290,5187777,0.437,2.34,0.103,0.894,0.0,0.0,0.0,0.9513694643974304,0.9399999976158142,0.0,2554.4079548889604,14470.279886719538,42.14667510986328,-0.5813499689102173,-0.4076499938964844,0.5523499846458435,,,,,,,0.0,0.0,0.0,0.0,,,,,,,,,,,,,,,D,UNRESOLVED_OR_LIKELY_SAR_ARTIFACT,True,False
U0z,B2,53,0.0835,447794,5188125,0.591,1.62,0.198,0.822,0.0,0.0,0.0,1.0,0.9900000095367432,0.0,2520.5158202241064,15214.729705124571,42.66465759277344,-0.5776000022888184,-0.37860000133514404,0.6074000000953674,,,,,,,0.0,0.0,0.0,0.0,,,,,,,,,,,,,,,D,UNRESOLVED_OR_LIKELY_SAR_ARTIFACT,True,False
U0z,B2,56,0.0407,443976,5188137,0.593,8.9,0.186,0.915,0.0,0.0,0.0,0.8108108043670654,0.6800000071525574,0.0,3746.037906909112,17172.215931556417,41.62434005737305,-0.5848000049591064,-0.4410000145435333,0.5016000270843506,,,,0.05140000581741333,0.14219999313354492,-0.10579998791217804,0.0,1.0,0.0,0.0,,,,,,,,,,,,,,,B,WET_OR_IRRIGATED_AGRICULTURE,False,False
U0z,B2,60,0.0293,449084,5187993,0.553,7.42,0.134,0.754,0.0,0.0,0.0,1.0,0.9300000071525574,0.0,2925.149568825499,14694.98213677036,42.07016372680664,-0.5920000076293945,-0.38179999589920044,0.38989999890327454,,,,0.07340002059936523,0.13929998874664307,-0.040800005197525024,0.0,1.0,0.0,0.0,,,,,,,,,,,,,,,B,WET_OR_IRRIGATED_AGRICULTURE,False,False
U0z,B2,63,0.0113,440979,5187869,0.605,2.3,0.394,0.808,0.0,0.0,0.0,1.0,0.8799999952316284,0.0,1763.774361986249,19017.79429902427,,-0.5591999888420105,-0.3919000029563904,0.4113999903202057,,,,0.11539998650550842,0.18620000779628754,-0.04370000958442688,0.0,0.9469026327133179,0.0,0.0,,,,,,,,,,,,,,,B,WET_OR_IRRIGATED_AGRICULTURE,False,False
U0z,B2,66,0.019,447967,5187722,0.578,1.84,0.392,0.812,0.0,0.0,0.0,1.0,0.949999988079071,0.0,3000.0,14871.072590771655,42.30194854736328,-0.583549976348877,-0.4043499827384949,0.6101499795913696,,,,0.37599998712539673,0.1955999881029129,0.1882999986410141,0.0,0.3210526406764984,0.0,0.0,,,,,,,,,,,,,,,B,WET_OR_IRRIGATED_AGRICULTURE,True,False
U0z,B2,67,0.0114,440886,5187714,0.612,1.37,0.491,0.824,0.0,0.0,0.0,1.0,0.8600000143051147,0.0,1595.9009994357418,18958.23040265098,,-0.606249988079071,-0.44144999980926514,0.7159500122070312,,,,0.3347499966621399,0.23184999823570251,0.24129998683929443,0.0,0.719298243522644,0.0,0.0,,,,,,,,,,,,,,,B,WET_OR_IRRIGATED_AGRICULTURE,False,False
U0z,B2,74,0.061,448626,5187361,0.684,3.18,0.35,0.956,0.0,0.0,0.0,0.980327844619751,0.9100000262260437,0.0,3251.845629792411,14086.62486190358,42.15304946899414,-0.5978999733924866,-0.42559999227523804,0.4589499831199646,,,,,,,0.0,0.0,0.0,0.0,,,,,,,,,,,,,,,D,UNRESOLVED_OR_LIKELY_SAR_ARTIFACT,True,False
U0z,B2,76,0.2951,457947,5187014,0.512,1.5,0.074,0.816,0.0,0.0,0.0,0.9986445307731628,0.9900000095367432,0.0,2544.720023892609,12817.441242307295,39.59038543701172,-0.5737000107765198,-0.4090000092983246,0.73580002784729,,,,0.019700050354003906,0.15330000221729279,-0.11730000376701355,0.0,1.0,0.0,0.0,,,,,,,,,,,,,,,D,UNRESOLVED_OR_LIKELY_SAR_ARTIFACT,False,False
U0z,B2,77,0.4116,443865,5187140,0.621,3.28,0.106,0.959,0.0,0.0,0.0,0.9842079877853394,0.9399999976158142,0.0,2816.0255680657447,16190.151327273012,41.688446044921875,-0.6133999824523926,-0.4348999857902527,0.54339998960495,,,,0.08294999599456787,0.12414999306201935,-0.0056999921798706055,0.0,0.5758017301559448,0.0,0.0,,,,,,,,,,,,,,,B,WET_OR_IRRIGATED_AGRICULTURE,False,False
U0z,B2,78,0.297,446910,5186865,0.654,3.92,0.154,0.945,0.0,0.0,0.0,0.9989898800849915,0.9800000190734863,0.0,2724.426545165056,14050.088967689848,42.059810638427734,-0.6319500207901001,-0.47075000405311584,0.63919997215271,,,,0.16670000553131104,0.13260000944137573,0.056800007820129395,0.0,0.27878788113594055,0.0,0.0,,,,,,,,,,,,,,,B,WET_OR_IRRIGATED_AGRICULTURE,True,False
U0z,B2,80,0.0146,449356,5187244,0.62,1.29,0.302,0.717,0.0,0.0,0.0,1.0,0.9900000095367432,0.0,3695.1048699597145,13883.446978326383,42.92093276977539,-0.5917999744415283,-0.4000999927520752,0.4887999892234802,,,,0.11649999022483826,0.17410001158714294,-0.05620001256465912,0.0,0.8287671208381653,0.0,0.0,,,,,,,,,,,,,,,B,WET_OR_IRRIGATED_AGRICULTURE,False,False
U0z,B2,81,0.5824,445055,5186545,0.613,1.77,0.087,0.966,0.0,0.0,0.0,0.984375,0.949999988079071,0.0,3075.093494513622,14726.01100094659,41.45949172973633,-0.5929999947547913,-0.3987500071525574,0.4546999931335449,,,,0.08859997987747192,0.14070001244544983,-0.035099998116493225,0.0,0.604567289352417,0.0,0.0,,,,,,,,,,,,,,,B,WET_OR_IRRIGATED_AGRICULTURE,False,False
U0z,B2,82,0.0101,449494,5187110,0.72,1.04,0.6,0.832,0.0,0.0,0.0,1.0,0.9900000095367432,0.0,3899.9487176115535,13730.101966118094,42.955501556396484,-0.5853999853134155,-0.4336000084877014,0.49000000953674316,,,,0.05889999866485596,0.17809998989105225,-0.10019999742507935,0.0,1.0,0.0,0.0,,,,,,,,,,,,,,,B,WET_OR_IRRIGATED_AGRICULTURE,False,False
U0z,B2,85,0.0129,441343,5187075,0.483,2.5,0.23,0.83,0.0,0.0,0.0,1.0,0.7900000214576721,0.0,1166.6190466471905,18194.023744075963,,-0.6237000226974487,-0.48249998688697815,0.8205000162124634,,,,0.17429998517036438,0.03659999370574951,0.2645000219345093,0.0,0.3178294599056244,0.0,0.0,,,,,,,,,,,,,,,B,WET_OR_IRRIGATED_AGRICULTURE,True,False
U0z,B2,97,0.0119,456487,5186950,0.646,3.41,0.343,0.802,0.0,0.0,0.0,1.0,0.9900000095367432,0.0,1577.6247969653623,12859.444000422413,39.578609466552734,-0.5821999907493591,-0.3671000003814697,0.6093000173568726,,,,0.030999958515167236,0.12099999189376831,-0.13930000364780426,0.0,1.0,0.0,0.0,,,,,,,,,,,,,,,D,UNRESOLVED_OR_LIKELY_SAR_ARTIFACT,False,False
U0z,B2,113,0.2305,441730,5186142,0.425,1.34,0.196,0.917,0.0,0.0,0.0,0.9921908974647522,0.8999999761581421,0.009140768088400364,890.5054744357274,17065.19557461912,,-0.5853000283241272,-0.42969998717308044,0.570900022983551,,,,0.07245001196861267,0.11579999327659607,-0.042399995028972626,0.0,0.9917570352554321,0.0,0.0,,,,,,,,,,,,,,,B,WET_OR_IRRIGATED_AGRICULTURE,False,False
U0z,B2,115,0.0774,458065,5186388,0.686,4.53,0.294,0.86,0.0,0.0,0.0,0.9909560680389404,0.949999988079071,0.0,2529.703539942971,12539.302213440747,39.78484344482422,-0.5690500140190125,-0.35519999265670776,0.5576000213623047,,,,0.05275002121925354,-0.0727500170469284,0.11620000004768372,0.0,1.0,0.0,0.0,,,,,,,,,,,,,,,B,WET_OR_IRRIGATED_AGRICULTURE,False,False
U0z,B2,122,0.0143,448261,5186237,0.462,2.6,0.232,0.738,0.0,0.0,0.0,1.0,0.9800000190734863,0.0,2783.522947633089,13398.761136761861,42.126197814941406,-0.6050000190734863,-0.3855000138282776,0.8614000082015991,,,,0.14670002460479736,0.02459999918937683,0.1711999922990799,0.0,1.0,0.0,0.0,,,,,,,,,,,,,,,B,WET_OR_IRRIGATED_AGRICULTURE,False,False
U0z,B2,128,0.0234,441175,5185653,0.52,1.9,0.319,0.759,0.0,0.0,0.0,1.0,0.8600000143051147,0.0,648.8451279003334,17293.469865819294,,-0.6405500173568726,-0.46670001745224,0.5497000217437744,,,,,,,0.0,0.0,0.0,0.0,,,,,,,,,,,,,,,D,UNRESOLVED_OR_LIKELY_SAR_ARTIFACT,True,False
U0z,B2,130,0.6639,441219,5185055,0.452,2.33,0.085,0.954,0.0,0.0,0.0,0.9881005883216858,0.9599999785423279,0.0,780.0,16505.892887087328,,-0.5450000166893005,-0.39430001378059387,0.489300012588501,,,,0.060999974608421326,0.09100000560283661,-0.04479999840259552,0.0,0.12260882556438446,0.0,0.0,,,,,,,,,,,,,,,B,WET_OR_IRRIGATED_AGRICULTURE,True,False
U0z,B2,131,0.0208,457287,5185641,0.582,2.01,0.261,0.774,0.0,0.0,0.0,1.0,0.9200000166893005,0.0,1860.6719216455112,11692.732785794775,39.61990737915039,-0.5864999890327454,-0.39469999074935913,0.6583999991416931,,,,0.1075499951839447,-0.08220000565052032,0.3083000183105469,0.0,1.0,0.0,0.0,,,,,,,,,,,,,,,B,WET_OR_IRRIGATED_AGRICULTURE,False,False
U0z,B2,138,0.0145,451948,5185265,0.689,1.52,0.581,0.874,0.0,0.0,0.0,1.0,0.9700000286102295,0.0,2344.717466988294,11254.527977663036,42.78676986694336,-0.576200008392334,-0.38089999556541443,0.866599977016449,,,,,,,0.0,0.0,0.0,0.0,,,,,,,,,,,,,,,D,UNRESOLVED_OR_LIKELY_SAR_ARTIFACT,True,False
U0z,B2,141,0.3273,445709,5184249,0.557,1.77,0.397,0.986,0.0,0.0,0.0,1.0,0.9800000190734863,0.0,1317.3458164050928,12711.073912144482,40.408180236816406,-0.6473000049591064,-0.4415999948978424,0.6998999714851379,,,,0.18560001254081726,0.16234999895095825,0.06434999406337738,0.0,0.16681943833827972,0.0,0.0,,,,,,,,,,,,,,,B,WET_OR_IRRIGATED_AGRICULTURE,True,False
U0z,B2,146,1.8251,441326,5183064,0.645,2.37,0.189,0.991,0.0,0.0,0.0,0.9260862469673157,0.7900000214576721,0.0,161.24515496597098,14728.109179388914,42.184791564941406,-0.5873000025749207,-0.4620000123977661,0.6270999908447266,,,,0.1002499908208847,0.2060999870300293,-0.11169999837875366,0.0,0.158347487449646,0.0,0.0,,,,,,,,,,,,,,,B,WET_OR_IRRIGATED_AGRICULTURE,True,False
U0z,B2,149,0.2071,470945,5183919,0.71,1.77,0.452,0.942,0.0,0.0,0.0,1.0,0.9399999976158142,0.0,2196.4744478368057,5101.6957964974745,45.321266174316406,-0.5672000050544739,-0.3921000063419342,0.5659000277519226,,,,0.041400015354156494,-0.03970000147819519,0.10490000247955322,0.0,1.0,0.0,0.0,,,,,,,,,,,,,,,B,WET_OR_IRRIGATED_AGRICULTURE,False,False
U0z,B2,156,0.0221,453384,5183594,0.609,2.32,0.375,0.813,0.0,0.0,0.0,1.0,1.0,0.0,2737.2431386341987,9323.540100197992,42.2124137878418,-0.5691999793052673,-0.3424000144004822,0.37400001287460327,,,,0.019500017166137695,0.06849998235702515,-0.06130000948905945,0.0,1.0,0.0,0.0,,,,,,,,,,,,,,,D,UNRESOLVED_OR_LIKELY_SAR_ARTIFACT,False,False
U0z,B2,161,1.2878,457626,5182678,0.473,1.33,0.073,0.915,0.0,0.0,0.0,0.9071284532546997,0.9300000071525574,0.0,3106.0103026229644,8363.731224758481,42.85922622680664,-0.5940999984741211,-0.44029998779296875,0.4982999861240387,,,,,,,0.0,0.0,0.0,0.0,,,,,,,,,,,,,,,D,UNRESOLVED_OR_LIKELY_SAR_ARTIFACT,True,False
U0z,B2,164,0.9336,450398,5183123,0.806,2.51,0.328,0.977,0.0,0.0,0.0,0.9643316268920898,0.800000011920929,0.0,2086.911593719293,9287.723079420488,40.74235153198242,-0.590499997138977,-0.39559999108314514,0.5788999795913696,,,,0.03229999542236328,0.12400001287460327,-0.07819998264312744,0.0,0.985968291759491,0.0,0.0,,,,,,,,,,,,,,,D,UNRESOLVED_OR_LIKELY_SAR_ARTIFACT,False,False
U0z,B2,170,0.0531,448394,5183133,0.519,1.24,0.22,0.792,0.0,0.0,0.0,0.9491525292396545,0.8999999761581421,0.0,839.3449827097318,10567.388513724665,41.089298248291016,-0.60589998960495,-0.43790000677108765,0.6771000027656555,,,,0.33400002121925354,0.210999995470047,0.21564999222755432,0.0,0.0037664782721549273,0.0,0.0,,,,,,,,,,,,,,,B,WET_OR_IRRIGATED_AGRICULTURE,True,False
U0z,B2,171,0.263,458677,5182904,0.405,1.23,0.06,0.776,0.0,0.0,0.0,0.9718630909919739,0.7900000214576721,0.0,3875.796692294373,9277.46732680854,42.99798583984375,-0.5993000268936157,-0.46810001134872437,0.5606499910354614,,,,0.10289996862411499,0.053600013256073,0.08039999008178711,0.0,0.555513322353363,0.0,0.0,,,,,,,,,,,,,,,B,WET_OR_IRRIGATED_AGRICULTURE,False,False
U0z,B2,176,0.1517,453653,5182966,0.444,1.54,0.191,0.851,0.0,0.0,0.0,1.0,1.0,0.0,2909.98281781869,8520.522284461205,42.09025192260742,-0.5188999772071838,-0.38350000977516174,0.6406999826431274,,,,-0.008700013160705566,0.03880000114440918,-0.11879998445510864,0.0,1.0,0.0,0.0,,,,,,,,,,,,,,,D,UNRESOLVED_OR_LIKELY_SAR_ARTIFACT,False,False
U0z,B2,180,0.2078,448597,5182793,0.74,2.42,0.31,0.93,0.0,0.0,0.0,0.8917227983474731,0.8299999833106995,0.0,1013.1633629380802,10084.959097586861,42.057647705078125,-0.5896000266075134,-0.4606499969959259,0.782800018787384,,,,0.09775000810623169,0.08489997684955597,0.002199999988079071,0.0,0.24061597883701324,0.0,0.0,,,,,,,,,,,,,,,B,WET_OR_IRRIGATED_AGRICULTURE,True,False
U0z,B2,187,0.0919,454832,5182713,0.522,1.03,0.194,0.949,0.0,0.0,0.0,0.9978237152099609,0.9700000286102295,0.0,2865.74597618142,8349.113725420202,41.81346893310547,-0.5425000190734863,-0.39649999141693115,0.7475000023841858,,,,-0.08470001816749573,0.15575002133846283,-0.26109999418258667,0.0,0.11316648870706558,0.0,0.0,,,,,,,,,,,,,,,D,UNRESOLVED_OR_LIKELY_SAR_ARTIFACT,True,False
U0z,B2,194,0.0362,453509,5182449,0.617,1.61,0.363,0.847,0.0,0.0,0.0,1.0,0.9700000286102295,0.0,3339.9550895184207,8186.360607742613,41.815589904785156,-0.5601000189781189,-0.388700008392334,0.37835001945495605,,,,0.0377500057220459,0.12379999458789825,-0.08550000190734863,0.0,1.0,0.0,0.0,,,,,,,,,,,,,,,D,UNRESOLVED_OR_LIKELY_SAR_ARTIFACT,False,False
U0z,B2,195,1.0292,443479,5181701,0.546,1.24,0.057,0.879,0.0,0.0,0.0,0.9075009822845459,0.7099999785423279,0.0,2581.5692901799093,12428.56789819326,38.798377990722656,-0.5799999833106995,-0.4496000111103058,0.6065999865531921,,,,0.04350000619888306,0.2150000035762787,-0.1770000010728836,0.0,0.8571706414222717,0.0,0.0,,,,,,,,,,,,,,,D,UNRESOLVED_OR_LIKELY_SAR_ARTIFACT,False,False
U0z,B2,196,0.1589,471816,5182248,0.747,1.09,0.603,0.987,0.0,0.0,0.0,0.8823159337043762,0.699999988079071,0.0,3170.189268797685,3693.8462339409853,47.49726486206055,-0.5794000029563904,-0.5133000016212463,0.6539999842643738,,,,0.05909997224807739,0.14319998025894165,-0.06430000811815262,0.0,1.0,0.9861547946929932,0.8646947741508484,0.98,0.997,0.947,0.965,0.446,0.833,0.472,0.0,0.0,0.0,0.0,0.988,0.748,0.997,A,PRE_EXISTING_OR_IRRIGATION_WATER,False,False
U0z,B2,199,0.2065,454611,5182069,0.416,1.23,0.078,0.854,0.0,0.0,0.0,0.9888619780540466,0.9800000190734863,0.0,2388.723508487326,7450.744929200033,41.46089172363281,-0.567799985408783,-0.4823000133037567,0.6444000005722046,,,,0.04219996929168701,0.07490000128746033,-0.03294999897480011,0.0,0.6673123240470886,0.0,0.0,,,,,,,,,,,,,,,D,UNRESOLVED_OR_LIKELY_SAR_ARTIFACT,False,False
U0z,B2,221,0.0127,457876,5181792,0.54,2.08,0.291,0.686,0.0,0.0,0.0,1.0,0.9800000190734863,0.0,3529.32004782791,8215.844448381433,42.364112854003906,-0.6043999791145325,-0.36800000071525574,0.41659998893737793,,,,,,,0.0,0.0,0.0,0.0,,,,,,,,,,,,,,,D,UNRESOLVED_OR_LIKELY_SAR_ARTIFACT,True,False
U0z,B2,228,0.0995,459293,5181239,0.542,6.22,0.174,0.833,0.0,0.0,0.0,0.995979905128479,0.8199999928474426,0.0,2923.439754809392,8095.541983091682,40.3498420715332,-0.6000000238418579,-0.5403000116348267,0.6772000193595886,,,,0.09389996528625488,0.24860000610351562,-0.11220000684261322,0.0,0.4190954864025116,0.0,0.0,,,,,,,,,,,,,,,B,WET_OR_IRRIGATED_AGRICULTURE,True,False
U0z,B2,232,0.1806,456399,5181213,0.771,1.36,0.444,0.928,0.0,0.0,0.0,0.9800664186477661,0.9800000190734863,0.0,1988.2907232092593,7043.29468359801,40.05763626098633,-0.6134999990463257,-0.4203999936580658,0.5063999891281128,,,,0.12010002136230469,-0.022249996662139893,0.19484999775886536,0.0,0.9678848385810852,0.0,0.0,,,,,,,,,,,,,,,B,WET_OR_IRRIGATED_AGRICULTURE,False,False
U0z,B2,238,0.2459,447102,5180787,0.514,2.19,0.362,0.996,0.0,0.0,0.0,0.9967466592788696,0.949999988079071,0.0,2420.0206610688265,9206.541152897758,40.2679443359375,-0.5521000027656555,-0.49059998989105225,0.7207000255584717,,,,0.24804997444152832,0.29475000500679016,-0.015600001439452171,0.0,0.011386742815375328,0.0,0.0,,,,,,,,,,,,,,,B,WET_OR_IRRIGATED_AGRICULTURE,True,False
U0z,B2,241,0.4207,473754,5178943,0.524,1.28,0.148,0.949,0.0,0.0,0.0,1.0,0.9900000095367432,0.0,90.0,3094.834405909305,48.37936782836914,-0.6011000275611877,-0.3903999924659729,0.6370999813079834,,,,0.32510000467300415,0.09485001862049103,0.35794997215270996,0.0,0.1117185652256012,0.8473972082138062,0.2605181932449341,0.584,0.966,0.348,0.816,0.0,0.292,0.232,0.0,0.0,0.0,0.0,0.775,0.369,0.966,A,PRE_EXISTING_OR_IRRIGATION_WATER,True,False
U0z,B2,243,0.052,471388,5179075,0.728,2.37,0.412,0.959,0.0,0.0,0.0,1.0,0.949999988079071,0.0,2187.9899451322894,1003.1948963187563,47.98098373413086,-0.5942000150680542,-0.4129999876022339,0.5413500070571899,,,,0.1181500107049942,0.004199996590614319,0.1508999913930893,0.0,1.0,1.0,0.7038461565971375,0.994,1.0,0.973,0.977,0.0,0.727,0.0,0.0,0.0,0.0,0.0,0.997,0.568,1.0,A,PRE_EXISTING_OR_IRRIGATION_WATER,False,False
U0z,B2,248,0.0303,471815,5176909,0.667,2.85,0.381,0.797,0.0,0.0,0.0,0.9900990128517151,0.949999988079071,0.0,3034.616944525289,1170.1709276853533,46.573081970214844,-0.5746999979019165,-0.399399995803833,0.5300999879837036,,,,0.028800010681152344,0.10449999570846558,-0.12029999494552612,0.0,1.0,0.0,0.0,0.0,0.947,0.0,0.0,0.0,0.0,0.0,0.0,0.0,0.0,0.0,0.474,0.0,0.947,A,PRE_EXISTING_OR_IRRIGATION_WATER,False,False
U0z,B2,250,0.0429,474479,5176663,0.616,1.76,0.351,0.885,0.0,0.0,0.0,1.0,0.9700000286102295,0.0,1990.4019694524018,3745.343775943672,46.75442123413086,-0.5680000185966492,-0.4401000142097473,0.546999990940094,,,,-0.004900038242340088,0.028700023889541626,-0.06480000913143158,0.0,1.0,0.8904429078102112,0.0,0.0,0.981,0.872,0.89,0.0,0.0,0.0,0.0,0.0,0.0,0.0,0.491,0.297,0.981,A,PRE_EXISTING_OR_IRRIGATION_WATER,False,False
U0z,B2,253,0.0325,471112,5176515,0.577,9.85,0.135,0.692,0.0,0.0,0.0,1.0,0.9900000095367432,0.0,2865.3097563788806,298.328677803526,41.227691650390625,-0.5533000230789185,-0.39559999108314514,0.436599999666214,,,,0.07429996132850647,-0.12389999628067017,0.22999998927116394,0.0,1.0,0.8430769443511963,0.0,0.982,1.0,0.948,0.843,0.0,0.0,0.0,0.0,0.0,0.0,0.0,0.991,0.281,1.0,A,PRE_EXISTING_OR_IRRIGATION_WATER,False,True
U0z,B2,254,0.1523,471051,5176073,0.614,2.12,0.134,0.846,0.0,0.0,0.0,1.0,0.9200000166893005,0.0,2190.1826407859235,430.11626335213134,42.76123809814453,-0.5396000146865845,-0.37950000166893005,0.38600000739097595,,,,-0.020500004291534424,0.0843999981880188,-0.12849999964237213,0.0,1.0,0.6992777585983276,0.027577150613069534,0.078,0.379,0.021,0.035,0.0,0.692,0.0,0.0,0.571,0.0,0.815,0.228,0.242,0.815,D,UNRESOLVED_OR_LIKELY_SAR_ARTIFACT,False,True
U0z,B2,255,0.0185,470709,5176016,0.632,1.79,0.503,0.835,0.0,0.0,0.0,1.0,0.949999988079071,0.0,2481.692970534429,326.9556544854363,37.18397903442383,-0.5425999760627747,-0.42239999771118164,0.5378999710083008,,,,0.05730000138282776,-0.0542999804019928,0.18959999084472656,0.0,1.0,0.7891891598701477,0.0,0.914,1.0,0.838,0.789,0.0,0.0,0.0,0.0,0.0,0.0,0.0,0.957,0.263,1.0,A,PRE_EXISTING_OR_IRRIGATION_WATER,False,True
U0z,B2,256,0.0413,471984,5175374,0.797,3.39,0.386,0.92,0.0,0.0,0.0,1.0,0.9700000286102295,0.0,1631.9620093617377,1663.3099530754932,46.4267578125,-0.6104999780654907,-0.4163999855518341,0.5026000142097473,,,,0.07239997386932373,0.11989998817443848,-0.08529999852180481,0.0,1.0,0.832929790019989,0.0,0.0,0.99,0.92,0.833,0.0,0.0,0.0,0.889,0.0,0.961,0.0,0.495,0.278,0.99,A,PRE_EXISTING_OR_IRRIGATION_WATER,False,False
U0z,B2,344,0.4019,447468,5157573,0.528,1.19,0.082,0.829,0.0,0.0,0.0,1.0,0.9599999785423279,0.0,569.3856338194703,679.5586803212802,7.937096118927002,-0.517799973487854,-0.3458000123500824,0.5203999876976013,,,,0.08330000936985016,0.02230001986026764,0.10740000009536743,0.0,0.08509579300880432,0.7591440677642822,0.0,0.953,0.98,0.411,0.759,0.0,0.0,0.024,0.106,0.0,0.0,0.0,0.966,0.253,0.98,A,PRE_EXISTING_OR_IRRIGATION_WATER,True,False
