run,threshold,R_pred_on_reference_water_km2,R_pred_on_reference_water_wpre_water_km2,R_pred_on_reference_water_wpre_dry_km2,R_frac_reference_water_above_thr,R_reference_water_evaluated_km2,E_recall_event_flood,E_FN_km2,E_reference_km2,L_FP_on_land_km2,L_FP_rate_land,L_evaluated_km2,U_pred_on_unknown_km2,U_evaluated_km2,R_pred_on_reference_water_km2_lo,R_pred_on_reference_water_wpre_water_km2_lo,R_pred_on_reference_water_wpre_dry_km2_lo,R_frac_reference_water_above_thr_lo,R_reference_water_evaluated_km2_lo,E_recall_event_flood_lo,E_FN_km2_lo,E_reference_km2_lo,L_FP_on_land_km2_lo,L_FP_rate_land_lo,L_evaluated_km2_lo,U_pred_on_unknown_km2_lo,U_evaluated_km2_lo,R_pred_on_reference_water_km2_hi,R_pred_on_reference_water_wpre_water_km2_hi,R_pred_on_reference_water_wpre_dry_km2_hi,R_frac_reference_water_above_thr_hi,R_reference_water_evaluated_km2_hi,E_recall_event_flood_hi,E_FN_km2_hi,E_reference_km2_hi,L_FP_on_land_km2_hi,L_FP_rate_land_hi,L_evaluated_km2_hi,U_pred_on_unknown_km2_hi,U_evaluated_km2_hi,R_frac_reference_water_above_thr_n_defined,E_recall_event_flood_n_defined,L_FP_rate_land_n_defined,labels
U0d_B1B2_v004,0.17,1.7057,1.5061,0.1996,0.01137,149.95,0.9218,4.0371,51.59,1.8452,0.003923,470.38,29.1222,685.7,0.10259,0.08938,0.0104,0.00078,47.87925,0.60739,0.55599,3.9495,0.50624,0.0011,285.31775,10.9206,476.4865,3.66518,3.44526,0.5644,0.04136,281.274,0.96381,8.28086,111.416,3.4499,0.00832,653.84775,56.10067,933.85275,2000,2000,2000,v004
U2_B1B2_v004,0.56,1.0521,0.9496,0.1025,0.00702,149.95,0.9118,4.551,51.59,1.3845,0.002943,470.38,24.8334,685.7,0.09906,0.07933,0.0078,0.00067,47.87925,0.59366,0.69977,3.9495,0.23845,0.00049,285.31775,8.87303,476.4865,2.6681,2.5223,0.2838,0.03067,281.274,0.94651,9.28692,111.416,2.85381,0.00671,653.84775,47.0736,933.85275,2000,2000,2000,v004
U2b_B1B2_v004,0.1,8.6954,8.437,0.2584,0.05799,149.95,0.9383,3.184,51.59,2.4281,0.005162,470.38,29.1194,685.7,0.22842,0.16417,0.02039,0.00194,47.87925,0.63201,0.42044,3.9495,0.18918,0.0004,285.31775,5.08541,476.4865,24.5919,24.24679,0.694,0.14927,281.274,0.9757,6.48727,111.416,5.70192,0.01368,653.84775,60.45993,933.85275,2000,2000,2000,v004
U1_B1B2_v004,0.71,1.1861,1.138,0.0481,0.00791,149.95,0.9226,3.9932,51.59,0.8219,0.001747,470.38,32.5433,685.7,0.30744,0.28629,0.0072,0.00203,47.87925,0.60532,0.69149,3.9495,0.27718,0.0006,285.31775,13.63567,476.4865,2.49459,2.44416,0.1031,0.02955,281.274,0.95,7.8345,111.416,1.46857,0.00352,653.84775,56.9618,933.85275,2000,2000,2000,v004
U2_B1B2_v002nt,0.69,15.8994,15.4106,0.4888,0.10603,149.95,0.946,2.7852,51.59,5.0686,0.010775,470.38,40.7829,685.7,2.08191,2.02042,0.03309,0.02473,47.87925,0.62934,0.4517,3.9495,0.52504,0.00101,285.31775,14.88839,476.4865,36.5487,35.93329,1.27661,0.17777,281.274,0.9811,5.66858,111.416,10.78713,0.02608,653.84775,78.23338,933.85275,2000,2000,2000,v004
U0d_B1B2_v004_s20261001,0.2,1.7589,1.5174,0.2415,0.01173,149.95,0.9354,3.3325,51.59,1.7685,0.00376,470.38,25.7735,685.7,0.09974,0.0831,0.01189,0.00074,47.87925,0.62391,0.45494,3.9495,0.23078,0.00051,285.31775,5.82601,476.4865,3.68346,3.28727,0.67771,0.04217,281.274,0.9728,6.73531,111.416,4.01326,0.0095,653.84775,55.01327,933.85275,2000,2000,2000,v004
U2_B1B2_v004_s20261001,0.56,1.4036,1.1907,0.2129,0.00936,149.95,0.9279,3.7201,51.59,1.7573,0.003736,470.38,32.0405,685.7,0.124,0.1058,0.0108,0.00094,47.87925,0.6027,0.60369,3.9495,0.25977,0.00054,285.31775,11.99137,476.4865,3.16295,2.85406,0.5995,0.03509,281.274,0.9592,7.31212,111.416,3.65653,0.00854,653.84775,58.69246,933.85275,2000,2000,2000,v004
U2b_B1B2_v004_s20261001,0.39,0.6157,0.3292,0.2865,0.00411,149.95,0.9395,3.1225,51.59,4.3513,0.009251,470.38,29.4273,685.7,0.04539,0.0096,0.0176,0.00035,47.87925,0.62459,0.48633,3.9495,0.91711,0.00186,285.31775,6.91624,476.4865,1.35061,0.80452,0.78134,0.01491,281.274,0.9733,6.26407,111.416,8.37275,0.02124,653.84775,62.06172,933.85275,2000,2000,2000,v004
U1_B1B2_v004_s20261001,0.54,2.016,1.9279,0.0881,0.01344,149.95,0.9175,4.2553,51.59,0.8262,0.001756,470.38,49.3223,685.7,0.57308,0.51343,0.02189,0.00476,47.87925,0.61522,0.63581,3.9495,0.28302,0.00064,285.31775,27.10124,476.4865,3.72261,3.61925,0.1641,0.03935,281.274,0.9482,8.55186,111.416,1.45217,0.00326,653.84775,75.36879,933.85275,2000,2000,2000,v004
U2_B1B2_v002nt_s20261001,0.61,28.8849,28.4365,0.4484,0.19262,149.95,0.9299,3.6189,51.59,5.374,0.011425,470.38,55.2071,685.7,4.6789,4.53498,0.0603,0.05854,47.87925,0.62792,0.62908,3.9495,1.41183,0.003,285.31775,31.35168,476.4865,64.16282,63.398,1.08434,0.28564,281.274,0.9606,7.17492,111.416,10.11876,0.02249,653.84775,83.34723,933.85275,2000,2000,2000,v004
U0d_B1B2_v004_s20261002,0.36,1.3905,1.2453,0.1452,0.00927,149.95,0.927,3.7667,51.59,2.8422,0.006042,470.38,35.9446,685.7,0.25204,0.2082,0.0162,0.00186,47.87925,0.61359,0.5838,3.9495,0.89411,0.00178,285.31775,16.37679,476.4865,3.06082,2.8765,0.36721,0.03362,281.274,0.9617,7.47927,111.416,5.17726,0.01211,653.84775,62.95098,933.85275,2000,2000,2000,v004
U2_B1B2_v004_s20261002,0.24,1.5939,1.4031,0.1908,0.01063,149.95,0.936,3.304,51.59,1.8543,0.003942,470.38,30.8146,685.7,0.23966,0.2008,0.0121,0.00187,47.87925,0.62257,0.4934,3.9495,0.30218,0.00068,285.31775,10.63377,476.4865,3.37073,3.12704,0.52432,0.0353,281.274,0.968,6.49489,111.416,4.05036,0.00956,653.84775,58.91358,933.85275,2000,2000,2000,v004
U2b_B1B2_v004_s20261002,0.05,0.7714,0.5065,0.2649,0.00514,149.95,0.9326,3.4768,51.59,3.0185,0.006417,470.38,25.8342,685.7,0.0745,0.03258,0.0202,0.00056,47.87925,0.63125,0.37759,3.9495,0.46601,0.00097,285.31775,4.28243,476.4865,1.59004,1.14362,0.7158,0.01824,281.274,0.9733,7.1292,111.416,6.56766,0.01572,653.84775,57.87954,933.85275,2000,2000,2000,v004
U1_B1B2_v004_s20261002,0.27,2.6117,2.4637,0.148,0.01742,149.95,0.9359,3.3092,51.59,2.1112,0.004488,470.38,56.4695,685.7,0.90942,0.83568,0.0264,0.00692,47.87925,0.61546,0.4852,3.9495,0.65005,0.00138,285.31775,28.40373,476.4865,4.52019,4.30508,0.31243,0.0513,281.274,0.96611,6.54272,111.416,3.84069,0.00852,653.84775,89.07574,933.85275,2000,2000,2000,v004
U2_B1B2_v002nt_s20261002,0.43,53.5855,53.1489,0.4366,0.35734,149.95,0.9419,2.9993,51.59,4.4635,0.009489,470.38,55.6777,685.7,11.8577,11.49123,0.0425,0.19375,47.87925,0.60273,0.53214,3.9495,0.68677,0.00151,285.31775,28.74929,476.4865,113.38864,112.82234,1.13732,0.4654,281.274,0.9667,5.93681,111.416,9.23952,0.02046,653.84775,86.46022,933.85275,2000,2000,2000,v004
