date,region,new_km2,potential_km2,new_volume_hm3,kherson_gauge_m
2023-05-26,DNIPRO_CORRIDOR,0.0,517.1,0.0,0.59
2023-05-26,INHULETS_VALLEY_rect,0.0,25.1,0.0,0.59
2023-05-26,P42_FLOODPLAIN_DOMAIN,0.0,325.5,0.0,0.59
2023-05-27,DNIPRO_CORRIDOR,0.0,518.2,0.0,0.6
2023-05-27,INHULETS_VALLEY_rect,0.0,20.9,0.0,0.6
2023-05-27,P42_FLOODPLAIN_DOMAIN,0.0,326.2,0.0,0.6
2023-05-28,DNIPRO_CORRIDOR,0.0,517.0999999999999,0.0,0.59
2023-05-28,INHULETS_VALLEY_rect,0.0,22.2,0.0,0.59
2023-05-28,P42_FLOODPLAIN_DOMAIN,0.0,325.0,0.0,0.59
2023-05-29,DNIPRO_CORRIDOR,0.0,523.2,0.0,0.6
2023-05-29,INHULETS_VALLEY_rect,0.0,23.9,0.0,0.6
2023-05-29,P42_FLOODPLAIN_DOMAIN,0.0,324.8,0.0,0.6
2023-05-30,DNIPRO_CORRIDOR,0.0,522.2,0.0,0.61
2023-05-30,INHULETS_VALLEY_rect,0.0,23.3,0.0,0.61
2023-05-30,P42_FLOODPLAIN_DOMAIN,0.0,326.5,0.0,0.61
2023-05-31,DNIPRO_CORRIDOR,0.0,516.6,0.0,0.58
2023-05-31,INHULETS_VALLEY_rect,0.0,24.5,0.0,0.58
2023-05-31,P42_FLOODPLAIN_DOMAIN,0.0,323.9,0.0,0.58
2023-06-01,DNIPRO_CORRIDOR,0.0,522.2,0.0,0.59
2023-06-01,INHULETS_VALLEY_rect,0.0,25.1,0.0,0.59
2023-06-01,P42_FLOODPLAIN_DOMAIN,0.0,328.20000000000005,0.0,0.59
2023-06-02,DNIPRO_CORRIDOR,0.0,526.5,0.0,0.64
2023-06-02,INHULETS_VALLEY_rect,0.0,26.1,0.0,0.64
2023-06-02,P42_FLOODPLAIN_DOMAIN,0.0,331.1,0.0,0.64
2023-06-03,DNIPRO_CORRIDOR,0.0,525.0,0.0,0.63
2023-06-03,INHULETS_VALLEY_rect,0.0,24.3,0.0,0.63
2023-06-03,P42_FLOODPLAIN_DOMAIN,0.0,328.6,0.0,0.63
2023-06-04,DNIPRO_CORRIDOR,0.0,471.5,0.0,0.53
2023-06-04,INHULETS_VALLEY_rect,0.0,22.6,0.0,0.53
2023-06-04,P42_FLOODPLAIN_DOMAIN,0.0,297.9,0.0,0.53
2023-06-05,DNIPRO_CORRIDOR,0.0,485.20000000000005,0.0,0.53
2023-06-05,INHULETS_VALLEY_rect,0.0,22.6,0.0,0.53
2023-06-05,P42_FLOODPLAIN_DOMAIN,0.0,304.3,0.0,0.53
2023-06-06,DNIPRO_CORRIDOR,191.7,715.5,383.26,3.08
2023-06-06,INHULETS_VALLEY_rect,35.0,62.3,85.45,3.08
2023-06-06,P42_FLOODPLAIN_DOMAIN,115.6,455.0,277.29999999999995,3.08
2023-06-07,DNIPRO_CORRIDOR,260.5,787.4000000000001,543.81,5.65
2023-06-07,INHULETS_VALLEY_rect,42.3,69.6,126.28,5.65
2023-06-07,P42_FLOODPLAIN_DOMAIN,169.7,512.0,428.68,5.65
2023-06-08,DNIPRO_CORRIDOR,259.6,786.2,518.65,5.77
2023-06-08,INHULETS_VALLEY_rect,46.4,73.7,160.57,5.77
2023-06-08,P42_FLOODPLAIN_DOMAIN,180.5,523.0,430.61,5.77
2023-06-09,DNIPRO_CORRIDOR,205.7,732.0,474.44,5.36
2023-06-09,INHULETS_VALLEY_rect,49.6,76.9,198.85,5.36
2023-06-09,P42_FLOODPLAIN_DOMAIN,158.3,500.29999999999995,392.12,5.36
2023-06-10,DNIPRO_CORRIDOR,169.3,692.1,413.70000000000005,4.79
2023-06-10,INHULETS_VALLEY_rect,47.4,74.8,167.82,4.79
2023-06-10,P42_FLOODPLAIN_DOMAIN,128.0,466.2,338.09000000000003,4.79
2023-06-11,DNIPRO_CORRIDOR,144.7,665.9,333.86,4.23
2023-06-11,INHULETS_VALLEY_rect,44.7,72.0,134.15,4.23
2023-06-11,P42_FLOODPLAIN_DOMAIN,110.3,447.3,276.28999999999996,4.23
2023-06-12,DNIPRO_CORRIDOR,129.7,650.8,243.45999999999998,3.63
2023-06-12,INHULETS_VALLEY_rect,41.6,68.9,101.54,3.63
2023-06-12,P42_FLOODPLAIN_DOMAIN,102.3,439.1,206.05,3.63
2023-06-13,DNIPRO_CORRIDOR,111.89999999999999,633.1,165.57,3.03
2023-06-13,INHULETS_VALLEY_rect,37.0,64.3,70.43,3.03
2023-06-13,P42_FLOODPLAIN_DOMAIN,91.5,428.20000000000005,143.55,3.03
2023-06-14,DNIPRO_CORRIDOR,89.4,610.5,105.97,2.54
2023-06-14,INHULETS_VALLEY_rect,31.2,58.5,48.42,2.54
2023-06-14,P42_FLOODPLAIN_DOMAIN,76.2,412.70000000000005,94.19,2.54
2023-06-15,DNIPRO_CORRIDOR,73.3,594.0999999999999,70.72,2.14
2023-06-15,INHULETS_VALLEY_rect,26.1,53.4,31.72,2.14
2023-06-15,P42_FLOODPLAIN_DOMAIN,64.2,400.6,63.620000000000005,2.14
2023-06-16,DNIPRO_CORRIDOR,58.7,579.0999999999999,44.010000000000005,1.79
2023-06-16,INHULETS_VALLEY_rect,19.5,46.8,18.32,1.79
2023-06-16,P42_FLOODPLAIN_DOMAIN,52.4,388.5,40.25,1.79
2023-06-17,DNIPRO_CORRIDOR,46.6,566.6,24.27,1.42
2023-06-17,INHULETS_VALLEY_rect,14.5,41.8,10.54,1.42
2023-06-17,P42_FLOODPLAIN_DOMAIN,41.7,377.4,22.240000000000002,1.42
2023-06-18,DNIPRO_CORRIDOR,35.0,554.2,11.399999999999999,1.14
2023-06-18,INHULETS_VALLEY_rect,10.1,36.9,4.86,1.14
2023-06-18,P42_FLOODPLAIN_DOMAIN,31.3,366.20000000000005,10.43,1.14
2023-06-19,DNIPRO_CORRIDOR,25.6,544.3,5.25,0.95
2023-06-19,INHULETS_VALLEY_rect,6.4,32.8,2.14,0.95
2023-06-19,P42_FLOODPLAIN_DOMAIN,23.0,357.5,4.800000000000001,0.95
2023-06-20,DNIPRO_CORRIDOR,12.899999999999999,530.8,1.3599999999999999,0.8
2023-06-20,INHULETS_VALLEY_rect,1.8,27.8,0.61,0.8
2023-06-20,P42_FLOODPLAIN_DOMAIN,11.7,345.5,1.23,0.8
2023-06-21,DNIPRO_CORRIDOR,4.2,516.7,0.25,0.73
2023-06-21,INHULETS_VALLEY_rect,0.0,24.8,0.0,0.73
2023-06-21,P42_FLOODPLAIN_DOMAIN,3.6999999999999997,332.4,0.2,0.73
2023-06-22,DNIPRO_CORRIDOR,0.5,498.5,0.02,0.64
2023-06-22,INHULETS_VALLEY_rect,0.0,22.3,0.0,0.64
2023-06-22,P42_FLOODPLAIN_DOMAIN,0.4,315.4,0.01,0.64
2023-06-23,DNIPRO_CORRIDOR,0.1,475.4,0.0,0.57
2023-06-23,INHULETS_VALLEY_rect,0.0,20.2,0.0,0.57
2023-06-23,P42_FLOODPLAIN_DOMAIN,0.0,293.6,0.0,0.57
2023-06-24,DNIPRO_CORRIDOR,0.0,477.6,0.0,0.57
2023-06-24,INHULETS_VALLEY_rect,0.0,20.2,0.0,0.57
2023-06-24,P42_FLOODPLAIN_DOMAIN,0.0,293.1,0.0,0.57
2023-06-25,DNIPRO_CORRIDOR,0.0,472.4,0.0,0.55
2023-06-25,INHULETS_VALLEY_rect,0.0,20.1,0.0,0.55
2023-06-25,P42_FLOODPLAIN_DOMAIN,0.0,285.2,0.0,0.55
2023-06-26,DNIPRO_CORRIDOR,0.0,472.3,0.0,0.54
2023-06-26,INHULETS_VALLEY_rect,0.0,20.2,0.0,0.54
2023-06-26,P42_FLOODPLAIN_DOMAIN,0.0,284.7,0.0,0.54
2023-06-27,DNIPRO_CORRIDOR,0.0,468.79999999999995,0.0,0.44
2023-06-27,INHULETS_VALLEY_rect,0.0,19.4,0.0,0.44
2023-06-27,P42_FLOODPLAIN_DOMAIN,0.0,280.0,0.0,0.44
2023-06-28,DNIPRO_CORRIDOR,0.0,477.0,0.0,0.5
2023-06-28,INHULETS_VALLEY_rect,0.0,19.8,0.0,0.5
2023-06-28,P42_FLOODPLAIN_DOMAIN,0.0,286.7,0.0,0.5
2023-06-29,DNIPRO_CORRIDOR,0.0,485.90000000000003,0.0,0.5
2023-06-29,INHULETS_VALLEY_rect,0.0,20.1,0.0,0.5
2023-06-29,P42_FLOODPLAIN_DOMAIN,0.0,294.4,0.0,0.5
2023-06-30,DNIPRO_CORRIDOR,0.1,490.8,0.0,0.52
2023-06-30,INHULETS_VALLEY_rect,0.0,20.3,0.0,0.52
2023-06-30,P42_FLOODPLAIN_DOMAIN,0.0,295.9,0.0,0.52
2023-07-01,DNIPRO_CORRIDOR,1.2,495.2,0.02,0.47
2023-07-01,INHULETS_VALLEY_rect,0.0,20.4,0.0,0.47
2023-07-01,P42_FLOODPLAIN_DOMAIN,0.1,296.8,0.0,0.47
2023-07-02,DNIPRO_CORRIDOR,0.1,474.8,0.0,0.42
2023-07-02,INHULETS_VALLEY_rect,0.0,18.9,0.0,0.42
2023-07-02,P42_FLOODPLAIN_DOMAIN,0.0,281.4,0.0,0.42
2023-07-03,DNIPRO_CORRIDOR,0.0,468.29999999999995,0.0,0.4
2023-07-03,INHULETS_VALLEY_rect,0.0,19.5,0.0,0.4
2023-07-03,P42_FLOODPLAIN_DOMAIN,0.0,278.4,0.0,0.4
2023-07-04,DNIPRO_CORRIDOR,0.0,440.40000000000003,0.0,0.33
2023-07-04,INHULETS_VALLEY_rect,0.0,18.1,0.0,0.33
2023-07-04,P42_FLOODPLAIN_DOMAIN,0.0,258.6,0.0,0.33
2023-07-05,DNIPRO_CORRIDOR,0.0,415.79999999999995,0.0,0.32
2023-07-05,INHULETS_VALLEY_rect,0.0,16.0,0.0,0.32
2023-07-05,P42_FLOODPLAIN_DOMAIN,0.0,240.6,0.0,0.32
2023-07-06,DNIPRO_CORRIDOR,0.0,393.1,0.0,0.25
2023-07-06,INHULETS_VALLEY_rect,0.0,17.1,0.0,0.25
2023-07-06,P42_FLOODPLAIN_DOMAIN,0.0,222.7,0.0,0.25
2023-07-07,DNIPRO_CORRIDOR,0.0,390.2,0.0,0.32
2023-07-07,INHULETS_VALLEY_rect,0.0,18.0,0.0,0.32
2023-07-07,P42_FLOODPLAIN_DOMAIN,0.0,221.3,0.0,0.32
2023-07-08,DNIPRO_CORRIDOR,0.0,398.5,0.0,0.32
2023-07-08,INHULETS_VALLEY_rect,0.0,16.8,0.0,0.32
2023-07-08,P42_FLOODPLAIN_DOMAIN,0.0,229.1,0.0,0.32
2023-07-09,DNIPRO_CORRIDOR,0.0,349.3,0.0,0.18
2023-07-09,INHULETS_VALLEY_rect,0.0,13.8,0.0,0.18
2023-07-09,P42_FLOODPLAIN_DOMAIN,0.0,191.7,0.0,0.18
2023-07-10,DNIPRO_CORRIDOR,0.0,388.70000000000005,0.0,0.34
2023-07-10,INHULETS_VALLEY_rect,0.0,17.3,0.0,0.34
2023-07-10,P42_FLOODPLAIN_DOMAIN,0.0,228.2,0.0,0.34
