zone,date,region,potential_km2,new_km2,new_volume_hm3,new_mean_depth_m,new_in_s1_observable_km2,kherson_gauge_m
ZONE_4_DAM_TO_KHERSON_FLOODWAY,2023-05-26,DNIPRO_CORRIDOR,193.3,0.0,0.0,0.0,0.0,0.6
ZONE_4_DAM_TO_KHERSON_FLOODWAY,2023-05-26,INHULETS_VALLEY_rect,23.7,0.0,0.0,0.0,0.0,0.6
ZONE_4_DAM_TO_KHERSON_FLOODWAY,2023-05-26,P42_FLOODPLAIN_DOMAIN,183.8,0.0,0.0,0.0,0.0,0.6
ZONE_2_KHERSON_DELTA,2023-05-26,DNIPRO_CORRIDOR,335.1,0.0,0.0,0.0,0.0,0.6
ZONE_2_KHERSON_DELTA,2023-05-26,INHULETS_VALLEY_rect,0.0,0.0,0.0,0.0,0.0,0.6
ZONE_2_KHERSON_DELTA,2023-05-26,P42_FLOODPLAIN_DOMAIN,147.5,0.0,0.0,0.0,0.0,0.6
ZONE_4_DAM_TO_KHERSON_FLOODWAY,2023-05-27,DNIPRO_CORRIDOR,194.0,0.0,0.0,0.0,0.0,0.61
ZONE_4_DAM_TO_KHERSON_FLOODWAY,2023-05-27,INHULETS_VALLEY_rect,21.2,0.0,0.0,0.0,0.0,0.61
ZONE_4_DAM_TO_KHERSON_FLOODWAY,2023-05-27,P42_FLOODPLAIN_DOMAIN,184.3,0.0,0.0,0.0,0.0,0.61
ZONE_2_KHERSON_DELTA,2023-05-27,DNIPRO_CORRIDOR,335.6,0.0,0.0,0.0,0.0,0.61
ZONE_2_KHERSON_DELTA,2023-05-27,INHULETS_VALLEY_rect,0.0,0.0,0.0,0.0,0.0,0.61
ZONE_2_KHERSON_DELTA,2023-05-27,P42_FLOODPLAIN_DOMAIN,147.7,0.0,0.0,0.0,0.0,0.61
ZONE_4_DAM_TO_KHERSON_FLOODWAY,2023-05-28,DNIPRO_CORRIDOR,193.1,0.0,0.0,0.0,0.0,0.6
ZONE_4_DAM_TO_KHERSON_FLOODWAY,2023-05-28,INHULETS_VALLEY_rect,22.3,0.0,0.0,0.0,0.0,0.6
ZONE_4_DAM_TO_KHERSON_FLOODWAY,2023-05-28,P42_FLOODPLAIN_DOMAIN,183.5,0.0,0.0,0.0,0.0,0.6
ZONE_2_KHERSON_DELTA,2023-05-28,DNIPRO_CORRIDOR,335.0,0.0,0.0,0.0,0.0,0.6
ZONE_2_KHERSON_DELTA,2023-05-28,INHULETS_VALLEY_rect,0.0,0.0,0.0,0.0,0.0,0.6
ZONE_2_KHERSON_DELTA,2023-05-28,P42_FLOODPLAIN_DOMAIN,147.1,0.0,0.0,0.0,0.0,0.6
ZONE_4_DAM_TO_KHERSON_FLOODWAY,2023-05-29,DNIPRO_CORRIDOR,193.2,0.0,0.0,0.0,0.0,0.61
ZONE_4_DAM_TO_KHERSON_FLOODWAY,2023-05-29,INHULETS_VALLEY_rect,23.0,0.0,0.0,0.0,0.0,0.61
ZONE_4_DAM_TO_KHERSON_FLOODWAY,2023-05-29,P42_FLOODPLAIN_DOMAIN,183.7,0.0,0.0,0.0,0.0,0.61
ZONE_2_KHERSON_DELTA,2023-05-29,DNIPRO_CORRIDOR,341.3,0.0,0.0,0.0,0.0,0.61
ZONE_2_KHERSON_DELTA,2023-05-29,INHULETS_VALLEY_rect,0.0,0.0,0.0,0.0,0.0,0.61
ZONE_2_KHERSON_DELTA,2023-05-29,P42_FLOODPLAIN_DOMAIN,146.6,0.0,0.0,0.0,0.0,0.61
ZONE_4_DAM_TO_KHERSON_FLOODWAY,2023-05-30,DNIPRO_CORRIDOR,193.7,0.0,0.0,0.0,0.0,0.62
ZONE_4_DAM_TO_KHERSON_FLOODWAY,2023-05-30,INHULETS_VALLEY_rect,22.9,0.0,0.0,0.0,0.0,0.62
ZONE_4_DAM_TO_KHERSON_FLOODWAY,2023-05-30,P42_FLOODPLAIN_DOMAIN,184.1,0.0,0.0,0.0,0.0,0.62
ZONE_2_KHERSON_DELTA,2023-05-30,DNIPRO_CORRIDOR,339.2,0.0,0.0,0.0,0.0,0.62
ZONE_2_KHERSON_DELTA,2023-05-30,INHULETS_VALLEY_rect,0.0,0.0,0.0,0.0,0.0,0.62
ZONE_2_KHERSON_DELTA,2023-05-30,P42_FLOODPLAIN_DOMAIN,147.8,0.0,0.0,0.0,0.0,0.62
ZONE_4_DAM_TO_KHERSON_FLOODWAY,2023-05-31,DNIPRO_CORRIDOR,193.2,0.0,0.0,0.0,0.0,0.59
ZONE_4_DAM_TO_KHERSON_FLOODWAY,2023-05-31,INHULETS_VALLEY_rect,23.2,0.0,0.0,0.0,0.0,0.59
ZONE_4_DAM_TO_KHERSON_FLOODWAY,2023-05-31,P42_FLOODPLAIN_DOMAIN,183.7,0.0,0.0,0.0,0.0,0.59
ZONE_2_KHERSON_DELTA,2023-05-31,DNIPRO_CORRIDOR,334.9,0.0,0.0,0.0,0.0,0.59
ZONE_2_KHERSON_DELTA,2023-05-31,INHULETS_VALLEY_rect,0.0,0.0,0.0,0.0,0.0,0.59
ZONE_2_KHERSON_DELTA,2023-05-31,P42_FLOODPLAIN_DOMAIN,146.3,0.0,0.0,0.0,0.0,0.59
ZONE_4_DAM_TO_KHERSON_FLOODWAY,2023-06-01,DNIPRO_CORRIDOR,194.5,0.0,0.0,0.0,0.0,0.6
ZONE_4_DAM_TO_KHERSON_FLOODWAY,2023-06-01,INHULETS_VALLEY_rect,23.6,0.0,0.0,0.0,0.0,0.6
ZONE_4_DAM_TO_KHERSON_FLOODWAY,2023-06-01,P42_FLOODPLAIN_DOMAIN,184.8,0.0,0.0,0.0,0.0,0.6
ZONE_2_KHERSON_DELTA,2023-06-01,DNIPRO_CORRIDOR,338.6,0.0,0.0,0.0,0.0,0.6
ZONE_2_KHERSON_DELTA,2023-06-01,INHULETS_VALLEY_rect,0.0,0.0,0.0,0.0,0.0,0.6
ZONE_2_KHERSON_DELTA,2023-06-01,P42_FLOODPLAIN_DOMAIN,148.8,0.0,0.0,0.0,0.0,0.6
ZONE_4_DAM_TO_KHERSON_FLOODWAY,2023-06-02,DNIPRO_CORRIDOR,194.5,0.0,0.0,0.0,0.0,0.65
ZONE_4_DAM_TO_KHERSON_FLOODWAY,2023-06-02,INHULETS_VALLEY_rect,24.0,0.0,0.0,0.0,0.0,0.65
ZONE_4_DAM_TO_KHERSON_FLOODWAY,2023-06-02,P42_FLOODPLAIN_DOMAIN,184.7,0.0,0.0,0.0,0.0,0.65
ZONE_2_KHERSON_DELTA,2023-06-02,DNIPRO_CORRIDOR,341.9,0.0,0.0,0.0,0.0,0.65
ZONE_2_KHERSON_DELTA,2023-06-02,INHULETS_VALLEY_rect,0.0,0.0,0.0,0.0,0.0,0.65
ZONE_2_KHERSON_DELTA,2023-06-02,P42_FLOODPLAIN_DOMAIN,150.9,0.0,0.0,0.0,0.0,0.65
ZONE_4_DAM_TO_KHERSON_FLOODWAY,2023-06-03,DNIPRO_CORRIDOR,193.1,0.0,0.0,0.0,0.0,0.64
ZONE_4_DAM_TO_KHERSON_FLOODWAY,2023-06-03,INHULETS_VALLEY_rect,23.2,0.0,0.0,0.0,0.0,0.64
ZONE_4_DAM_TO_KHERSON_FLOODWAY,2023-06-03,P42_FLOODPLAIN_DOMAIN,183.5,0.0,0.0,0.0,0.0,0.64
ZONE_2_KHERSON_DELTA,2023-06-03,DNIPRO_CORRIDOR,342.1,0.0,0.0,0.0,0.0,0.64
ZONE_2_KHERSON_DELTA,2023-06-03,INHULETS_VALLEY_rect,0.0,0.0,0.0,0.0,0.0,0.64
ZONE_2_KHERSON_DELTA,2023-06-03,P42_FLOODPLAIN_DOMAIN,149.9,0.0,0.0,0.0,0.0,0.64
ZONE_4_DAM_TO_KHERSON_FLOODWAY,2023-06-04,DNIPRO_CORRIDOR,187.7,0.0,0.0,0.0,0.0,0.54
ZONE_4_DAM_TO_KHERSON_FLOODWAY,2023-06-04,INHULETS_VALLEY_rect,22.5,0.0,0.0,0.0,0.0,0.54
ZONE_4_DAM_TO_KHERSON_FLOODWAY,2023-06-04,P42_FLOODPLAIN_DOMAIN,178.5,0.0,0.0,0.0,0.0,0.54
ZONE_2_KHERSON_DELTA,2023-06-04,DNIPRO_CORRIDOR,296.5,0.0,0.0,0.0,0.0,0.54
ZONE_2_KHERSON_DELTA,2023-06-04,INHULETS_VALLEY_rect,0.0,0.0,0.0,0.0,0.0,0.54
ZONE_2_KHERSON_DELTA,2023-06-04,P42_FLOODPLAIN_DOMAIN,128.9,0.0,0.0,0.0,0.0,0.54
ZONE_4_DAM_TO_KHERSON_FLOODWAY,2023-06-05,DNIPRO_CORRIDOR,186.6,0.0,0.0,0.0,0.0,0.54
ZONE_4_DAM_TO_KHERSON_FLOODWAY,2023-06-05,INHULETS_VALLEY_rect,22.4,0.0,0.0,0.0,0.0,0.54
ZONE_4_DAM_TO_KHERSON_FLOODWAY,2023-06-05,P42_FLOODPLAIN_DOMAIN,177.4,0.0,0.0,0.0,0.0,0.54
ZONE_2_KHERSON_DELTA,2023-06-05,DNIPRO_CORRIDOR,314.7,0.0,0.0,0.0,0.0,0.54
ZONE_2_KHERSON_DELTA,2023-06-05,INHULETS_VALLEY_rect,0.0,0.0,0.0,0.0,0.0,0.54
ZONE_2_KHERSON_DELTA,2023-06-05,P42_FLOODPLAIN_DOMAIN,136.6,0.0,0.0,0.0,0.0,0.54
ZONE_4_DAM_TO_KHERSON_FLOODWAY,2023-06-06,DNIPRO_CORRIDOR,319.2,112.6,262.53,2.33,69.8,3.09
ZONE_4_DAM_TO_KHERSON_FLOODWAY,2023-06-06,INHULETS_VALLEY_rect,29.9,5.6,9.92,1.77,5.5,3.09
ZONE_4_DAM_TO_KHERSON_FLOODWAY,2023-06-06,P42_FLOODPLAIN_DOMAIN,245.4,50.7,173.51,3.42,48.6,3.09
ZONE_2_KHERSON_DELTA,2023-06-06,DNIPRO_CORRIDOR,405.4,71.3,107.81,1.51,70.8,3.09
ZONE_2_KHERSON_DELTA,2023-06-06,INHULETS_VALLEY_rect,0.0,0.0,0.0,0.0,0.0,3.09
ZONE_2_KHERSON_DELTA,2023-06-06,P42_FLOODPLAIN_DOMAIN,211.6,57.0,89.77,1.57,56.7,3.09
ZONE_4_DAM_TO_KHERSON_FLOODWAY,2023-06-07,DNIPRO_CORRIDOR,384.3,165.3,376.53,2.28,118.5,5.66
ZONE_4_DAM_TO_KHERSON_FLOODWAY,2023-06-07,INHULETS_VALLEY_rect,45.2,19.2,28.29,1.47,13.8,5.66
ZONE_4_DAM_TO_KHERSON_FLOODWAY,2023-06-07,P42_FLOODPLAIN_DOMAIN,298.0,91.7,283.81,3.09,83.7,5.66
ZONE_2_KHERSON_DELTA,2023-06-07,DNIPRO_CORRIDOR,412.3,77.9,137.94,1.77,77.4,5.66
ZONE_2_KHERSON_DELTA,2023-06-07,INHULETS_VALLEY_rect,0.0,0.0,0.0,0.0,0.0,5.66
ZONE_2_KHERSON_DELTA,2023-06-07,P42_FLOODPLAIN_DOMAIN,215.7,61.0,114.24,1.87,60.7,5.66
ZONE_4_DAM_TO_KHERSON_FLOODWAY,2023-06-08,DNIPRO_CORRIDOR,378.5,156.6,322.93,2.06,121.1,5.78
ZONE_4_DAM_TO_KHERSON_FLOODWAY,2023-06-08,INHULETS_VALLEY_rect,65.7,39.4,90.96,2.31,17.0,5.78
ZONE_4_DAM_TO_KHERSON_FLOODWAY,2023-06-08,P42_FLOODPLAIN_DOMAIN,307.3,96.6,263.16,2.72,89.5,5.78
ZONE_2_KHERSON_DELTA,2023-06-08,DNIPRO_CORRIDOR,417.1,82.4,162.7,1.97,81.9,5.78
ZONE_2_KHERSON_DELTA,2023-06-08,INHULETS_VALLEY_rect,0.0,0.0,0.0,0.0,0.0,5.78
ZONE_2_KHERSON_DELTA,2023-06-08,P42_FLOODPLAIN_DOMAIN,217.7,62.8,133.08,2.12,62.6,5.78
ZONE_4_DAM_TO_KHERSON_FLOODWAY,2023-06-09,DNIPRO_CORRIDOR,319.3,101.8,259.77,2.55,96.7,5.37
ZONE_4_DAM_TO_KHERSON_FLOODWAY,2023-06-09,INHULETS_VALLEY_rect,73.8,47.4,160.13,3.38,19.2,5.37
ZONE_4_DAM_TO_KHERSON_FLOODWAY,2023-06-09,P42_FLOODPLAIN_DOMAIN,282.8,76.5,213.49,2.79,72.3,5.37
ZONE_2_KHERSON_DELTA,2023-06-09,DNIPRO_CORRIDOR,421.1,86.1,186.77,2.17,85.6,5.37
ZONE_2_KHERSON_DELTA,2023-06-09,INHULETS_VALLEY_rect,0.0,0.0,0.0,0.0,0.0,5.37
ZONE_2_KHERSON_DELTA,2023-06-09,P42_FLOODPLAIN_DOMAIN,219.3,64.4,150.99,2.34,64.1,5.37
ZONE_4_DAM_TO_KHERSON_FLOODWAY,2023-06-10,DNIPRO_CORRIDOR,276.5,72.0,190.22,2.64,70.8,4.8
ZONE_4_DAM_TO_KHERSON_FLOODWAY,2023-06-10,INHULETS_VALLEY_rect,73.4,47.0,160.51,3.41,18.6,4.8
ZONE_4_DAM_TO_KHERSON_FLOODWAY,2023-06-10,P42_FLOODPLAIN_DOMAIN,247.7,53.9,155.99,2.89,52.8,4.8
ZONE_2_KHERSON_DELTA,2023-06-10,DNIPRO_CORRIDOR,423.9,88.8,206.47,2.33,88.3,4.8
ZONE_2_KHERSON_DELTA,2023-06-10,INHULETS_VALLEY_rect,0.0,0.0,0.0,0.0,0.0,4.8
ZONE_2_KHERSON_DELTA,2023-06-10,P42_FLOODPLAIN_DOMAIN,220.7,65.7,165.3,2.52,65.4,4.8
ZONE_4_DAM_TO_KHERSON_FLOODWAY,2023-06-11,DNIPRO_CORRIDOR,252.5,54.1,141.2,2.61,54.1,4.24
ZONE_4_DAM_TO_KHERSON_FLOODWAY,2023-06-11,INHULETS_VALLEY_rect,71.3,45.0,136.51,3.03,17.5,4.24
ZONE_4_DAM_TO_KHERSON_FLOODWAY,2023-06-11,P42_FLOODPLAIN_DOMAIN,228.2,39.8,116.61,2.93,39.8,4.24
ZONE_2_KHERSON_DELTA,2023-06-11,DNIPRO_CORRIDOR,420.6,85.4,179.1,2.1,84.9,4.24
ZONE_2_KHERSON_DELTA,2023-06-11,INHULETS_VALLEY_rect,0.0,0.0,0.0,0.0,0.0,4.24
ZONE_2_KHERSON_DELTA,2023-06-11,P42_FLOODPLAIN_DOMAIN,220.2,65.3,146.27,2.24,65.0,4.24
ZONE_4_DAM_TO_KHERSON_FLOODWAY,2023-06-12,DNIPRO_CORRIDOR,245.1,47.2,101.38,2.15,47.2,3.64
ZONE_4_DAM_TO_KHERSON_FLOODWAY,2023-06-12,INHULETS_VALLEY_rect,68.8,42.6,110.59,2.6,16.5,3.64
ZONE_4_DAM_TO_KHERSON_FLOODWAY,2023-06-12,P42_FLOODPLAIN_DOMAIN,223.8,35.9,86.23,2.4,35.9,3.64
ZONE_2_KHERSON_DELTA,2023-06-12,DNIPRO_CORRIDOR,412.8,77.8,131.93,1.7,77.4,3.64
ZONE_2_KHERSON_DELTA,2023-06-12,INHULETS_VALLEY_rect,0.0,0.0,0.0,0.0,0.0,3.64
ZONE_2_KHERSON_DELTA,2023-06-12,P42_FLOODPLAIN_DOMAIN,216.7,61.8,109.86,1.78,61.6,3.64
ZONE_4_DAM_TO_KHERSON_FLOODWAY,2023-06-13,DNIPRO_CORRIDOR,236.9,39.3,67.73,1.72,39.3,3.04
ZONE_4_DAM_TO_KHERSON_FLOODWAY,2023-06-13,INHULETS_VALLEY_rect,64.8,38.6,84.25,2.18,15.3,3.04
ZONE_4_DAM_TO_KHERSON_FLOODWAY,2023-06-13,P42_FLOODPLAIN_DOMAIN,219.1,31.4,59.53,1.89,31.4,3.04
ZONE_2_KHERSON_DELTA,2023-06-13,DNIPRO_CORRIDOR,403.5,68.4,90.16,1.32,68.0,3.04
ZONE_2_KHERSON_DELTA,2023-06-13,INHULETS_VALLEY_rect,0.0,0.0,0.0,0.0,0.0,3.04
ZONE_2_KHERSON_DELTA,2023-06-13,P42_FLOODPLAIN_DOMAIN,210.7,55.9,76.51,1.37,55.6,3.04
ZONE_4_DAM_TO_KHERSON_FLOODWAY,2023-06-14,DNIPRO_CORRIDOR,226.7,29.4,42.79,1.46,29.4,2.55
ZONE_4_DAM_TO_KHERSON_FLOODWAY,2023-06-14,INHULETS_VALLEY_rect,59.5,33.4,61.65,1.85,14.3,2.55
ZONE_4_DAM_TO_KHERSON_FLOODWAY,2023-06-14,P42_FLOODPLAIN_DOMAIN,212.7,25.3,38.93,1.54,25.3,2.55
ZONE_2_KHERSON_DELTA,2023-06-14,DNIPRO_CORRIDOR,391.4,56.5,57.78,1.02,56.2,2.55
ZONE_2_KHERSON_DELTA,2023-06-14,INHULETS_VALLEY_rect,0.0,0.0,0.0,0.0,0.0,2.55
ZONE_2_KHERSON_DELTA,2023-06-14,P42_FLOODPLAIN_DOMAIN,201.8,47.2,49.92,1.06,46.9,2.55
ZONE_4_DAM_TO_KHERSON_FLOODWAY,2023-06-15,DNIPRO_CORRIDOR,220.1,23.0,28.81,1.25,23.0,2.15
ZONE_4_DAM_TO_KHERSON_FLOODWAY,2023-06-15,INHULETS_VALLEY_rect,55.3,29.3,42.63,1.46,13.3,2.15
ZONE_4_DAM_TO_KHERSON_FLOODWAY,2023-06-15,P42_FLOODPLAIN_DOMAIN,208.0,20.8,26.67,1.28,20.8,2.15
ZONE_2_KHERSON_DELTA,2023-06-15,DNIPRO_CORRIDOR,383.1,48.4,39.76,0.82,48.2,2.15
ZONE_2_KHERSON_DELTA,2023-06-15,INHULETS_VALLEY_rect,0.0,0.0,0.0,0.0,0.0,2.15
ZONE_2_KHERSON_DELTA,2023-06-15,P42_FLOODPLAIN_DOMAIN,195.8,41.2,34.79,0.84,41.0,2.15
ZONE_4_DAM_TO_KHERSON_FLOODWAY,2023-06-16,DNIPRO_CORRIDOR,215.0,18.1,17.79,0.98,18.1,1.8
ZONE_4_DAM_TO_KHERSON_FLOODWAY,2023-06-16,INHULETS_VALLEY_rect,49.3,23.4,26.55,1.14,12.2,1.8
ZONE_4_DAM_TO_KHERSON_FLOODWAY,2023-06-16,P42_FLOODPLAIN_DOMAIN,203.8,16.8,16.72,0.99,16.8,1.8
ZONE_2_KHERSON_DELTA,2023-06-16,DNIPRO_CORRIDOR,371.4,36.9,23.32,0.63,36.7,1.8
ZONE_2_KHERSON_DELTA,2023-06-16,INHULETS_VALLEY_rect,0.0,0.0,0.0,0.0,0.0,1.8
ZONE_2_KHERSON_DELTA,2023-06-16,P42_FLOODPLAIN_DOMAIN,186.4,32.0,20.74,0.65,31.8,1.8
ZONE_4_DAM_TO_KHERSON_FLOODWAY,2023-06-17,DNIPRO_CORRIDOR,211.7,15.0,10.24,0.68,15.0,1.43
ZONE_4_DAM_TO_KHERSON_FLOODWAY,2023-06-17,INHULETS_VALLEY_rect,42.9,17.1,15.01,0.88,10.9,1.43
ZONE_4_DAM_TO_KHERSON_FLOODWAY,2023-06-17,P42_FLOODPLAIN_DOMAIN,200.8,14.0,9.63,0.69,14.0,1.43
ZONE_2_KHERSON_DELTA,2023-06-17,DNIPRO_CORRIDOR,362.3,28.1,12.24,0.44,27.9,1.43
ZONE_2_KHERSON_DELTA,2023-06-17,INHULETS_VALLEY_rect,0.0,0.0,0.0,0.0,0.0,1.43
ZONE_2_KHERSON_DELTA,2023-06-17,P42_FLOODPLAIN_DOMAIN,178.6,24.4,10.96,0.45,24.3,1.43
ZONE_4_DAM_TO_KHERSON_FLOODWAY,2023-06-18,DNIPRO_CORRIDOR,207.8,11.5,4.7,0.41,11.5,1.15
ZONE_4_DAM_TO_KHERSON_FLOODWAY,2023-06-18,INHULETS_VALLEY_rect,37.1,11.8,7.13,0.6,8.9,1.15
ZONE_4_DAM_TO_KHERSON_FLOODWAY,2023-06-18,P42_FLOODPLAIN_DOMAIN,197.2,10.8,4.41,0.41,10.8,1.15
ZONE_2_KHERSON_DELTA,2023-06-18,DNIPRO_CORRIDOR,354.2,20.2,5.81,0.29,20.1,1.15
ZONE_2_KHERSON_DELTA,2023-06-18,INHULETS_VALLEY_rect,0.0,0.0,0.0,0.0,0.0,1.15
ZONE_2_KHERSON_DELTA,2023-06-18,P42_FLOODPLAIN_DOMAIN,171.3,17.4,5.21,0.3,17.3,1.15
ZONE_4_DAM_TO_KHERSON_FLOODWAY,2023-06-19,DNIPRO_CORRIDOR,203.8,7.8,1.89,0.24,7.8,0.96
ZONE_4_DAM_TO_KHERSON_FLOODWAY,2023-06-19,INHULETS_VALLEY_rect,30.8,6.3,2.39,0.38,5.2,0.96
ZONE_4_DAM_TO_KHERSON_FLOODWAY,2023-06-19,P42_FLOODPLAIN_DOMAIN,193.5,7.3,1.76,0.24,7.3,0.96
ZONE_2_KHERSON_DELTA,2023-06-19,DNIPRO_CORRIDOR,348.9,15.4,3.06,0.2,15.4,0.96
ZONE_2_KHERSON_DELTA,2023-06-19,INHULETS_VALLEY_rect,0.0,0.0,0.0,0.0,0.0,0.96
ZONE_2_KHERSON_DELTA,2023-06-19,P42_FLOODPLAIN_DOMAIN,167.1,13.6,2.78,0.2,13.6,0.96
ZONE_4_DAM_TO_KHERSON_FLOODWAY,2023-06-20,DNIPRO_CORRIDOR,198.6,2.9,0.34,0.12,2.9,0.81
ZONE_4_DAM_TO_KHERSON_FLOODWAY,2023-06-20,INHULETS_VALLEY_rect,26.5,2.3,0.77,0.34,1.5,0.81
ZONE_4_DAM_TO_KHERSON_FLOODWAY,2023-06-20,P42_FLOODPLAIN_DOMAIN,188.6,2.7,0.31,0.11,2.7,0.81
ZONE_2_KHERSON_DELTA,2023-06-20,DNIPRO_CORRIDOR,341.3,8.7,1.0,0.12,8.7,0.81
ZONE_2_KHERSON_DELTA,2023-06-20,INHULETS_VALLEY_rect,0.0,0.0,0.0,0.0,0.0,0.81
ZONE_2_KHERSON_DELTA,2023-06-20,P42_FLOODPLAIN_DOMAIN,160.7,7.7,0.89,0.11,7.7,0.81
ZONE_4_DAM_TO_KHERSON_FLOODWAY,2023-06-21,DNIPRO_CORRIDOR,192.4,0.3,0.03,0.09,0.3,0.74
ZONE_4_DAM_TO_KHERSON_FLOODWAY,2023-06-21,INHULETS_VALLEY_rect,23.6,0.0,0.0,0.03,0.0,0.74
ZONE_4_DAM_TO_KHERSON_FLOODWAY,2023-06-21,P42_FLOODPLAIN_DOMAIN,182.6,0.3,0.03,0.09,0.3,0.74
ZONE_2_KHERSON_DELTA,2023-06-21,DNIPRO_CORRIDOR,334.7,3.1,0.16,0.05,3.1,0.74
ZONE_2_KHERSON_DELTA,2023-06-21,INHULETS_VALLEY_rect,0.0,0.0,0.0,0.0,0.0,0.74
ZONE_2_KHERSON_DELTA,2023-06-21,P42_FLOODPLAIN_DOMAIN,154.7,2.6,0.13,0.05,2.6,0.74
ZONE_4_DAM_TO_KHERSON_FLOODWAY,2023-06-22,DNIPRO_CORRIDOR,182.8,0.0,0.0,0.04,0.0,0.65
ZONE_4_DAM_TO_KHERSON_FLOODWAY,2023-06-22,INHULETS_VALLEY_rect,22.2,0.0,0.0,0.0,0.0,0.65
ZONE_4_DAM_TO_KHERSON_FLOODWAY,2023-06-22,P42_FLOODPLAIN_DOMAIN,173.5,0.0,0.0,0.05,0.0,0.65
ZONE_2_KHERSON_DELTA,2023-06-22,DNIPRO_CORRIDOR,328.3,0.5,0.03,0.07,0.5,0.65
ZONE_2_KHERSON_DELTA,2023-06-22,INHULETS_VALLEY_rect,0.0,0.0,0.0,0.0,0.0,0.65
ZONE_2_KHERSON_DELTA,2023-06-22,P42_FLOODPLAIN_DOMAIN,148.9,0.4,0.03,0.06,0.4,0.65
ZONE_4_DAM_TO_KHERSON_FLOODWAY,2023-06-23,DNIPRO_CORRIDOR,170.4,0.0,0.0,0.0,0.0,0.58
ZONE_4_DAM_TO_KHERSON_FLOODWAY,2023-06-23,INHULETS_VALLEY_rect,20.2,0.0,0.0,0.0,0.0,0.58
ZONE_4_DAM_TO_KHERSON_FLOODWAY,2023-06-23,P42_FLOODPLAIN_DOMAIN,161.8,0.0,0.0,0.0,0.0,0.58
ZONE_2_KHERSON_DELTA,2023-06-23,DNIPRO_CORRIDOR,318.4,0.1,0.0,0.08,0.1,0.58
ZONE_2_KHERSON_DELTA,2023-06-23,INHULETS_VALLEY_rect,0.0,0.0,0.0,0.0,0.0,0.58
ZONE_2_KHERSON_DELTA,2023-06-23,P42_FLOODPLAIN_DOMAIN,140.3,0.0,0.0,0.06,0.0,0.58
ZONE_4_DAM_TO_KHERSON_FLOODWAY,2023-06-24,DNIPRO_CORRIDOR,169.7,0.0,0.0,0.0,0.0,0.58
ZONE_4_DAM_TO_KHERSON_FLOODWAY,2023-06-24,INHULETS_VALLEY_rect,20.2,0.0,0.0,0.0,0.0,0.58
ZONE_4_DAM_TO_KHERSON_FLOODWAY,2023-06-24,P42_FLOODPLAIN_DOMAIN,161.0,0.0,0.0,0.0,0.0,0.58
ZONE_2_KHERSON_DELTA,2023-06-24,DNIPRO_CORRIDOR,323.4,0.0,0.0,0.07,0.0,0.58
ZONE_2_KHERSON_DELTA,2023-06-24,INHULETS_VALLEY_rect,0.0,0.0,0.0,0.0,0.0,0.58
ZONE_2_KHERSON_DELTA,2023-06-24,P42_FLOODPLAIN_DOMAIN,141.4,0.0,0.0,0.12,0.0,0.58
ZONE_4_DAM_TO_KHERSON_FLOODWAY,2023-06-25,DNIPRO_CORRIDOR,165.3,0.0,0.0,0.0,0.0,0.56
ZONE_4_DAM_TO_KHERSON_FLOODWAY,2023-06-25,INHULETS_VALLEY_rect,20.1,0.0,0.0,0.0,0.0,0.56
ZONE_4_DAM_TO_KHERSON_FLOODWAY,2023-06-25,P42_FLOODPLAIN_DOMAIN,156.8,0.0,0.0,0.0,0.0,0.56
ZONE_2_KHERSON_DELTA,2023-06-25,DNIPRO_CORRIDOR,322.7,0.0,0.0,0.16,0.0,0.56
ZONE_2_KHERSON_DELTA,2023-06-25,INHULETS_VALLEY_rect,0.0,0.0,0.0,0.0,0.0,0.56
ZONE_2_KHERSON_DELTA,2023-06-25,P42_FLOODPLAIN_DOMAIN,138.3,0.0,0.0,0.02,0.0,0.56
ZONE_4_DAM_TO_KHERSON_FLOODWAY,2023-06-26,DNIPRO_CORRIDOR,166.4,0.0,0.0,0.0,0.0,0.55
ZONE_4_DAM_TO_KHERSON_FLOODWAY,2023-06-26,INHULETS_VALLEY_rect,20.1,0.0,0.0,0.0,0.0,0.55
ZONE_4_DAM_TO_KHERSON_FLOODWAY,2023-06-26,P42_FLOODPLAIN_DOMAIN,157.9,0.0,0.0,0.0,0.0,0.55
ZONE_2_KHERSON_DELTA,2023-06-26,DNIPRO_CORRIDOR,320.9,0.0,0.0,0.0,0.0,0.55
ZONE_2_KHERSON_DELTA,2023-06-26,INHULETS_VALLEY_rect,0.0,0.0,0.0,0.0,0.0,0.55
ZONE_2_KHERSON_DELTA,2023-06-26,P42_FLOODPLAIN_DOMAIN,136.0,0.0,0.0,0.0,0.0,0.55
ZONE_4_DAM_TO_KHERSON_FLOODWAY,2023-06-27,DNIPRO_CORRIDOR,160.2,0.0,0.0,0.0,0.0,0.45
ZONE_4_DAM_TO_KHERSON_FLOODWAY,2023-06-27,INHULETS_VALLEY_rect,19.4,0.0,0.0,0.0,0.0,0.45
ZONE_4_DAM_TO_KHERSON_FLOODWAY,2023-06-27,P42_FLOODPLAIN_DOMAIN,151.9,0.0,0.0,0.0,0.0,0.45
ZONE_2_KHERSON_DELTA,2023-06-27,DNIPRO_CORRIDOR,323.9,0.0,0.0,0.01,0.0,0.45
ZONE_2_KHERSON_DELTA,2023-06-27,INHULETS_VALLEY_rect,0.0,0.0,0.0,0.0,0.0,0.45
ZONE_2_KHERSON_DELTA,2023-06-27,P42_FLOODPLAIN_DOMAIN,137.6,0.0,0.0,0.01,0.0,0.45
ZONE_4_DAM_TO_KHERSON_FLOODWAY,2023-06-28,DNIPRO_CORRIDOR,163.9,0.0,0.0,0.0,0.0,0.51
ZONE_4_DAM_TO_KHERSON_FLOODWAY,2023-06-28,INHULETS_VALLEY_rect,19.9,0.0,0.0,0.0,0.0,0.51
ZONE_4_DAM_TO_KHERSON_FLOODWAY,2023-06-28,P42_FLOODPLAIN_DOMAIN,155.4,0.0,0.0,0.0,0.0,0.51
ZONE_2_KHERSON_DELTA,2023-06-28,DNIPRO_CORRIDOR,328.9,0.0,0.0,0.01,0.0,0.51
ZONE_2_KHERSON_DELTA,2023-06-28,INHULETS_VALLEY_rect,0.0,0.0,0.0,0.0,0.0,0.51
ZONE_2_KHERSON_DELTA,2023-06-28,P42_FLOODPLAIN_DOMAIN,141.6,0.0,0.0,0.01,0.0,0.51
ZONE_4_DAM_TO_KHERSON_FLOODWAY,2023-06-29,DNIPRO_CORRIDOR,167.8,0.0,0.0,0.0,0.0,0.51
ZONE_4_DAM_TO_KHERSON_FLOODWAY,2023-06-29,INHULETS_VALLEY_rect,20.1,0.0,0.0,0.0,0.0,0.51
ZONE_4_DAM_TO_KHERSON_FLOODWAY,2023-06-29,P42_FLOODPLAIN_DOMAIN,159.1,0.0,0.0,0.0,0.0,0.51
ZONE_2_KHERSON_DELTA,2023-06-29,DNIPRO_CORRIDOR,332.3,0.0,0.0,0.08,0.0,0.51
ZONE_2_KHERSON_DELTA,2023-06-29,INHULETS_VALLEY_rect,0.0,0.0,0.0,0.0,0.0,0.51
ZONE_2_KHERSON_DELTA,2023-06-29,P42_FLOODPLAIN_DOMAIN,143.8,0.0,0.0,0.01,0.0,0.51
ZONE_4_DAM_TO_KHERSON_FLOODWAY,2023-06-30,DNIPRO_CORRIDOR,168.9,0.0,0.0,0.0,0.0,0.53
ZONE_4_DAM_TO_KHERSON_FLOODWAY,2023-06-30,INHULETS_VALLEY_rect,20.3,0.0,0.0,0.0,0.0,0.53
ZONE_4_DAM_TO_KHERSON_FLOODWAY,2023-06-30,P42_FLOODPLAIN_DOMAIN,160.1,0.0,0.0,0.0,0.0,0.53
ZONE_2_KHERSON_DELTA,2023-06-30,DNIPRO_CORRIDOR,336.0,0.1,0.0,0.06,0.1,0.53
ZONE_2_KHERSON_DELTA,2023-06-30,INHULETS_VALLEY_rect,0.0,0.0,0.0,0.0,0.0,0.53
ZONE_2_KHERSON_DELTA,2023-06-30,P42_FLOODPLAIN_DOMAIN,144.0,0.0,0.0,0.02,0.0,0.53
ZONE_4_DAM_TO_KHERSON_FLOODWAY,2023-07-01,DNIPRO_CORRIDOR,169.9,0.0,0.0,0.0,0.0,0.48
ZONE_4_DAM_TO_KHERSON_FLOODWAY,2023-07-01,INHULETS_VALLEY_rect,20.3,0.0,0.0,0.0,0.0,0.48
ZONE_4_DAM_TO_KHERSON_FLOODWAY,2023-07-01,P42_FLOODPLAIN_DOMAIN,161.1,0.0,0.0,0.0,0.0,0.48
ZONE_2_KHERSON_DELTA,2023-07-01,DNIPRO_CORRIDOR,339.9,1.1,0.01,0.01,1.1,0.48
ZONE_2_KHERSON_DELTA,2023-07-01,INHULETS_VALLEY_rect,0.0,0.0,0.0,0.0,0.0,0.48
ZONE_2_KHERSON_DELTA,2023-07-01,P42_FLOODPLAIN_DOMAIN,144.3,0.1,0.0,0.03,0.1,0.48
ZONE_4_DAM_TO_KHERSON_FLOODWAY,2023-07-02,DNIPRO_CORRIDOR,160.7,0.0,0.0,0.0,0.0,0.43
ZONE_4_DAM_TO_KHERSON_FLOODWAY,2023-07-02,INHULETS_VALLEY_rect,19.2,0.0,0.0,0.0,0.0,0.43
ZONE_4_DAM_TO_KHERSON_FLOODWAY,2023-07-02,P42_FLOODPLAIN_DOMAIN,152.4,0.0,0.0,0.0,0.0,0.43
ZONE_2_KHERSON_DELTA,2023-07-02,DNIPRO_CORRIDOR,329.2,0.0,0.0,0.03,0.0,0.43
ZONE_2_KHERSON_DELTA,2023-07-02,INHULETS_VALLEY_rect,0.0,0.0,0.0,0.0,0.0,0.43
ZONE_2_KHERSON_DELTA,2023-07-02,P42_FLOODPLAIN_DOMAIN,138.3,0.0,0.0,0.01,0.0,0.43
ZONE_4_DAM_TO_KHERSON_FLOODWAY,2023-07-03,DNIPRO_CORRIDOR,159.4,0.0,0.0,0.0,0.0,0.41
ZONE_4_DAM_TO_KHERSON_FLOODWAY,2023-07-03,INHULETS_VALLEY_rect,19.6,0.0,0.0,0.0,0.0,0.41
ZONE_4_DAM_TO_KHERSON_FLOODWAY,2023-07-03,P42_FLOODPLAIN_DOMAIN,151.1,0.0,0.0,0.0,0.0,0.41
ZONE_2_KHERSON_DELTA,2023-07-03,DNIPRO_CORRIDOR,323.3,0.0,0.0,0.06,0.0,0.41
ZONE_2_KHERSON_DELTA,2023-07-03,INHULETS_VALLEY_rect,0.0,0.0,0.0,0.0,0.0,0.41
ZONE_2_KHERSON_DELTA,2023-07-03,P42_FLOODPLAIN_DOMAIN,136.2,0.0,0.0,0.01,0.0,0.41
ZONE_4_DAM_TO_KHERSON_FLOODWAY,2023-07-04,DNIPRO_CORRIDOR,151.1,0.0,0.0,0.0,0.0,0.34
ZONE_4_DAM_TO_KHERSON_FLOODWAY,2023-07-04,INHULETS_VALLEY_rect,18.3,0.0,0.0,0.0,0.0,0.34
ZONE_4_DAM_TO_KHERSON_FLOODWAY,2023-07-04,P42_FLOODPLAIN_DOMAIN,143.3,0.0,0.0,0.0,0.0,0.34
ZONE_2_KHERSON_DELTA,2023-07-04,DNIPRO_CORRIDOR,308.5,0.0,0.0,0.02,0.0,0.34
ZONE_2_KHERSON_DELTA,2023-07-04,INHULETS_VALLEY_rect,0.0,0.0,0.0,0.0,0.0,0.34
ZONE_2_KHERSON_DELTA,2023-07-04,P42_FLOODPLAIN_DOMAIN,128.2,0.0,0.0,0.0,0.0,0.34
ZONE_4_DAM_TO_KHERSON_FLOODWAY,2023-07-05,DNIPRO_CORRIDOR,141.3,0.0,0.0,0.0,0.0,0.33
ZONE_4_DAM_TO_KHERSON_FLOODWAY,2023-07-05,INHULETS_VALLEY_rect,16.5,0.0,0.0,0.0,0.0,0.33
ZONE_4_DAM_TO_KHERSON_FLOODWAY,2023-07-05,P42_FLOODPLAIN_DOMAIN,134.1,0.0,0.0,0.0,0.0,0.33
ZONE_2_KHERSON_DELTA,2023-07-05,DNIPRO_CORRIDOR,290.7,0.0,0.0,0.0,0.0,0.33
ZONE_2_KHERSON_DELTA,2023-07-05,INHULETS_VALLEY_rect,0.0,0.0,0.0,0.0,0.0,0.33
ZONE_2_KHERSON_DELTA,2023-07-05,P42_FLOODPLAIN_DOMAIN,118.0,0.0,0.0,0.0,0.0,0.33
ZONE_4_DAM_TO_KHERSON_FLOODWAY,2023-07-06,DNIPRO_CORRIDOR,132.6,0.0,0.0,0.0,0.0,0.26
ZONE_4_DAM_TO_KHERSON_FLOODWAY,2023-07-06,INHULETS_VALLEY_rect,17.4,0.0,0.0,0.0,0.0,0.26
ZONE_4_DAM_TO_KHERSON_FLOODWAY,2023-07-06,P42_FLOODPLAIN_DOMAIN,125.6,0.0,0.0,0.0,0.0,0.26
ZONE_2_KHERSON_DELTA,2023-07-06,DNIPRO_CORRIDOR,276.2,0.0,0.0,0.0,0.0,0.26
ZONE_2_KHERSON_DELTA,2023-07-06,INHULETS_VALLEY_rect,0.0,0.0,0.0,0.0,0.0,0.26
ZONE_2_KHERSON_DELTA,2023-07-06,P42_FLOODPLAIN_DOMAIN,109.1,0.0,0.0,0.0,0.0,0.26
ZONE_4_DAM_TO_KHERSON_FLOODWAY,2023-07-07,DNIPRO_CORRIDOR,132.3,0.0,0.0,0.0,0.0,0.33
ZONE_4_DAM_TO_KHERSON_FLOODWAY,2023-07-07,INHULETS_VALLEY_rect,18.1,0.0,0.0,0.0,0.0,0.33
ZONE_4_DAM_TO_KHERSON_FLOODWAY,2023-07-07,P42_FLOODPLAIN_DOMAIN,125.4,0.0,0.0,0.0,0.0,0.33
ZONE_2_KHERSON_DELTA,2023-07-07,DNIPRO_CORRIDOR,272.9,0.0,0.0,0.0,0.0,0.33
ZONE_2_KHERSON_DELTA,2023-07-07,INHULETS_VALLEY_rect,0.0,0.0,0.0,0.0,0.0,0.33
ZONE_2_KHERSON_DELTA,2023-07-07,P42_FLOODPLAIN_DOMAIN,108.3,0.0,0.0,0.0,0.0,0.33
ZONE_4_DAM_TO_KHERSON_FLOODWAY,2023-07-08,DNIPRO_CORRIDOR,138.9,0.0,0.0,0.0,0.0,0.33
ZONE_4_DAM_TO_KHERSON_FLOODWAY,2023-07-08,INHULETS_VALLEY_rect,17.2,0.0,0.0,0.0,0.0,0.33
ZONE_4_DAM_TO_KHERSON_FLOODWAY,2023-07-08,P42_FLOODPLAIN_DOMAIN,131.6,0.0,0.0,0.0,0.0,0.33
ZONE_2_KHERSON_DELTA,2023-07-08,DNIPRO_CORRIDOR,274.8,0.0,0.0,0.0,0.0,0.33
ZONE_2_KHERSON_DELTA,2023-07-08,INHULETS_VALLEY_rect,0.0,0.0,0.0,0.0,0.0,0.33
ZONE_2_KHERSON_DELTA,2023-07-08,P42_FLOODPLAIN_DOMAIN,109.8,0.0,0.0,0.0,0.0,0.33
ZONE_4_DAM_TO_KHERSON_FLOODWAY,2023-07-09,DNIPRO_CORRIDOR,123.5,0.0,0.0,0.0,0.0,0.19
ZONE_4_DAM_TO_KHERSON_FLOODWAY,2023-07-09,INHULETS_VALLEY_rect,14.0,0.0,0.0,0.0,0.0,0.19
ZONE_4_DAM_TO_KHERSON_FLOODWAY,2023-07-09,P42_FLOODPLAIN_DOMAIN,117.2,0.0,0.0,0.0,0.0,0.19
ZONE_2_KHERSON_DELTA,2023-07-09,DNIPRO_CORRIDOR,239.7,0.0,0.0,0.0,0.0,0.19
ZONE_2_KHERSON_DELTA,2023-07-09,INHULETS_VALLEY_rect,0.0,0.0,0.0,0.0,0.0,0.19
ZONE_2_KHERSON_DELTA,2023-07-09,P42_FLOODPLAIN_DOMAIN,86.4,0.0,0.0,0.0,0.0,0.19
ZONE_4_DAM_TO_KHERSON_FLOODWAY,2023-07-10,DNIPRO_CORRIDOR,135.4,0.0,0.0,0.0,0.0,0.35
ZONE_4_DAM_TO_KHERSON_FLOODWAY,2023-07-10,INHULETS_VALLEY_rect,17.4,0.0,0.0,0.0,0.0,0.35
ZONE_4_DAM_TO_KHERSON_FLOODWAY,2023-07-10,P42_FLOODPLAIN_DOMAIN,128.3,0.0,0.0,0.0,0.0,0.35
ZONE_2_KHERSON_DELTA,2023-07-10,DNIPRO_CORRIDOR,267.7,0.0,0.0,0.0,0.0,0.35
ZONE_2_KHERSON_DELTA,2023-07-10,INHULETS_VALLEY_rect,0.0,0.0,0.0,0.0,0.0,0.35
ZONE_2_KHERSON_DELTA,2023-07-10,P42_FLOODPLAIN_DOMAIN,111.7,0.0,0.0,0.0,0.0,0.35
