date,support_kind,km2,share_of_corridor_base,km2_water,km2_gauge_capped
2023-05-26,nodes_within_3km,644.1,0.1353,287.9,0.0
2023-05-26,nearest_node_fallback,4116.8,0.8647,240.5,1404.2
2023-05-26,no_water_surface,0.0,0.0,0.0,0.0
2023-05-27,nodes_within_3km,644.1,0.1353,288.8,0.0
2023-05-27,nearest_node_fallback,4116.8,0.8647,240.8,1404.2
2023-05-27,no_water_surface,0.0,0.0,0.0,0.0
2023-05-28,nodes_within_3km,644.1,0.1353,287.4,0.0
2023-05-28,nearest_node_fallback,4116.8,0.8647,240.7,1404.2
2023-05-28,no_water_surface,0.0,0.0,0.0,0.0
2023-05-29,nodes_within_3km,644.1,0.1353,286.9,0.0
2023-05-29,nearest_node_fallback,4116.8,0.8647,247.6,1404.2
2023-05-29,no_water_surface,0.0,0.0,0.0,0.0
2023-05-30,nodes_within_3km,644.1,0.1353,288.3,0.0
2023-05-30,nearest_node_fallback,4116.8,0.8647,244.7,1404.2
2023-05-30,no_water_surface,0.0,0.0,0.0,0.0
2023-05-31,nodes_within_3km,644.1,0.1353,287.0,0.0
2023-05-31,nearest_node_fallback,4116.8,0.8647,241.1,1404.2
2023-05-31,no_water_surface,0.0,0.0,0.0,0.0
2023-06-01,nodes_within_3km,644.1,0.1353,289.4,0.0
2023-06-01,nearest_node_fallback,4116.8,0.8647,243.7,1404.2
2023-06-01,no_water_surface,0.0,0.0,0.0,0.0
2023-06-02,nodes_within_3km,644.1,0.1353,290.7,0.0
2023-06-02,nearest_node_fallback,4116.8,0.8647,245.7,1404.2
2023-06-02,no_water_surface,0.0,0.0,0.0,0.0
2023-06-03,nodes_within_3km,644.1,0.1353,289.6,0.0
2023-06-03,nearest_node_fallback,4116.8,0.8647,245.7,1404.2
2023-06-03,no_water_surface,0.0,0.0,0.0,0.0
2023-06-04,nodes_within_3km,644.1,0.1353,270.1,0.0
2023-06-04,nearest_node_fallback,4116.8,0.8647,214.2,1404.2
2023-06-04,no_water_surface,0.0,0.0,0.0,0.0
2023-06-05,nodes_within_3km,644.1,0.1353,272.3,0.0
2023-06-05,nearest_node_fallback,4116.8,0.8647,229.1,1404.2
2023-06-05,no_water_surface,0.0,0.0,0.0,0.0
2023-06-06,nodes_within_3km,644.1,0.1353,350.0,0.0
2023-06-06,nearest_node_fallback,4116.8,0.8647,374.7,1404.2
2023-06-06,no_water_surface,0.0,0.0,0.0,0.0
2023-06-07,nodes_within_3km,644.1,0.1353,371.1,0.0
2023-06-07,nearest_node_fallback,4116.8,0.8647,425.5,1404.2
2023-06-07,no_water_surface,0.0,0.0,0.0,0.0
2023-06-08,nodes_within_3km,644.1,0.1353,372.5,0.0
2023-06-08,nearest_node_fallback,4116.8,0.8647,423.1,1404.2
2023-06-08,no_water_surface,0.0,0.0,0.0,0.0
2023-06-09,nodes_within_3km,644.1,0.1353,366.6,0.0
2023-06-09,nearest_node_fallback,4116.8,0.8647,373.8,1404.2
2023-06-09,no_water_surface,0.0,0.0,0.0,0.0
2023-06-10,nodes_within_3km,644.1,0.1353,360.0,0.0
2023-06-10,nearest_node_fallback,4116.8,0.8647,340.4,1404.2
2023-06-10,no_water_surface,0.0,0.0,0.0,0.0
2023-06-11,nodes_within_3km,644.1,0.1353,353.1,0.0
2023-06-11,nearest_node_fallback,4116.8,0.8647,320.0,1404.2
2023-06-11,no_water_surface,0.0,0.0,0.0,0.0
2023-06-12,nodes_within_3km,644.1,0.1353,348.4,0.0
2023-06-12,nearest_node_fallback,4116.8,0.8647,309.5,1404.2
2023-06-12,no_water_surface,0.0,0.0,0.0,0.0
2023-06-13,nodes_within_3km,644.1,0.1353,342.6,0.0
2023-06-13,nearest_node_fallback,4116.8,0.8647,297.8,1404.2
2023-06-13,no_water_surface,0.0,0.0,0.0,0.0
2023-06-14,nodes_within_3km,644.1,0.1353,335.6,0.0
2023-06-14,nearest_node_fallback,4116.8,0.8647,282.5,1404.2
2023-06-14,no_water_surface,0.0,0.0,0.0,0.0
2023-06-15,nodes_within_3km,644.1,0.1353,330.9,0.0
2023-06-15,nearest_node_fallback,4116.8,0.8647,272.3,1404.2
2023-06-15,no_water_surface,0.0,0.0,0.0,0.0
2023-06-16,nodes_within_3km,644.1,0.1353,325.5,0.0
2023-06-16,nearest_node_fallback,4116.8,0.8647,260.8,1404.2
2023-06-16,no_water_surface,0.0,0.0,0.0,0.0
2023-06-17,nodes_within_3km,644.1,0.1353,320.7,0.0
2023-06-17,nearest_node_fallback,4116.8,0.8647,253.3,1404.2
2023-06-17,no_water_surface,0.0,0.0,0.0,0.0
2023-06-18,nodes_within_3km,644.1,0.1353,315.0,0.0
2023-06-18,nearest_node_fallback,4116.8,0.8647,246.9,1404.2
2023-06-18,no_water_surface,0.0,0.0,0.0,0.0
2023-06-19,nodes_within_3km,644.1,0.1353,309.2,0.0
2023-06-19,nearest_node_fallback,4116.8,0.8647,243.5,1404.2
2023-06-19,no_water_surface,0.0,0.0,0.0,0.0
2023-06-20,nodes_within_3km,644.1,0.1353,300.6,0.0
2023-06-20,nearest_node_fallback,4116.8,0.8647,239.2,1404.2
2023-06-20,no_water_surface,0.0,0.0,0.0,0.0
2023-06-21,nodes_within_3km,644.1,0.1353,291.9,0.0
2023-06-21,nearest_node_fallback,4116.8,0.8647,235.2,1404.2
2023-06-21,no_water_surface,0.0,0.0,0.0,0.0
2023-06-22,nodes_within_3km,644.1,0.1353,278.6,0.0
2023-06-22,nearest_node_fallback,4116.8,0.8647,232.4,1404.2
2023-06-22,no_water_surface,0.0,0.0,0.0,0.0
2023-06-23,nodes_within_3km,644.1,0.1353,259.9,0.0
2023-06-23,nearest_node_fallback,4116.8,0.8647,228.9,1404.2
2023-06-23,no_water_surface,0.0,0.0,0.0,0.0
2023-06-24,nodes_within_3km,644.1,0.1353,260.8,0.0
2023-06-24,nearest_node_fallback,4116.8,0.8647,232.3,1404.2
2023-06-24,no_water_surface,0.0,0.0,0.0,0.0
2023-06-25,nodes_within_3km,644.1,0.1353,254.0,0.0
2023-06-25,nearest_node_fallback,4116.8,0.8647,234.0,1404.2
2023-06-25,no_water_surface,0.0,0.0,0.0,0.0
2023-06-26,nodes_within_3km,644.1,0.1353,253.9,0.0
2023-06-26,nearest_node_fallback,4116.8,0.8647,233.4,1404.2
2023-06-26,no_water_surface,0.0,0.0,0.0,0.0
2023-06-27,nodes_within_3km,644.1,0.1353,248.3,0.0
2023-06-27,nearest_node_fallback,4116.8,0.8647,235.8,1404.2
2023-06-27,no_water_surface,0.0,0.0,0.0,0.0
2023-06-28,nodes_within_3km,644.1,0.1353,254.2,0.0
2023-06-28,nearest_node_fallback,4116.8,0.8647,238.5,1404.2
2023-06-28,no_water_surface,0.0,0.0,0.0,0.0
2023-06-29,nodes_within_3km,644.1,0.1353,260.0,0.0
2023-06-29,nearest_node_fallback,4116.8,0.8647,240.2,1404.2
2023-06-29,no_water_surface,0.0,0.0,0.0,0.0
2023-06-30,nodes_within_3km,644.1,0.1353,261.2,0.0
2023-06-30,nearest_node_fallback,4116.8,0.8647,243.7,1404.2
2023-06-30,no_water_surface,0.0,0.0,0.0,0.0
2023-07-01,nodes_within_3km,644.1,0.1353,262.5,0.0
2023-07-01,nearest_node_fallback,4116.8,0.8647,247.3,1404.2
2023-07-01,no_water_surface,0.0,0.0,0.0,0.0
2023-07-02,nodes_within_3km,644.1,0.1353,249.3,0.0
2023-07-02,nearest_node_fallback,4116.8,0.8647,240.5,1404.2
2023-07-02,no_water_surface,0.0,0.0,0.0,0.0
2023-07-03,nodes_within_3km,644.1,0.1353,246.3,0.0
2023-07-03,nearest_node_fallback,4116.8,0.8647,236.4,1404.2
2023-07-03,no_water_surface,0.0,0.0,0.0,0.0
2023-07-04,nodes_within_3km,644.1,0.1353,231.7,0.0
2023-07-04,nearest_node_fallback,4116.8,0.8647,228.0,1404.2
2023-07-04,no_water_surface,0.0,0.0,0.0,0.0
2023-07-05,nodes_within_3km,644.1,0.1353,213.9,0.0
2023-07-05,nearest_node_fallback,4116.8,0.8647,218.1,1404.2
2023-07-05,no_water_surface,0.0,0.0,0.0,0.0
2023-07-06,nodes_within_3km,644.1,0.1353,199.7,0.0
2023-07-06,nearest_node_fallback,4116.8,0.8647,209.2,1404.2
2023-07-06,no_water_surface,0.0,0.0,0.0,0.0
2023-07-07,nodes_within_3km,644.1,0.1353,199.2,0.0
2023-07-07,nearest_node_fallback,4116.8,0.8647,205.9,1404.2
2023-07-07,no_water_surface,0.0,0.0,0.0,0.0
2023-07-08,nodes_within_3km,644.1,0.1353,206.3,0.0
2023-07-08,nearest_node_fallback,4116.8,0.8647,207.5,1404.2
2023-07-08,no_water_surface,0.0,0.0,0.0,0.0
2023-07-09,nodes_within_3km,644.1,0.1353,179.9,0.0
2023-07-09,nearest_node_fallback,4116.8,0.8647,183.4,1404.2
2023-07-09,no_water_surface,0.0,0.0,0.0,0.0
2023-07-10,nodes_within_3km,644.1,0.1353,205.8,0.0
2023-07-10,nearest_node_fallback,4116.8,0.8647,197.4,1404.2
2023-07-10,no_water_surface,0.0,0.0,0.0,0.0
