date,source,semantics,water_km2,observed_frac,vh_threshold_db,mapped,orbits,iou_vs_model,model_km2_on_observed,regime,yi2025_digitised_km2
2023-02-10,S2_WATER3,observed_S2,1835.9,0.878,,False,,,,PRE_BREACH,
2023-05-06,S2_WATER3,observed_S2,2110.1,0.994,,True,,,,PRE_BREACH,
2023-05-11,S2_WATER3,observed_S2,1142.4,0.539,,False,,,,PRE_BREACH,
2023-05-16,S2_WATER3,observed_S2,22.6,0.013,,False,,,,PRE_BREACH,
2023-05-18,S2_WATER3,observed_S2,0.0,0.0,,False,,,,PRE_BREACH,
2023-05-19,S2_WATER3,observed_S2,349.1,0.161,,False,,,,PRE_BREACH,
2023-05-26,MODEL,terrain_reconstructed,2136.4,1.0,,,,,,,
2023-05-27,MODEL,terrain_reconstructed,2136.4,1.0,,,,,,,
2023-05-28,MODEL,terrain_reconstructed,2135.9,1.0,,,,,,,
2023-05-29,MODEL,terrain_reconstructed,2135.9,1.0,,,,,,,
2023-05-30,MODEL,terrain_reconstructed,2136.0,1.0,,,,,,,
2023-05-31,MODEL,terrain_reconstructed,2135.8,1.0,,,,,,,
2023-06-01,MODEL,terrain_reconstructed,2135.7,1.0,,,,,,,
2023-06-01,S1,observed_S1,1964.1,0.929,-17.25,True,orb65_DES,0.984,1978.9,,
2023-06-02,MODEL,terrain_reconstructed,2135.3,1.0,,,,,,,
2023-06-02,S1,observed_S1,36.1,0.017,-17.75,False,orb87_ASC,0.986,36.3,,
2023-06-03,MODEL,terrain_reconstructed,2135.0,1.0,,,,,,,
2023-06-04,MODEL,terrain_reconstructed,2116.2,1.0,,,,,,,
2023-06-04,S1,observed_S1,1495.4,0.714,-17.75,True,orb116_ASC,0.973,1495.7,,
2023-06-05,MODEL,terrain_reconstructed,2132.1,1.0,,,,,,,
2023-06-05,S2_WATER3,observed_S2,2106.2,0.994,,True,,0.984,2125.0,PRE_BREACH,
2023-06-06,MODEL,terrain_reconstructed,2091.8,1.0,,,,,,,
2023-06-07,MODEL,terrain_reconstructed,2053.8,1.0,,,,,,,
2023-06-08,MODEL,terrain_reconstructed,2012.3,1.0,,,,,,,2089.2
2023-06-08,S1,observed_S1,1704.6,0.791,-19.05,True,orb167_DES,0.967,1654.2,,2089.2
2023-06-08,S2_CROSSCHECK,observed_S2,708.9,0.369,,,,,,,2089.2
2023-06-09,MODEL,terrain_reconstructed,1964.6,1.0,,,,,,,
2023-06-09,S1,observed_S1,2087.1,1.0,-18.75,True,orb14_ASC,0.928,1963.8,,
2023-06-10,MODEL,terrain_reconstructed,1915.7,1.0,,,,,,,1848.84
2023-06-11,MODEL,terrain_reconstructed,1871.1,1.0,,,,,,,
2023-06-12,MODEL,terrain_reconstructed,1829.4,1.0,,,,,,,
2023-06-13,MODEL,terrain_reconstructed,1820.8,1.0,,,,,,,
2023-06-13,S1,observed_S1,1937.5,0.929,-16.95,True,orb65_DES,0.851,1680.9,,
2023-06-13,S2_CROSSCHECK,observed_S2,287.8,0.171,,,,,,,
2023-06-14,S1,observed_S1,35.8,0.017,-17.45,False,orb87_ASC,,,,
2023-06-15,S2_CROSSCHECK,observed_S2,140.2,0.077,,,,,,,
2023-06-16,S1,observed_S1,1487.0,0.714,-17.05,True,orb116_ASC,,,,
2023-06-20,S1,observed_S1,1702.4,0.791,-18.15,True,orb167_DES,,,,824.76
2023-06-20,S2_CROSSCHECK,observed_S2,647.6,1.0,,,,,,,824.76
2023-06-21,S1,observed_S1,2077.2,1.0,-18.15,True,orb14_ASC,,,,
2023-06-30,S2_WATER3,observed_S2,73.8,0.07,,False,,,,BREACH_DRAWDOWN,369.42
2023-07-05,S2_WATER3,observed_S2,720.9,0.932,,True,,,,BREACH_DRAWDOWN,
2023-07-25,S2_WATER3,observed_S2,0.0,0.0,,False,,,,BREACH_DRAWDOWN,
2023-08-04,S2_WATER3,observed_S2,349.7,0.48,,False,,,,BREACH_DRAWDOWN,
2023-08-06,S2_WATER3,observed_S2,0.0,0.0,,False,,,,BREACH_DRAWDOWN,
2023-08-12,S2_WATER3,observed_S2,44.8,0.051,,False,,,,BREACH_DRAWDOWN,
2023-08-17,S2_WATER3,observed_S2,314.8,0.533,,True,,,,BREACH_DRAWDOWN,
2023-08-27,S2_WATER3,observed_S2,58.8,0.07,,False,,,,BREACH_DRAWDOWN,
2023-09-08,S2_WATER3,observed_S2,298.1,0.993,,True,,,,POST_BREACH,
2023-09-23,S2_WATER3,observed_S2,70.3,0.546,,False,,,,POST_BREACH,
2023-09-28,S2_WATER3,observed_S2,115.3,0.543,,False,,,,POST_BREACH,
2023-10-03,S2_WATER3,observed_S2,22.7,0.546,,False,,,,POST_BREACH,
2023-11-07,S2_WATER3,observed_S2,138.5,0.545,,False,,,,POST_BREACH,
