date,H_rozumivka_m,H_grealm_m,H_icesat2_m,H_outlet_m,H_nikopol_m,H_kherson_m,H_below_dam_0_5km_m,head_across_dam_m,pool_minus_kherson_m,gradient_m,phase,rozumivka_source,outlet_level_bs_m,V_design_at_outlet_km3,A_design_at_outlet_km2,nikopol_level_bs_m,V_design_at_nikopol_km3,A_design_at_nikopol_km2,rozumivka_level_bs_m,V_design_at_rozumivka_km3,A_design_at_rozumivka_km2,grealm_level_bs_m,V_design_at_grealm_km3,A_design_at_grealm_km2,icesat2_level_bs_m,V_design_at_icesat2_km3,A_design_at_icesat2_km2,V_design_range_km3,released_design_from_outlet_km3,released_design_from_rozumivka_km3,V_design_km3,A_design_km2,Q_in_dniprohes_m3s,Q_in_hm3_day,dV_design_hm3_day,Q_out_design_m3s,Q_out_design_rozumivka_m3s,design_defined,note
2023-02-01,14.129,,,,,,,,,,pre-breach,k5 gauge 80959 terms 08/20 mean,,,,,,,13.944,13.868,2035.0,,,,,,,,,6.919,13.868,2035.0,1310.0,113.2,,,,False,outlet level below 10.0 m (Table 19 undefined) -- no design volume
2023-02-02,14.134,,,,,,,,,,pre-breach,k5 gauge 80959 terms 08/20 mean,,,,,,,13.949,13.878,2035.0,,,,,,,,,6.909,13.878,2035.0,2020.0,174.5,10.0,1904.0,,False,outlet level below 10.0 m (Table 19 undefined) -- no design volume
2023-02-03,14.089,,,,,,,,,,pre-breach,k5 gauge 80959 terms 08/20 mean,,,,,,,13.904,13.788,2030.0,,,,,,,,,6.999,13.788,2030.0,1720.0,148.6,-90.0,2762.0,,False,outlet level below 10.0 m (Table 19 undefined) -- no design volume
2023-02-04,14.059,,,,,,,,,,pre-breach,k5 gauge 80959 terms 08/20 mean,,,,,,,13.874,13.728,2027.0,,,,,,,,,7.059,13.728,2027.0,1080.0,93.3,-60.0,1774.0,,False,outlet level below 10.0 m (Table 19 undefined) -- no design volume
2023-02-05,14.029,,,,,,,,,,pre-breach,k5 gauge 80959 terms 08/20 mean,,,,,,,13.844,13.668,2023.0,,,,,,,,,7.119,13.668,2023.0,1890.0,163.3,-60.0,2584.0,,False,outlet level below 10.0 m (Table 19 undefined) -- no design volume
2023-02-06,14.009,,,,,,,,,,pre-breach,k5 gauge 80959 terms 08/20 mean,,,,,,,13.824,13.628,2021.0,,,,,,,,,7.159,13.628,2021.0,2150.0,185.8,-40.0,2613.0,,False,outlet level below 10.0 m (Table 19 undefined) -- no design volume
2023-02-07,13.979,,,,,,,,,,pre-breach,k5 gauge 80959 terms 08/20 mean,,,,,,,13.794,13.568,2018.0,,,,,,,,,7.219,13.568,2018.0,2040.0,176.3,-60.0,2735.0,,False,outlet level below 10.0 m (Table 19 undefined) -- no design volume
2023-02-08,13.934,,,,,,,,,,pre-breach,k5 gauge 80959 terms 08/20 mean,,,,,,,13.749,13.478,2012.0,,,,,,,,,7.309,13.478,2012.0,2040.0,176.3,-90.0,3082.0,,False,outlet level below 10.0 m (Table 19 undefined) -- no design volume
2023-02-09,14.109,,,,,,,,,,pre-breach,k5 gauge 80959 terms 08/20 mean,,,,,,,13.924,13.828,2032.0,,,,,,,,,6.959,13.828,2032.0,2270.0,196.1,350.0,-1781.0,,False,outlet level below 10.0 m (Table 19 undefined) -- no design volume
2023-02-10,14.069,,,,,,,,,,pre-breach,k5 gauge 80959 terms 08/20 mean,,,,,,,13.884,13.748,2028.0,,,,,,,,,7.039,13.748,2028.0,2170.0,187.5,-80.0,3096.0,,False,outlet level below 10.0 m (Table 19 undefined) -- no design volume
2023-02-11,14.119,,,,,,,,,,pre-breach,k5 gauge 80959 terms 08/20 mean,,,,,,,13.934,13.848,2033.0,,,,,,,,,6.939,13.848,2033.0,2150.0,185.8,100.0,993.0,,False,outlet level below 10.0 m (Table 19 undefined) -- no design volume
2023-02-12,13.959,,,,,,,,,,pre-breach,k5 gauge 80959 terms 08/20 mean,,,,,,,13.774,13.528,2015.0,,,,,,,,,7.259,13.528,2015.0,1480.0,127.9,-320.0,5184.0,,False,outlet level below 10.0 m (Table 19 undefined) -- no design volume
2023-02-13,14.009,,,,,,,,,,pre-breach,k5 gauge 80959 terms 08/20 mean,,,,,,,13.824,13.628,2021.0,,,,,,,,,7.159,13.628,2021.0,1900.0,164.2,100.0,743.0,,False,outlet level below 10.0 m (Table 19 undefined) -- no design volume
2023-02-14,14.154,,,,,,,,,,pre-breach,k5 gauge 80959 terms 08/20 mean,,,,,,,13.969,13.918,2037.0,,,,,,,,,6.869,13.918,2037.0,2130.0,184.0,290.0,-1227.0,,False,outlet level below 10.0 m (Table 19 undefined) -- no design volume
2023-02-15,14.134,,,,,,,,,,pre-breach,k5 gauge 80959 terms 08/20 mean,,,,,,,13.949,13.878,2035.0,,,,,,,,,6.909,13.878,2035.0,2070.0,178.8,-40.0,2532.0,,False,outlet level below 10.0 m (Table 19 undefined) -- no design volume
2023-02-16,14.264,,,,,,,,,,pre-breach,k5 gauge 80959 terms 08/20 mean,,,,,,,14.079,14.143,2047.0,,,,,,,,,6.644,14.143,2047.0,2620.0,226.4,265.0,-447.0,,False,outlet level below 10.0 m (Table 19 undefined) -- no design volume
2023-02-17,14.244,,,,,,,,,,pre-breach,k5 gauge 80959 terms 08/20 mean,,,,,,,14.059,14.102,2045.0,,,,,,,,,6.685,14.102,2045.0,2580.0,222.9,-41.0,3054.0,,False,outlet level below 10.0 m (Table 19 undefined) -- no design volume
2023-02-18,14.199,,,,,,,,,,pre-breach,k5 gauge 80959 terms 08/20 mean,,,,,,,14.014,14.009,2042.0,,,,,,,,,6.778,14.009,2042.0,2110.0,182.3,-93.0,3186.0,,False,outlet level below 10.0 m (Table 19 undefined) -- no design volume
2023-02-19,14.179,,,,,,,,,,pre-breach,k5 gauge 80959 terms 08/20 mean,,,,,,,13.994,13.968,2040.0,,,,,,,,,6.819,13.968,2040.0,1910.0,165.0,-41.0,2384.0,,False,outlet level below 10.0 m (Table 19 undefined) -- no design volume
2023-02-20,14.224,,,,,,,,,,pre-breach,k5 gauge 80959 terms 08/20 mean,,,,,,,14.039,14.06,2044.0,,,,,,,,,6.727,14.06,2044.0,1700.0,146.9,92.0,635.0,,False,outlet level below 10.0 m (Table 19 undefined) -- no design volume
2023-02-21,14.399,,,,,,,,,,pre-breach,k5 gauge 80959 terms 08/20 mean,,,,,,,14.214,14.421,2056.0,,,,,,,,,6.366,14.421,2056.0,2110.0,182.3,361.0,-2068.0,,False,outlet level below 10.0 m (Table 19 undefined) -- no design volume
2023-02-22,14.324,,,,,,,,,,pre-breach,k5 gauge 80959 terms 08/20 mean,,,,,,,14.139,14.266,2051.0,,,,,,,,,6.521,14.266,2051.0,2420.0,209.1,-155.0,4214.0,,False,outlet level below 10.0 m (Table 19 undefined) -- no design volume
2023-02-23,14.384,,,,,,,,,,pre-breach,k5 gauge 80959 terms 08/20 mean,,,,,,,14.199,14.39,2055.0,,,,,,,,,6.397,14.39,2055.0,2490.0,215.1,124.0,1054.0,,False,outlet level below 10.0 m (Table 19 undefined) -- no design volume
2023-02-24,14.284,,,,,,,,,,pre-breach,k5 gauge 80959 terms 08/20 mean,,,,,,,14.099,14.184,2048.0,,,,,,,,,6.603,14.184,2048.0,1930.0,166.8,-206.0,4315.0,,False,outlet level below 10.0 m (Table 19 undefined) -- no design volume
2023-02-25,14.374,,,,,,,,,,pre-breach,k5 gauge 80959 terms 08/20 mean,,,,,,,14.189,14.369,2055.0,,,,,,,,,6.418,14.369,2055.0,1930.0,166.8,185.0,-211.0,,False,outlet level below 10.0 m (Table 19 undefined) -- no design volume
2023-02-26,14.364,,,,,,,,,,pre-breach,k5 gauge 80959 terms 08/20 mean,,,,,,,14.179,14.349,2054.0,,,,,,,,,6.438,14.349,2054.0,1980.0,171.1,-20.0,2212.0,,False,outlet level below 10.0 m (Table 19 undefined) -- no design volume
2023-02-27,14.324,,,,,,,,,,pre-breach,k5 gauge 80959 terms 08/20 mean,,,,,,,14.139,14.266,2051.0,,,,,,,,,6.521,14.266,2051.0,1930.0,166.8,-83.0,2891.0,,False,outlet level below 10.0 m (Table 19 undefined) -- no design volume
2023-02-28,14.459,,,,,,,,,,pre-breach,k5 gauge 80959 terms 08/20 mean,,,,,,,14.274,14.544,2061.0,,,,,,,,,6.243,14.544,2061.0,2230.0,192.7,278.0,-987.0,,False,outlet level below 10.0 m (Table 19 undefined) -- no design volume
2023-03-01,14.579,,,,,,,,,,pre-breach,k5 gauge 80959 terms 08/20 mean,,,,,,,14.394,14.792,2069.0,,,,,,,,,5.995,14.792,2069.0,2570.0,222.0,248.0,-301.0,,False,outlet level below 10.0 m (Table 19 undefined) -- no design volume
2023-03-02,14.579,,,,,,,,,,pre-breach,k5 gauge 80959 terms 08/20 mean,,,,,,,14.394,14.792,2069.0,,,,,,,,,5.995,14.792,2069.0,2310.0,199.6,0.0,2310.0,,False,outlet level below 10.0 m (Table 19 undefined) -- no design volume
2023-03-03,14.674,,,,,,,,,,pre-breach,k5 gauge 80959 terms 08/20 mean,,,,,,,14.489,14.987,2076.0,,,,,,,,,5.8,14.987,2076.0,2460.0,212.5,195.0,203.0,,False,outlet level below 10.0 m (Table 19 undefined) -- no design volume
2023-03-04,14.749,,,,,,,,,,pre-breach,k5 gauge 80959 terms 08/20 mean,,,,,,,14.564,15.144,2081.0,,,,,,,,,5.643,15.144,2081.0,2220.0,191.8,157.0,403.0,,False,outlet level below 10.0 m (Table 19 undefined) -- no design volume
2023-03-05,14.544,,,,,,,,,,pre-breach,k5 gauge 80959 terms 08/20 mean,,,,,,,14.359,14.72,2067.0,,,,,,,,,6.067,14.72,2067.0,1550.0,133.9,-424.0,6457.0,,False,outlet level below 10.0 m (Table 19 undefined) -- no design volume
2023-03-06,14.654,,,,,,,,,,pre-breach,k5 gauge 80959 terms 08/20 mean,,,,,,,14.469,14.946,2075.0,,,,,,,,,5.841,14.946,2075.0,2240.0,193.5,226.0,-376.0,,False,outlet level below 10.0 m (Table 19 undefined) -- no design volume
2023-03-07,14.644,,,,,,,,,,pre-breach,k5 gauge 80959 terms 08/20 mean,,,,,,,14.459,14.926,2074.0,,,,,,,,,5.861,14.926,2074.0,2170.0,187.5,-20.0,2402.0,,False,outlet level below 10.0 m (Table 19 undefined) -- no design volume
2023-03-08,14.724,,,,,,,,,,pre-breach,k5 gauge 80959 terms 08/20 mean,,,,,,,14.539,15.092,2080.0,,,,,,,,,5.695,15.092,2080.0,2030.0,175.4,166.0,109.0,,False,outlet level below 10.0 m (Table 19 undefined) -- no design volume
2023-03-09,14.779,,,,,,,,,,pre-breach,k5 gauge 80959 terms 08/20 mean,,,,,,,14.594,15.207,2083.0,,,,,,,,,5.58,15.207,2083.0,1880.0,162.4,115.0,549.0,,False,outlet level below 10.0 m (Table 19 undefined) -- no design volume
2023-03-10,14.564,,,,,,,,,,pre-breach,k5 gauge 80959 terms 08/20 mean,,,,,,,14.379,14.761,2068.0,,,,,,,,,6.026,14.761,2068.0,1600.0,138.2,-446.0,6762.0,,False,outlet level below 10.0 m (Table 19 undefined) -- no design volume
2023-03-11,14.594,,,,,,,,,,pre-breach,k5 gauge 80959 terms 08/20 mean,,,,,,,14.409,14.823,2070.0,,,,,,,,,5.964,14.823,2070.0,1760.0,152.1,62.0,1043.0,,False,outlet level below 10.0 m (Table 19 undefined) -- no design volume
2023-03-12,14.659,,,,,,,,,,pre-breach,k5 gauge 80959 terms 08/20 mean,,,,,,,14.474,14.956,2075.0,,,,,,,,,5.831,14.956,2075.0,1820.0,157.2,133.0,280.0,,False,outlet level below 10.0 m (Table 19 undefined) -- no design volume
2023-03-13,14.599,,,,,,,,,,pre-breach,k5 gauge 80959 terms 08/20 mean,,,,,,,14.414,14.833,2071.0,,,,,,,,,5.954,14.833,2071.0,1770.0,152.9,-123.0,3193.0,,False,outlet level below 10.0 m (Table 19 undefined) -- no design volume
2023-03-14,14.589,,,,,,,,,,pre-breach,k5 gauge 80959 terms 08/20 mean,,,,,,,14.404,14.812,2070.0,,,,,,,,,5.975,14.812,2070.0,1770.0,152.9,-21.0,2013.0,,False,outlet level below 10.0 m (Table 19 undefined) -- no design volume
2023-03-15,14.704,,,,,,,,,,pre-breach,k5 gauge 80959 terms 08/20 mean,,,,,,,14.519,15.05,2078.0,,,,,,,,,5.737,15.05,2078.0,2120.0,183.2,238.0,-634.0,,False,outlet level below 10.0 m (Table 19 undefined) -- no design volume
2023-03-16,14.714,,,,,,,,,,pre-breach,k5 gauge 80959 terms 08/20 mean,,,,,,,14.529,15.071,2079.0,,,,,,,,,5.716,15.071,2079.0,2300.0,198.7,21.0,2057.0,,False,outlet level below 10.0 m (Table 19 undefined) -- no design volume
2023-03-17,14.759,,,,,,,,,,pre-breach,k5 gauge 80959 terms 08/20 mean,,,,,,,14.574,15.165,2082.0,,,,,,,,,5.622,15.165,2082.0,2400.0,207.4,94.0,1312.0,,False,outlet level below 10.0 m (Table 19 undefined) -- no design volume
2023-03-18,14.684,,,,,,,,,,pre-breach,k5 gauge 80959 terms 08/20 mean,,,,,,,14.499,15.008,2077.0,,,,,,,,,5.779,15.008,2077.0,2220.0,191.8,-157.0,4037.0,,False,outlet level below 10.0 m (Table 19 undefined) -- no design volume
2023-03-19,14.724,,,,,,,,,,pre-breach,k5 gauge 80959 terms 08/20 mean,,,,,,,14.539,15.092,2080.0,,,,,,,,,5.695,15.092,2080.0,2240.0,193.5,84.0,1267.0,,False,outlet level below 10.0 m (Table 19 undefined) -- no design volume
2023-03-20,14.734,,,,,,,,,,pre-breach,k5 gauge 80959 terms 08/20 mean,,,,,,,14.549,15.113,2080.0,,,,,,,,,5.674,15.113,2080.0,2330.0,201.3,21.0,2087.0,,False,outlet level below 10.0 m (Table 19 undefined) -- no design volume
2023-03-21,14.769,,,,,,,,,,pre-breach,k5 gauge 80959 terms 08/20 mean,,,,,,,14.584,15.186,2083.0,,,,,,,,,5.601,15.186,2083.0,2450.0,211.7,73.0,1605.0,,False,outlet level below 10.0 m (Table 19 undefined) -- no design volume
2023-03-22,14.749,,,,,,,,,,pre-breach,k5 gauge 80959 terms 08/20 mean,,,,,,,14.564,15.144,2081.0,,,,,,,,,5.643,15.144,2081.0,1900.0,164.2,-42.0,2387.0,,False,outlet level below 10.0 m (Table 19 undefined) -- no design volume
2023-03-23,14.769,,,,,,,,,,pre-breach,k5 gauge 80959 terms 08/20 mean,,,,,,,14.584,15.186,2083.0,,,,,,,,,5.601,15.186,2083.0,2100.0,181.4,42.0,1613.0,,False,outlet level below 10.0 m (Table 19 undefined) -- no design volume
2023-03-24,14.769,,,,,,,,,,pre-breach,k5 gauge 80959 terms 08/20 mean,,,,,,,14.584,15.186,2083.0,,,,,,,,,5.601,15.186,2083.0,2150.0,185.8,0.0,2150.0,,False,outlet level below 10.0 m (Table 19 undefined) -- no design volume
2023-03-25,14.814,,,,,,,,,,pre-breach,k5 gauge 80959 terms 08/20 mean,,,,,,,14.629,15.281,2086.0,,,,,,,,,5.506,15.281,2086.0,2400.0,207.4,95.0,1301.0,,False,outlet level below 10.0 m (Table 19 undefined) -- no design volume
2023-03-26,14.834,,,,,,,,,,pre-breach,k5 gauge 80959 terms 08/20 mean,,,,,,,14.649,15.323,2087.0,,,,,,,,,5.464,15.323,2087.0,2220.0,191.8,42.0,1734.0,,False,outlet level below 10.0 m (Table 19 undefined) -- no design volume
2023-03-27,14.844,,,,,,,,,,pre-breach,k5 gauge 80959 terms 08/20 mean,,,,,,,14.659,15.344,2087.0,,,,,,,,,5.443,15.344,2087.0,2460.0,212.5,21.0,2216.0,,False,outlet level below 10.0 m (Table 19 undefined) -- no design volume
2023-03-28,14.834,,,,,,,,,,pre-breach,k5 gauge 80959 terms 08/20 mean,,,,,,,14.649,15.323,2087.0,,,,,,,,,5.464,15.323,2087.0,2490.0,215.1,-21.0,2733.0,,False,outlet level below 10.0 m (Table 19 undefined) -- no design volume
2023-03-29,14.954,,,,,,,,,,pre-breach,k5 gauge 80959 terms 08/20 mean,,,,,,,14.769,15.575,2095.0,,,,,,,,,5.212,15.575,2095.0,2500.0,216.0,252.0,-417.0,,False,outlet level below 10.0 m (Table 19 undefined) -- no design volume
2023-03-30,14.949,,,,,,,,,,pre-breach,k5 gauge 80959 terms 08/20 mean,,,,,,,14.764,15.564,2094.0,,,,,,,,,5.223,15.564,2094.0,2080.0,179.7,-11.0,2207.0,,False,outlet level below 10.0 m (Table 19 undefined) -- no design volume
2023-03-31,14.974,,,,,,,,,,pre-breach,k5 gauge 80959 terms 08/20 mean,,,,,,,14.789,15.617,2096.0,,,,,,,,,5.17,15.617,2096.0,2490.0,215.1,53.0,1876.0,,False,outlet level below 10.0 m (Table 19 undefined) -- no design volume
2023-04-01,15.004,,,,,,,,,,pre-breach,k5 gauge 80959 terms 08/20 mean,,,,,,,14.819,15.68,2098.0,,,,,,,,,5.107,15.68,2098.0,2690.0,232.4,63.0,1961.0,,False,outlet level below 10.0 m (Table 19 undefined) -- no design volume
2023-04-02,15.014,,,,,,,,,,pre-breach,k5 gauge 80959 terms 08/20 mean,,,,,,,14.829,15.701,2099.0,,,,,,,,,5.086,15.701,2099.0,3080.0,266.1,21.0,2837.0,,False,outlet level below 10.0 m (Table 19 undefined) -- no design volume
2023-04-03,15.229,,,,,,,,,,pre-breach,k5 gauge 80959 terms 08/20 mean,,,,,,,15.044,16.153,2112.0,,,,,,,,,4.634,16.153,2112.0,3370.0,291.2,452.0,-1861.0,,False,outlet level below 10.0 m (Table 19 undefined) -- no design volume
2023-04-04,15.209,,,,,,,,,,pre-breach,k5 gauge 80959 terms 08/20 mean,,,,,,,15.024,16.111,2111.0,,,,,,,,,4.676,16.111,2111.0,3330.0,287.7,-42.0,3816.0,,False,outlet level below 10.0 m (Table 19 undefined) -- no design volume
2023-04-05,15.239,,,,,,,,,,pre-breach,k5 gauge 80959 terms 08/20 mean,,,,,,,15.054,16.174,2112.0,,,,,,,,,4.613,16.174,2112.0,3360.0,290.3,63.0,2631.0,,False,outlet level below 10.0 m (Table 19 undefined) -- no design volume
2023-04-06,15.344,,,,,,,,,,pre-breach,k5 gauge 80959 terms 08/20 mean,,,,,,,15.159,16.397,2117.0,,,,,,,,,4.39,16.397,2117.0,3480.0,300.7,223.0,899.0,,False,outlet level below 10.0 m (Table 19 undefined) -- no design volume
2023-04-07,15.359,,,,,,,,,,pre-breach,k5 gauge 80959 terms 08/20 mean,,,,,,,15.174,16.429,2118.0,,,,,,,,,4.358,16.429,2118.0,3470.0,299.8,32.0,3100.0,,False,outlet level below 10.0 m (Table 19 undefined) -- no design volume
2023-04-08,15.399,,,,,,,,,,pre-breach,k5 gauge 80959 terms 08/20 mean,,,,,,,15.214,16.514,2120.0,,,,,,,,,4.273,16.514,2120.0,3240.0,279.9,85.0,2256.0,,False,outlet level below 10.0 m (Table 19 undefined) -- no design volume
2023-04-09,15.359,,,,,,,,,,pre-breach,k5 gauge 80959 terms 08/20 mean,,,,,,,15.174,16.429,2118.0,,,,,,,,,4.358,16.429,2118.0,2800.0,241.9,-85.0,3784.0,,False,outlet level below 10.0 m (Table 19 undefined) -- no design volume
2023-04-10,15.454,,,,,,,,,,pre-breach,k5 gauge 80959 terms 08/20 mean,,,,,,,15.269,16.63,2122.0,,,,,,,,,4.157,16.63,2122.0,3210.0,277.3,201.0,883.0,,False,outlet level below 10.0 m (Table 19 undefined) -- no design volume
2023-04-11,15.424,,,,,,,,,,pre-breach,k5 gauge 80959 terms 08/20 mean,,,,,,,15.239,16.567,2121.0,,,,,,,,,4.22,16.567,2121.0,3200.0,276.5,-63.0,3929.0,,False,outlet level below 10.0 m (Table 19 undefined) -- no design volume
2023-04-12,15.624,,,,,,,,,,pre-breach,k5 gauge 80959 terms 08/20 mean,,,,,,,15.439,16.991,2130.0,,,,,,,,,3.796,16.991,2130.0,4010.0,346.5,424.0,-897.0,,False,outlet level below 10.0 m (Table 19 undefined) -- no design volume
2023-04-13,15.899,,,,,,,,,,pre-breach,k5 gauge 80959 terms 08/20 mean,,,,,,,15.714,17.578,2142.0,,,,,,,,,3.209,17.578,2142.0,4970.0,429.4,587.0,-1824.0,,False,outlet level below 10.0 m (Table 19 undefined) -- no design volume
2023-04-14,16.064,,,,,,,,,,pre-breach,k5 gauge 80959 terms 08/20 mean,,,,,,,15.879,17.931,2150.0,,,,,,,,,2.856,17.931,2150.0,5450.0,470.9,353.0,1365.0,,False,outlet level below 10.0 m (Table 19 undefined) -- no design volume
2023-04-15,16.179,,,,,,,,,,pre-breach,k5 gauge 80959 terms 08/20 mean,,,,,,,15.994,18.177,2155.0,,,,,,,,,2.61,18.177,2155.0,6090.0,526.2,246.0,3243.0,,False,outlet level below 10.0 m (Table 19 undefined) -- no design volume
2023-04-16,16.084,,,,,,,,,,pre-breach,k5 gauge 80959 terms 08/20 mean,,,,,,,15.899,17.974,2151.0,,,,,,,,,2.813,17.974,2151.0,4820.0,416.4,-203.0,7169.0,,False,outlet level below 10.0 m (Table 19 undefined) -- no design volume
2023-04-17,16.319,,,,,,,,,,pre-breach,k5 gauge 80959 terms 08/20 mean,,,,,,,16.134,18.479,2160.0,,,,,,,,,2.308,18.479,2160.0,5590.0,483.0,505.0,-255.0,,False,outlet level below 10.0 m (Table 19 undefined) -- no design volume
2023-04-18,16.444,,,,,,,,,,pre-breach,k5 gauge 80959 terms 08/20 mean,,,,,,,16.259,18.749,2164.0,,,,,,,,,2.038,18.749,2164.0,6090.0,526.2,270.0,2965.0,,False,outlet level below 10.0 m (Table 19 undefined) -- no design volume
2023-04-19,16.674,,,,,,,,,,pre-breach,k5 gauge 80959 terms 08/20 mean,,,,,,,16.489,19.246,2172.0,,,,,,,,,1.541,19.246,2172.0,6490.0,560.7,497.0,737.0,,False,outlet level below 10.0 m (Table 19 undefined) -- no design volume
2023-04-20,16.564,,,,,,,,,,pre-breach,k5 gauge 80959 terms 08/20 mean,,,,,,,16.379,19.009,2168.0,,,,,,,,,1.778,19.009,2168.0,5590.0,483.0,-237.0,8333.0,,False,outlet level below 10.0 m (Table 19 undefined) -- no design volume
2023-04-21,16.479,,,,,,,,,,pre-breach,k5 gauge 80959 terms 08/20 mean,,,,,,,16.294,18.825,2165.0,,,,,,,,,1.962,18.825,2165.0,4690.0,405.2,-184.0,6819.0,,False,outlet level below 10.0 m (Table 19 undefined) -- no design volume
2023-04-22,16.474,,,,,,,,,,pre-breach,k5 gauge 80959 terms 08/20 mean,,,,,,,16.289,18.814,2165.0,,,,,,,,,1.973,18.814,2165.0,3950.0,341.3,-11.0,4078.0,,False,outlet level below 10.0 m (Table 19 undefined) -- no design volume
2023-04-23,16.514,,,,,,,,,,pre-breach,k5 gauge 80959 terms 08/20 mean,,,,,,,16.329,18.901,2166.0,,,,,,,,,1.886,18.901,2166.0,3570.0,308.4,87.0,2562.0,,False,outlet level below 10.0 m (Table 19 undefined) -- no design volume
2023-04-24,16.694,,,,,,,,,,pre-breach,k5 gauge 80959 terms 08/20 mean,,,,,,,16.509,19.29,2172.0,,,,,,,,,1.497,19.29,2172.0,3700.0,319.7,389.0,-802.0,,False,outlet level below 10.0 m (Table 19 undefined) -- no design volume
2023-04-25,16.749,,,,,,,,,,pre-breach,k5 gauge 80959 terms 08/20 mean,,,,,,,16.564,19.41,2174.0,,,,,,,,,1.377,19.41,2174.0,3960.0,342.1,120.0,2571.0,,False,outlet level below 10.0 m (Table 19 undefined) -- no design volume
2023-04-26,16.819,,,,,,,,,,pre-breach,k5 gauge 80959 terms 08/20 mean,,,,,,,16.634,19.562,2176.0,,,,,,,,,1.225,19.562,2176.0,3870.0,334.4,152.0,2111.0,,False,outlet level below 10.0 m (Table 19 undefined) -- no design volume
2023-04-27,16.929,,,,,,,,,,pre-breach,k5 gauge 80959 terms 08/20 mean,,,,,,,16.744,19.802,2180.0,,,,,,,,,0.985,19.802,2180.0,5100.0,440.6,240.0,2322.0,,False,outlet level below 10.0 m (Table 19 undefined) -- no design volume
2023-04-28,16.984,,,,,,,,,,pre-breach,k5 gauge 80959 terms 08/20 mean,,,,,,,16.799,19.922,2182.0,,,,,,,,,0.865,19.922,2182.0,5070.0,438.0,120.0,3681.0,,False,outlet level below 10.0 m (Table 19 undefined) -- no design volume
2023-04-29,17.134,,,,,,,,,,pre-breach,k5 gauge 80959 terms 08/20 mean,,,,,,,16.949,20.249,2186.0,,,,,,,,,0.538,20.249,2186.0,4970.0,429.4,327.0,1185.0,,False,outlet level below 10.0 m (Table 19 undefined) -- no design volume
2023-04-30,17.219,,,,,,,,,,pre-breach,k5 gauge 80959 terms 08/20 mean,,,,,,,17.034,20.435,2189.0,,,,,,,,,0.352,20.435,2189.0,4930.0,426.0,186.0,2778.0,,False,outlet level below 10.0 m (Table 19 undefined) -- no design volume
2023-05-01,17.279,,,,,,,,,,pre-breach,k5 gauge 80959 terms 08/20 mean,,,,,,,17.094,20.567,2191.0,,,,,,,,,0.22,20.567,2191.0,5000.0,432.0,132.0,3472.0,,False,outlet level below 10.0 m (Table 19 undefined) -- no design volume
2023-05-02,17.449,,,,,,,,,,pre-breach,k5 gauge 80959 terms 08/20 mean,,,,,,,17.264,20.941,2197.0,,,,,,,,,-0.154,20.941,2197.0,4750.0,410.4,374.0,421.0,,False,outlet level below 10.0 m (Table 19 undefined) -- no design volume
2023-05-03,17.529,,,,,,,,,,pre-breach,k5 gauge 80959 terms 08/20 mean,,,,,,,17.344,21.117,2200.0,,,,,,,,,-0.33,21.117,2200.0,4340.0,375.0,176.0,2303.0,,False,outlet level below 10.0 m (Table 19 undefined) -- no design volume
2023-05-04,17.619,,,,,,,,,,pre-breach,k5 gauge 80959 terms 08/20 mean,,,,,,,17.434,21.315,2203.0,,,,,,,,,-0.528,21.315,2203.0,4810.0,415.6,198.0,2519.0,,False,outlet level below 10.0 m (Table 19 undefined) -- no design volume
2023-05-05,17.624,,,,,,,,,,pre-breach,k5 gauge 80959 terms 08/20 mean,,,,,,,17.439,21.326,2203.0,,,,,,,,,-0.539,21.326,2203.0,4330.0,374.1,11.0,4203.0,,False,outlet level below 10.0 m (Table 19 undefined) -- no design volume
2023-05-06,17.529,,,,,,,,,,pre-breach,k5 gauge 80959 terms 08/20 mean,,,,,,,17.344,21.117,2200.0,,,,,,,,,-0.33,21.117,2200.0,3100.0,267.8,-209.0,5519.0,,False,outlet level below 10.0 m (Table 19 undefined) -- no design volume
2023-05-07,17.434,,,,,,,,,,pre-breach,k5 gauge 80959 terms 08/20 mean,,,,,,,17.249,20.908,2196.0,,,,,,,,,-0.121,20.908,2196.0,2900.0,250.6,-209.0,5319.0,,False,outlet level below 10.0 m (Table 19 undefined) -- no design volume
2023-05-08,17.479,,,,,,,,,,pre-breach,k5 gauge 80959 terms 08/20 mean,,,,,,,17.294,21.007,2198.0,,,,,,,,,-0.22,21.007,2198.0,3520.0,304.1,99.0,2374.0,,False,outlet level below 10.0 m (Table 19 undefined) -- no design volume
2023-05-09,17.549,,,,,,,,,,pre-breach,k5 gauge 80959 terms 08/20 mean,,,,,,,17.364,21.161,2200.0,,,,,,,,,-0.374,21.161,2200.0,3530.0,305.0,154.0,1748.0,,False,outlet level below 10.0 m (Table 19 undefined) -- no design volume
2023-05-10,17.554,17.482,,,,,,,,,pre-breach,k5 gauge 80959 terms 08/20 mean,,,,,,,17.369,21.172,2201.0,17.297,21.013,2198.0,,,,,,-0.385,21.172,2201.0,3330.0,287.7,11.0,3203.0,,False,outlet level below 10.0 m (Table 19 undefined) -- no design volume
2023-05-11,17.549,,,,,,,,,,pre-breach,k5 gauge 80959 terms 08/20 mean,,,,,,,17.364,21.161,2200.0,,,,,,,,,-0.374,21.161,2200.0,3420.0,295.5,-11.0,3547.0,,False,outlet level below 10.0 m (Table 19 undefined) -- no design volume
2023-05-12,17.544,,,,,,,,,,pre-breach,k5 gauge 80959 terms 08/20 mean,,,,,,,17.359,21.15,2200.0,,,,,,,,,-0.363,21.15,2200.0,3370.0,291.2,-11.0,3498.0,,False,outlet level below 10.0 m (Table 19 undefined) -- no design volume
2023-05-13,17.514,,,,,,,,,,pre-breach,k5 gauge 80959 terms 08/20 mean,,,,,,,17.329,21.084,2199.0,,,,,,,,,-0.297,21.084,2199.0,3210.0,277.3,-66.0,3973.0,,False,outlet level below 10.0 m (Table 19 undefined) -- no design volume
2023-05-14,17.514,,,,,,,,,,pre-breach,k5 gauge 80959 terms 08/20 mean,,,,,,,17.329,21.084,2199.0,,,,,,,,,-0.297,21.084,2199.0,2860.0,247.1,0.0,2860.0,,False,outlet level below 10.0 m (Table 19 undefined) -- no design volume
2023-05-15,17.494,,,,,,,,,,pre-breach,k5 gauge 80959 terms 08/20 mean,,,,,,,17.309,21.04,2199.0,,,,,,,,,-0.253,21.04,2199.0,3300.0,285.1,-44.0,3809.0,,False,outlet level below 10.0 m (Table 19 undefined) -- no design volume
2023-05-16,17.504,,,,,,,,,,pre-breach,k5 gauge 80959 terms 08/20 mean,,,,,,,17.319,21.062,2199.0,,,,,,,,,-0.275,21.062,2199.0,3530.0,305.0,22.0,3275.0,,False,outlet level below 10.0 m (Table 19 undefined) -- no design volume
2023-05-17,17.484,,,,,,,,,,pre-breach,k5 gauge 80959 terms 08/20 mean,,,,,,,17.299,21.018,2198.0,,,,,,,,,-0.231,21.018,2198.0,3470.0,299.8,-44.0,3979.0,,False,outlet level below 10.0 m (Table 19 undefined) -- no design volume
2023-05-18,17.469,,,,,,,,,,pre-breach,k5 gauge 80959 terms 08/20 mean,,,,,,,17.284,20.985,2198.0,,,,,,,,,-0.198,20.985,2198.0,3580.0,309.3,-33.0,3962.0,,False,outlet level below 10.0 m (Table 19 undefined) -- no design volume
2023-05-19,17.464,,,,,,,,,,pre-breach,k5 gauge 80959 terms 08/20 mean,,,,,,,17.279,20.974,2197.0,,,,,,,,,-0.187,20.974,2197.0,3550.0,306.7,-11.0,3677.0,,False,outlet level below 10.0 m (Table 19 undefined) -- no design volume
2023-05-20,17.479,17.502,,,,,,,,,pre-breach,k5 gauge 80959 terms 08/20 mean,,,,,,,17.294,21.007,2198.0,17.317,21.057,2199.0,,,,,,-0.22,21.007,2198.0,3250.0,280.8,33.0,2868.0,,False,outlet level below 10.0 m (Table 19 undefined) -- no design volume
2023-05-21,17.429,,,,,,,,,,pre-breach,k5 gauge 80959 terms 08/20 mean,,,,,,,17.244,20.897,2196.0,,,,,,,,,-0.11,20.897,2196.0,3240.0,279.9,-110.0,4513.0,,False,outlet level below 10.0 m (Table 19 undefined) -- no design volume
2023-05-22,17.419,,,,,,,,,,pre-breach,k5 gauge 80959 terms 08/20 mean,,,,,,,17.234,20.875,2196.0,,,,,,,,,-0.088,20.875,2196.0,3160.0,273.0,-22.0,3414.0,,False,outlet level below 10.0 m (Table 19 undefined) -- no design volume
2023-05-23,17.494,,,,,,,,,,pre-breach,k5 gauge 80959 terms 08/20 mean,,,,,,,17.309,21.04,2199.0,,,,,,,,,-0.253,21.04,2199.0,3840.0,331.8,165.0,1931.0,,False,outlet level below 10.0 m (Table 19 undefined) -- no design volume
2023-05-24,17.464,,,,,,,,,,pre-breach,k5 gauge 80959 terms 08/20 mean,,,,,,,17.279,20.974,2197.0,,,,,,,,,-0.187,20.974,2197.0,3520.0,304.1,-66.0,4284.0,,False,outlet level below 10.0 m (Table 19 undefined) -- no design volume
2023-05-25,17.474,,17.223,,,,,,,,pre-breach,k5 gauge 80959 terms 08/20 mean,,,,,,,17.289,20.996,2198.0,,,,17.038,20.444,2189.0,,,-0.209,20.996,2198.0,3400.0,293.8,22.0,3146.0,,False,outlet level below 10.0 m (Table 19 undefined) -- no design volume
2023-05-26,17.494,,,17.531924441229123,,0.5999999999999999,,,16.93,-0.038,pre-breach,p95f daily (T21),17.347,21.123,2200.0,,,,17.309,21.04,2199.0,,,,,,,21.12–21.04,0.0,-0.253,21.04,2199.0,3370.0,291.2,44.0,2861.0,,True,"pre-breach outlet = SWOT value HELD by the p95f rule (few passes), not a daily observation; the pre-breach gradient is not a measurement -- use the Rozumivka reading"
2023-05-27,17.479,,,17.531924441229123,,0.6099999999999997,,,16.92,-0.053,pre-breach,p95f daily (T21),17.347,21.123,2200.0,,,,17.294,21.007,2198.0,,,,,,,21.12–21.01,0.0,-0.22,21.007,2198.0,3330.0,287.7,-33.0,3712.0,,True,"pre-breach outlet = SWOT value HELD by the p95f rule (few passes), not a daily observation; the pre-breach gradient is not a measurement -- use the Rozumivka reading"
2023-05-28,17.389,,,17.531924441229123,,0.5999999999999999,,,16.93,-0.143,pre-breach,p95f daily (T21),17.347,21.123,2200.0,,,,17.204,20.809,2195.0,,,,,,,21.12–20.81,0.0,-0.022,20.809,2195.0,2700.0,233.3,-198.0,4992.0,,True,"pre-breach outlet = SWOT value HELD by the p95f rule (few passes), not a daily observation; the pre-breach gradient is not a measurement -- use the Rozumivka reading"
2023-05-29,17.399,,17.216,17.531924441229123,,0.6099999999999997,,,16.92,-0.133,pre-breach,p95f daily (T21),17.347,21.123,2200.0,,,,17.214,20.831,2195.0,,,,17.031,20.428,2189.0,21.12–20.83,0.0,-0.044,20.831,2195.0,2550.0,220.3,22.0,2295.0,,True,"pre-breach outlet = SWOT value HELD by the p95f rule (few passes), not a daily observation; the pre-breach gradient is not a measurement -- use the Rozumivka reading"
2023-05-30,17.409,17.472,,17.531924441229123,,0.6200000000000003,,,16.91,-0.123,pre-breach,p95f daily (T21),17.347,21.123,2200.0,,,,17.224,20.853,2196.0,17.287,20.991,2198.0,,,,21.12–20.85,0.0,-0.066,20.853,2196.0,2610.0,225.5,22.0,2355.0,,True,"pre-breach outlet = SWOT value HELD by the p95f rule (few passes), not a daily observation; the pre-breach gradient is not a measurement -- use the Rozumivka reading"
2023-05-31,17.379,,,17.531924441229123,,0.5900000000000001,0.831,16.7,16.94,-0.153,pre-breach,p95f daily (T21),17.347,21.123,2200.0,,,,17.194,20.787,2195.0,,,,,,,21.12–20.79,0.0,0.0,20.787,2195.0,2540.0,219.5,-66.0,3304.0,,True,"pre-breach outlet = SWOT value HELD by the p95f rule (few passes), not a daily observation; the pre-breach gradient is not a measurement -- use the Rozumivka reading"
2023-06-01,17.354,,,17.531924441229123,,0.5999999999999999,,,16.93,-0.178,pre-breach,p95f daily (T21),17.347,21.123,2200.0,,,,17.169,20.732,2194.0,,,,,,,21.12–20.73,0.0,0.055,20.732,2194.0,2470.0,213.4,-55.0,3106.0,,True,"pre-breach outlet = SWOT value HELD by the p95f rule (few passes), not a daily observation; the pre-breach gradient is not a measurement -- use the Rozumivka reading"
2023-06-02,17.324,,17.091,17.531924441229123,,0.6499999999999997,,,16.88,-0.208,pre-breach,p95f daily (T21),17.347,21.123,2200.0,,,,17.139,20.666,2193.0,,,,16.906,20.155,2185.0,21.12–20.67,0.0,0.121,20.666,2193.0,2570.0,222.0,-66.0,3333.0,,True,"pre-breach outlet = SWOT value HELD by the p95f rule (few passes), not a daily observation; the pre-breach gradient is not a measurement -- use the Rozumivka reading"
2023-06-03,17.259,,,17.531924441229123,,0.6399999999999999,,,16.89,-0.273,pre-breach,p95f daily (T21),17.347,21.123,2200.0,,,,17.074,20.523,2191.0,,,,,,,21.12–20.52,0.0,0.264,20.523,2191.0,2190.0,189.2,-143.0,3845.0,,True,"pre-breach outlet = SWOT value HELD by the p95f rule (few passes), not a daily observation; the pre-breach gradient is not a measurement -- use the Rozumivka reading"
2023-06-04,17.074,,17.028,17.531924441229123,,0.5400000000000003,,,16.99,-0.458,pre-breach,p95f daily (T21),17.347,21.123,2200.0,,,,16.889,20.118,2184.0,,,,16.843,20.018,2183.0,21.12–20.12,0.0,0.669,20.118,2184.0,1660.0,143.4,-405.0,6347.0,,True,"pre-breach outlet = SWOT value HELD by the p95f rule (few passes), not a daily observation; the pre-breach gradient is not a measurement -- use the Rozumivka reading"
2023-06-05,17.084,,,17.531924441229123,,0.5400000000000003,,,16.99,-0.448,pre-breach,p95f daily (T21),17.347,21.123,2200.0,,,,16.899,20.14,2185.0,,,,,,,21.12–20.14,0.0,0.647,20.14,2185.0,1750.0,151.2,22.0,1495.0,,True,"pre-breach outlet = SWOT value HELD by the p95f rule (few passes), not a daily observation; the pre-breach gradient is not a measurement -- use the Rozumivka reading"
2023-06-06,16.694,,,12.503065047562025,16.611511191859286,3.0900000000000003,6.475,6.03,9.41,4.191,drawdown,p95f daily (T21),12.318,10.736,1820.0,16.427,19.111,2170.0,16.509,19.29,2172.0,,,,,,,10.74–19.29,10.387,1.497,,,1960.0,169.3,-9404.0,110802.0,11797.0,True,
2023-06-07,15.279,,,12.054135947562022,14.581511191859288,5.659999999999999,8.043,4.01,6.39,3.225,drawdown,p95f daily (T21),11.869,9.922,1753.0,14.397,14.797,2070.0,15.094,16.259,2114.0,,,,,,,9.92–16.26,11.201,4.528,,,2730.0,235.9,-814.0,12152.0,37811.0,True,
2023-06-08,14.529,,12.475,10.891801596932115,13.221511191859287,5.78,7.764,3.13,5.11,3.637,drawdown,p95f daily (T21),10.707,7.997,1563.0,13.037,12.072,1921.0,14.344,14.689,2066.0,,,,12.29,10.684,1816.0,8.00–14.69,13.126,6.098,,,1880.0,162.4,-1925.0,24160.0,20051.0,True,
2023-06-09,13.779,12.432,,10.057147222247073,11.911511191859288,5.37,7.115,2.94,4.69,3.722,drawdown,p95f daily (T21),9.872,,,11.727,9.674,1730.0,13.594,13.168,1995.0,12.247,10.605,1810.0,,,,,,7.619,,,1730.0,149.5,,,19334.0,False,outlet level below 10.0 m (Table 19 undefined) -- no design volume
2023-06-10,13.794,,,8.823800172247072,10.371511191859286,4.8,6.394,2.43,4.02,4.97,drawdown,p95f daily (T21),8.639,,,10.187,7.219,1475.0,13.609,13.198,1996.0,,,,,,,,,7.589,,,1940.0,167.6,,,1593.0,False,outlet level below 10.0 m (Table 19 undefined) -- no design volume
2023-06-11,13.839,,,7.760497213808755,9.521511191859286,4.239999999999999,,,3.52,6.079,drawdown,p95f daily (T21),7.575,,,9.337,,,13.654,13.288,2002.0,,,,,,,,,7.499,,,1930.0,166.8,,,889.0,False,outlet level below 10.0 m (Table 19 undefined) -- no design volume
2023-06-12,13.839,,,6.697194255370437,9.521511191859286,3.64,,,3.06,7.142,drawdown,p95f daily (T21),6.512,,,9.337,,,13.654,13.288,2002.0,,,,,,,,,7.499,,,2450.0,211.7,,,2450.0,False,outlet level below 10.0 m (Table 19 undefined) -- no design volume
2023-06-13,13.839,,,5.633891296932119,9.521511191859286,3.0400000000000005,3.995,1.64,2.59,8.205,drawdown,p95f daily (T21),5.449,,,9.337,,,13.654,13.288,2002.0,,,,,,,,,7.499,,,2110.0,182.3,,,2110.0,False,outlet level below 10.0 m (Table 19 undefined) -- no design volume
2023-06-14,,,,4.843122272247073,,2.5500000000000003,3.315,1.53,2.29,,post-drawdown,p95f daily (T21),4.658,,,,,,,,,,,,,,,,,,,,1720.0,148.6,,,,False,outlet level below 10.0 m (Table 19 undefined) -- no design volume
2023-06-15,,,,4.206745772247071,,2.15,,,2.06,,post-drawdown,p95f daily (T21),4.022,,,,,,,,,,,,,,,,,,,,1380.0,119.2,,,,False,outlet level below 10.0 m (Table 19 undefined) -- no design volume
2023-06-16,,,,3.5703692722470697,,1.8,,,1.77,,post-drawdown,p95f daily (T21),3.385,,,,,,,,,,,,,,,,,,,,1580.0,136.5,,,,False,outlet level below 10.0 m (Table 19 undefined) -- no design volume
2023-06-17,,,,3.140986972247071,,1.43,1.889,1.25,1.71,,post-drawdown,p95f daily (T21),2.956,,,,,,,,,,,,,,,,,,,,1300.0,112.3,,,,False,outlet level below 10.0 m (Table 19 undefined) -- no design volume
2023-06-18,,,,2.416417096932121,,1.1499999999999997,1.521,0.9,1.27,,post-drawdown,p95f daily (T21),2.231,,,,,,,,,,,,,,,,,,,,1140.0,98.5,,,,False,outlet level below 10.0 m (Table 19 undefined) -- no design volume
2023-06-19,,6.992,,2.0812034095895955,,0.9600000000000002,,,1.12,,post-drawdown,p95f daily (T21),1.896,,,,,,,,,6.807,,,,,,,,,,,1290.0,111.5,,,,False,outlet level below 10.0 m (Table 19 undefined) -- no design volume
2023-06-20,,,,1.74598972224707,,0.8099999999999998,0.966,0.78,0.94,,post-drawdown,p95f daily (T21),1.561,,,,,,,,,,,,,,,,,,,,917.0,79.2,,,,False,outlet level below 10.0 m (Table 19 undefined) -- no design volume
2023-06-21,,,,1.3101306095895948,,0.7399999999999995,,,0.57,,post-drawdown,p95f daily (T21),1.125,,,,,,,,,,,,,,,,,,,,1170.0,101.1,,,,False,outlet level below 10.0 m (Table 19 undefined) -- no design volume
2023-06-22,,,,0.8742714969321196,,0.6499999999999997,0.593,0.28,0.22,,post-drawdown,p95f daily (T21),0.689,,,,,,,,,,,,,,,,,,,,1090.0,94.2,,,,False,outlet level below 10.0 m (Table 19 undefined) -- no design volume
2023-06-23,,,,0.8843214886337809,,0.5800000000000003,,,0.3,,post-drawdown,p95f daily (T21),0.699,,,,,,,,,,,,,,,,,,,,1330.0,114.9,,,,False,outlet level below 10.0 m (Table 19 undefined) -- no design volume
2023-06-24,,,,0.8943714803354421,,0.5800000000000003,,,0.31,,post-drawdown,p95f daily (T21),0.709,,,,,,,,,,,,,,,,,,,,1270.0,109.7,,,,False,outlet level below 10.0 m (Table 19 undefined) -- no design volume
2023-06-25,,,,0.9044214720371034,,0.5599999999999998,,,0.34,,post-drawdown,p95f daily (T21),0.719,,,,,,,,,,,,,,,,,,,,1090.0,94.2,,,,False,outlet level below 10.0 m (Table 19 undefined) -- no design volume
2023-06-26,,,,,,0.55,,,,,post-drawdown,p95f daily (T21),,,,,,,,,,,,,,,,,,,,,1150.0,99.4,,,,False,outlet level below 10.0 m (Table 19 undefined) -- no design volume
2023-06-27,,,8.715,,,0.4500000000000004,,,,,post-drawdown,p95f daily (T21),,,,,,,,,,,,,8.53,,,,,,,,1560.0,134.8,,,,False,outlet level below 10.0 m (Table 19 undefined) -- no design volume
2023-06-28,,,,,,0.51,,,,,post-drawdown,p95f daily (T21),,,,,,,,,,,,,,,,,,,,,1470.0,127.0,,,,False,outlet level below 10.0 m (Table 19 undefined) -- no design volume
2023-06-29,,6.442,,,,0.51,,,,,post-drawdown,p95f daily (T21),,,,,,,,,,6.257,,,,,,,,,,,1140.0,98.5,,,,False,outlet level below 10.0 m (Table 19 undefined) -- no design volume
2023-06-30,,,,,,0.5299999999999996,,,,,post-drawdown,p95f daily (T21),,,,,,,,,,,,,,,,,,,,,1060.0,91.6,,,,False,outlet level below 10.0 m (Table 19 undefined) -- no design volume
2023-07-01,12.204,,2.518,0.964721422247071,,0.4799999999999997,0.418,0.55,0.48,11.239,post-drawdown,p95f daily (T21),0.78,,,,,,12.019,10.185,1777.0,,,,2.333,,,,,10.602,,,1050.0,90.7,,,,False,outlet level below 10.0 m (Table 19 undefined) -- no design volume
2023-07-02,12.204,,,0.964721422247071,,0.4299999999999999,,,0.53,11.239,post-drawdown,p95f daily (T21),0.78,,,,,,12.019,10.185,1777.0,,,,,,,,,10.602,,,582.0,50.3,,,,False,outlet level below 10.0 m (Table 19 undefined) -- no design volume
2023-07-03,12.204,,9.715,0.964721422247071,,0.4100000000000003,,,0.55,11.239,post-drawdown,p95f daily (T21),0.78,,,,,,12.019,10.185,1777.0,,,,9.53,,,,,10.602,,,921.0,79.6,,,,False,outlet level below 10.0 m (Table 19 undefined) -- no design volume
2023-07-04,12.204,,,0.964721422247071,,0.3400000000000001,,,0.62,11.239,post-drawdown,p95f daily (T21),0.78,,,,,,12.019,10.185,1777.0,,,,,,,,,10.602,,,1290.0,111.5,,,,False,outlet level below 10.0 m (Table 19 undefined) -- no design volume
2023-07-05,12.204,,,,,0.3300000000000003,,,,,post-drawdown,p95f daily (T21),,,,,,,12.019,10.185,1777.0,,,,,,,,,10.602,,,1310.0,113.2,,,,False,outlet level below 10.0 m (Table 19 undefined) -- no design volume
2023-07-06,12.204,,,,,0.26,,,,,post-drawdown,p95f daily (T21),,,,,,,12.019,10.185,1777.0,,,,,,,,,10.602,,,1120.0,96.8,,,,False,outlet level below 10.0 m (Table 19 undefined) -- no design volume
2023-07-07,12.204,,,,,0.3300000000000003,,,,,post-drawdown,p95f daily (T21),,,,,,,12.019,10.185,1777.0,,,,,,,,,10.602,,,514.0,44.4,,,,False,outlet level below 10.0 m (Table 19 undefined) -- no design volume
2023-07-08,12.204,,,,,0.3300000000000003,,,,,post-drawdown,p95f daily (T21),,,,,,,12.019,10.185,1777.0,,,,,,,,,10.602,,,676.0,58.4,,,,False,outlet level below 10.0 m (Table 19 undefined) -- no design volume
2023-07-09,12.204,6.392,,,,0.1899999999999997,,,,,post-drawdown,p95f daily (T21),,,,,,,12.019,10.185,1777.0,6.207,,,,,,,,10.602,,,720.0,62.2,,,,False,outlet level below 10.0 m (Table 19 undefined) -- no design volume
2023-07-10,12.204,,,,,0.3499999999999998,,,,,post-drawdown,p95f daily (T21),,,,,,,12.019,10.185,1777.0,,,,,,,,,10.602,,,773.0,66.8,,,,False,outlet level below 10.0 m (Table 19 undefined) -- no design volume
