stratum,pol,relative_orbit,pass_dir,first,later,first_is_prebreach,change_dB
burnt dNBR>0.1,VV,14,ASC,2023-06-09,2023-06-21,False,-1.01
burnt dNBR>0.1,VV,65,DES,2023-06-01,2023-06-13,True,0.83
burnt dNBR>0.1,VV,65,DES,2023-06-01,2023-06-25,True,1.16
burnt dNBR>0.1,VV,87,ASC,2023-06-02,2023-06-14,True,1.02
burnt dNBR>0.1,VV,87,ASC,2023-06-02,2023-06-26,True,1.04
burnt dNBR>0.1,VH,14,ASC,2023-06-09,2023-06-21,False,-0.35
burnt dNBR>0.1,VH,65,DES,2023-06-01,2023-06-13,True,0.66
burnt dNBR>0.1,VH,65,DES,2023-06-01,2023-06-25,True,0.57
burnt dNBR>0.1,VH,87,ASC,2023-06-02,2023-06-14,True,0.9
burnt dNBR>0.1,VH,87,ASC,2023-06-02,2023-06-26,True,1.02
trees unburnt,VV,14,ASC,2023-06-09,2023-06-21,False,-0.53
trees unburnt,VV,65,DES,2023-06-01,2023-06-13,True,0.13
trees unburnt,VV,65,DES,2023-06-01,2023-06-25,True,0.12
trees unburnt,VV,87,ASC,2023-06-02,2023-06-14,True,0.28
trees unburnt,VV,87,ASC,2023-06-02,2023-06-26,True,0.36
trees unburnt,VH,14,ASC,2023-06-09,2023-06-21,False,-0.19
trees unburnt,VH,65,DES,2023-06-01,2023-06-13,True,0.21
trees unburnt,VH,65,DES,2023-06-01,2023-06-25,True,0.23
trees unburnt,VH,87,ASC,2023-06-02,2023-06-14,True,0.29
trees unburnt,VH,87,ASC,2023-06-02,2023-06-26,True,0.38
grass unburnt,VV,14,ASC,2023-06-09,2023-06-21,False,-0.68
grass unburnt,VV,65,DES,2023-06-01,2023-06-13,True,0.1
grass unburnt,VV,65,DES,2023-06-01,2023-06-25,True,0.55
grass unburnt,VV,87,ASC,2023-06-02,2023-06-14,True,0.19
grass unburnt,VV,87,ASC,2023-06-02,2023-06-26,True,-0.06
grass unburnt,VH,14,ASC,2023-06-09,2023-06-21,False,-0.24
grass unburnt,VH,65,DES,2023-06-01,2023-06-13,True,0.01
grass unburnt,VH,65,DES,2023-06-01,2023-06-25,True,0.22
grass unburnt,VH,87,ASC,2023-06-02,2023-06-14,True,0.25
grass unburnt,VH,87,ASC,2023-06-02,2023-06-26,True,0.09
