run,eo,A_model_km2,CSI,centroid_E_km,centroid_N_km,dist_from_sill_km,n,dz,drim,ET,k,consistent_all_dates,cell_m
0,07_ICEYE,3.495,0.097,506.13,5173.63,1.59,0.04046719236656159,-0.6894549565971125,0.08864817243966508,6.4794280815633245,6.105608031153782,False,100
1,07_ICEYE,2.364,0.153,505.77,5173.82,1.19,0.08673074705309733,-1.0825409585993746,-0.07257328205299736,3.9484865103807785,2.291023294319874,False,100
2,07_ICEYE,2.381,0.152,505.75,5173.8,1.2,0.0776255192076435,-0.5467679770413016,-0.011442720039914783,3.650698511950113,83.87143637656864,False,100
3,07_ICEYE,2.446,0.15,505.76,5173.79,1.21,0.06681151143763539,-0.1194102120749411,0.06391992852504175,4.836659160247735,44.475855774084856,False,100
4,07_ICEYE,2.679,0.136,505.86,5173.77,1.29,0.06903617504562444,-0.7610450552359266,-0.017254717897246502,3.871626971715598,70.44417961553894,False,100
5,07_ICEYE,1.146,0.287,505.22,5173.89,0.83,0.12458713484996492,-1.1134451462416304,0.08052983002262248,4.26551188311083,3.3501748333405503,False,100
6,07_ICEYE,2.493,0.147,505.78,5173.81,1.21,0.08948181805602635,-0.24015171943685565,-0.09887812915550508,5.068825322867856,34.054872903362295,False,100
7,07_ICEYE,4.614,0.076,506.39,5173.44,1.91,0.038257862240453896,-0.9186741951431335,-0.07167084050577653,6.152062914055823,69.06077073580224,False,100
8,07_ICEYE,2.302,0.158,505.73,5173.81,1.17,0.07693277968209739,-0.71278806154455,-0.002303272536165135,3.325201051648606,73.40373758627685,False,100
9,07_ICEYE,5.198,0.069,506.45,5173.33,2.03,0.0324386193479707,-0.42912589983683125,-0.043832340770790096,5.198595695416794,87.21692508541086,False,100
10,07_ICEYE,3.898,0.087,506.24,5173.57,1.71,0.041238522428381205,-0.36571250939179106,0.018979859558843223,3.7174378292827948,62.82704679329004,False,100
11,07_ICEYE,2.322,0.156,505.74,5173.8,1.19,0.06290472516224285,-1.1205294451458947,0.08712342014816538,4.033882982409652,5.695260050173597,False,100
12,07_ICEYE,3.249,0.112,506.02,5173.69,1.47,0.05767550511557193,-0.8752393010341073,-0.02561397144641596,6.809806170513196,1.2100516747341599,False,100
13,07_ICEYE,1.611,0.224,505.42,5173.87,0.94,0.10534897932277996,-0.5980089148149832,0.031038975687570858,3.27374754016345,1.1782198762259801,False,100
14,07_ICEYE,3.711,0.099,506.18,5173.6,1.64,0.03890538110267921,-0.283094802777663,0.07892198235511846,5.240844674172479,10.73462898066788,False,100
15,07_ICEYE,1.863,0.195,505.55,5173.86,1.02,0.11335280610172523,-0.37859347237700075,-0.06783946983031224,3.6059572552180326,15.329952535077869,False,100
16,07_ICEYE,4.019,0.091,506.27,5173.55,1.74,0.04518908261720233,-1.1684684162010708,-0.06326684760334117,5.701649826798139,3.842685706476555,False,100
17,07_ICEYE,4.085,0.083,506.29,5173.52,1.79,0.03734305917474473,-0.792672713951252,0.011208311245170494,6.416109619957,1.3888153475030272,False,100
18,07_ICEYE,1.68,0.215,505.47,5173.87,0.96,0.10155309490197519,-0.6004886441423093,0.029246060275622543,3.379681592466336,1.633458508290154,False,100
19,07_ICEYE,3.521,0.104,506.08,5173.66,1.53,0.05898518861159474,-0.9279448055467682,-0.08550532367247335,4.098931749547642,8.503393521733978,False,100
20,07_ICEYE,1.722,0.212,505.47,5173.87,0.97,0.10904324589687664,-0.17414091802708168,0.0024126524659489335,4.609623507285113,5.220704679046192,False,100
21,07_ICEYE,4.777,0.071,506.42,5173.41,1.95,0.03534919900294201,-1.0573323570110456,-0.06994004173974865,6.523225640753405,82.22803394977984,False,100
22,07_ICEYE,3.462,0.099,506.11,5173.66,1.55,0.05283396246535849,-0.6600812442247802,-0.028974279345907572,4.744570305095929,4.027495401916397,False,100
23,07_ICEYE,3.203,0.111,506.01,5173.69,1.46,0.051011755804688946,-0.5112982733219474,0.03902435120969777,5.793760469777256,27.93612760327652,False,100
24,07_ICEYE,5.408,0.069,506.46,5173.33,2.03,0.031194436897516227,-0.08050310768856943,-0.021331147445635884,5.8779913244853335,18.025930529868468,False,100
25,07_ICEYE,1.827,0.198,505.53,5173.84,1.02,0.08183036341515677,-0.9105014829403537,0.05660609699238198,5.317933625732402,37.095000527646036,False,100
26,07_ICEYE,4.449,0.08,506.35,5173.45,1.87,0.03149733630322777,-0.45460060850201944,0.04759024393524089,3.486666888866504,1.1208221357657635,False,100
27,07_ICEYE,1.832,0.199,505.52,5173.86,1.0,0.11195179787597347,-0.2392198726530821,-0.045682799810163634,5.927294994862848,41.23310786658683,False,100
28,07_ICEYE,2.542,0.143,505.82,5173.79,1.26,0.06508053131985533,-1.1015334876999987,0.016438779666485742,3.9702421482132038,97.44677713923058,False,100
29,07_ICEYE,1.925,0.188,505.57,5173.85,1.04,0.09557654626722181,-0.43799898866178855,-0.004072348083513977,5.115098363594981,1.4517873120110008,False,100
30,07_ICEYE,1.364,0.263,505.33,5173.9,0.87,0.14730261787007948,-0.9608824303377137,-0.05444397366052211,6.080305680304859,4.84703581762994,False,100
31,07_ICEYE,3.772,0.093,506.18,5173.62,1.63,0.04952963550932441,-0.29020799777298006,-0.03594035997798403,3.743688359113234,2.1056309843782954,False,100
32,07_ICEYE,1.583,0.228,505.41,5173.88,0.93,0.12180405963387751,-0.4104154542913664,-0.019497833652520086,5.592506788453622,4.339672621637447,False,100
33,07_ICEYE,4.678,0.076,506.41,5173.39,1.95,0.030818586746950528,-0.8336635185351167,0.04469926432973895,4.461832084020925,6.775100264939073,False,100
34,07_ICEYE,1.794,0.201,505.51,5173.85,1.01,0.09011204636007258,-0.6776287963532047,0.040210943803277,3.408444349868788,39.404710164531636,False,100
35,07_ICEYE,5.542,0.066,506.47,5173.29,2.07,0.03264543702582738,-0.6977261939321685,-0.08307458269332249,6.2466220069555,55.69510644636162,False,100
36,07_ICEYE,2.108,0.173,505.65,5173.84,1.1,0.09711232134639967,-0.4031717923587244,-0.05674555084573893,6.375687178782585,3.483024055162786,False,100
37,07_ICEYE,2.928,0.126,505.92,5173.73,1.37,0.05519995929091167,-0.2566732413723565,0.06996491784990552,4.97164164370208,14.684943456004934,False,100
38,07_ICEYE,4.653,0.077,506.39,5173.43,1.92,0.03023910397159681,-0.13797323269011735,0.06504241449077783,5.893897148728391,4.468520756635911,False,100
39,07_ICEYE,3.461,0.099,506.15,5173.64,1.6,0.04214959623737518,-0.7847452772431304,0.07512853109451653,3.0189807906953052,2.988670547196116,False,100
40,07_ICEYE,2.292,0.158,505.72,5173.8,1.17,0.06485096129368344,-0.582175777026994,0.09588857329776154,4.879243024863286,49.73751922646567,False,100
41,07_ICEYE,4.018,0.088,506.27,5173.55,1.74,0.046146123118104565,-1.0018853448533172,-0.0768465165169184,4.707484595249767,11.616404325592386,False,100
42,07_ICEYE,2.123,0.171,505.67,5173.83,1.12,0.08024838212509786,-0.975948140724149,0.005719934223340051,6.503535239935831,46.14307337144313,False,100
43,07_ICEYE,1.306,0.274,505.28,5173.88,0.86,0.12007339846762792,-0.8121321194865835,0.058063704807590294,6.980133280443617,2.2776551376156613,False,100
44,07_ICEYE,3.654,0.096,506.19,5173.61,1.64,0.043498357938862794,-1.008400119478454,0.025932215302405137,6.865388124359496,6.316439187927362,False,100
45,07_ICEYE,3.574,0.099,506.13,5173.64,1.58,0.04794202069282696,-0.4629133913720478,0.00030224037970805195,5.411538030453828,2.0384122262485835,False,100
46,07_ICEYE,2.962,0.119,505.96,5173.72,1.4,0.058650599124854146,-1.028160646749275,0.008790733417806978,6.289798137763256,6.9350458578572916,False,100
47,07_ICEYE,4.335,0.078,506.35,5173.48,1.85,0.040047490872850165,-0.6575013760352041,-0.060873489618224114,3.29427829915318,1.041192862216564,False,100
48,07_ICEYE,1.988,0.182,505.61,5173.84,1.07,0.08383782480437037,-0.8474095463167384,0.023657788395098273,4.403716796847384,53.58224382194229,False,100
49,07_ICEYE,1.563,0.23,505.42,5173.88,0.93,0.11626121403209405,-0.8229664983654723,-0.012775082156423465,5.630529849522233,65.76480126441457,False,100
50,07_ICEYE,3.385,0.102,506.08,5173.66,1.53,0.04319782152476329,-0.15911315817325924,0.09117215047818428,4.160773676473546,12.964109167968493,False,100
51,07_ICEYE,1.785,0.202,505.53,5173.86,1.0,0.0995946234393035,-0.8788552887641466,-0.006614524608026279,3.591033880976796,1.336616674430799,False,100
52,07_ICEYE,2.533,0.145,505.8,5173.82,1.22,0.08766209142985591,-0.12368069901122988,-0.08698391612069246,4.913461691910707,31.10688194444749,False,100
53,07_ICEYE,3.241,0.114,506.0,5173.73,1.43,0.05643293342610836,-0.04497930211878011,0.026218071524680392,3.2241731143165007,1.0806105614892862,False,100
54,07_ICEYE,1.244,0.286,505.19,5173.87,0.85,0.13114142609587734,-0.15198009499635026,0.07200343694279254,5.529316790231358,52.081748203615,False,100
55,07_ICEYE,2.466,0.147,505.79,5173.8,1.23,0.07375822541800853,-0.7362758774868804,-0.014117488491253313,4.574197044326035,14.4199988476634,False,100
56,07_ICEYE,2.231,0.164,505.7,5173.82,1.14,0.09166561560143444,-0.3860126004831003,-0.05854414037576337,3.194239008576593,28.94050883632522,False,100
57,07_ICEYE,1.267,0.281,505.21,5173.87,0.85,0.1425536841680693,-0.027406296513527138,0.036743564855472866,5.737113446515396,7.812055741125951,False,100
58,07_ICEYE,1.559,0.231,505.42,5173.89,0.92,0.14377203739524727,-0.5668445869600354,-0.09586041738701755,5.453348312662714,25.966832451953696,False,100
59,07_ICEYE,5.624,0.062,506.49,5173.3,2.08,0.03520990432261875,-0.19429108011754273,-0.08866886066630628,3.1302943407600385,21.19741834095218,False,100
60,07_ICEYE,1.552,0.233,505.4,5173.89,0.91,0.1375508679906537,-0.27103472228317016,-0.049056773691083515,3.7636890378866017,1.862579517859534,False,100
61,07_ICEYE,2.161,0.168,505.69,5173.83,1.13,0.07029728289735525,-1.0754366334192627,0.07763132815661333,5.994700335205443,3.0876112205500554,False,100
62,07_ICEYE,2.288,0.16,505.71,5173.81,1.16,0.0789351936617234,-0.30945880457039493,0.007969455615854673,3.095653361302946,1.7553483914127292,False,100
63,07_ICEYE,2.347,0.155,505.74,5173.79,1.19,0.06269118416163805,-0.3456048281168263,0.09975674047168073,5.493400641510387,9.776796127331979,False,100
64,07_ICEYE,1.639,0.222,505.42,5173.86,0.95,0.10723759350072841,-0.06869417376141838,0.03236682386039405,3.4634033876958434,4.720847015513016,False,100
65,07_ICEYE,2.379,0.153,505.77,5173.81,1.2,0.07566308064554085,-0.9949974378239226,-0.009884207845730991,6.176726006519175,23.934869171328113,False,100
66,07_ICEYE,2.479,0.148,505.78,5173.81,1.21,0.08495286407109848,-0.18674668379677478,-0.0658908130398021,4.5167648406863465,13.213507994714337,False,100
67,07_ICEYE,5.145,0.07,506.44,5173.36,2.0,0.03333057126378999,-0.2112309003341344,-0.022272895276011742,4.535646075484039,8.133859764826866,False,100
68,07_ICEYE,3.028,0.12,505.98,5173.71,1.42,0.05157929577138116,-1.1364789763679406,0.06003881895499205,6.5728039206694575,1.56559775939585,False,100
69,07_ICEYE,1.355,0.265,505.31,5173.89,0.87,0.1271062230085441,-0.8976556375029677,0.015944304289914696,4.058010500654164,7.36419099822741,False,100
70,07_ICEYE,4.768,0.067,506.42,5173.43,1.94,0.0376533815187383,-0.33217805054493804,-0.07403463237712402,4.2927430433002405,93.47942463847932,False,100
71,07_ICEYE,1.575,0.229,505.41,5173.87,0.93,0.1046891208469454,-0.6425134708628021,0.03517335887207987,6.200668560304687,41.708455359433614,False,100
72,07_ICEYE,2.456,0.148,505.8,5173.79,1.24,0.06156044116671056,-1.1915353745677901,0.08382754552484714,6.010849586302698,1.713741390289007,False,100
73,07_ICEYE,4.578,0.076,506.38,5173.44,1.9,0.03382060999115622,-0.535352342770284,-2.980330699864364e-05,4.36308552839264,2.752463148628705,False,100
74,07_ICEYE,1.135,0.312,505.1,5173.86,0.83,0.13190096689000907,-0.35913924548191445,0.09649170893871692,4.944345657935009,22.452914534577335,False,100
75,07_ICEYE,2.208,0.166,505.68,5173.81,1.14,0.07474396096637222,-0.2220417657057467,0.051538102693075155,5.21432863589502,10.006880840427943,False,100
76,07_ICEYE,3.75,0.098,506.14,5173.63,1.6,0.05537307655274359,-0.49347533733209115,-0.08100303193333774,6.664223924224944,8.774346227738642,False,100
77,07_ICEYE,3.785,0.088,506.2,5173.61,1.65,0.041395586727189404,-0.01333838800279012,0.049042469354014545,5.33805631114403,20.088400691486967,False,100
78,07_ICEYE,2.127,0.171,505.65,5173.83,1.11,0.09276114275800275,-0.47421775563902296,-0.051641258092647996,5.364684296572037,57.96751504483673,False,100
79,07_ICEYE,3.4,0.104,506.06,5173.69,1.5,0.047298026431731935,-0.05367754489092859,0.05365490256916172,6.621650766575581,3.2165680274111206,False,100
80,07_ICEYE,1.11,0.285,505.21,5173.9,0.82,0.13558649710369752,-1.1561866018967402,0.05459486217702844,4.237820468254933,19.13760825903531,False,100
81,07_ICEYE,2.796,0.13,505.92,5173.74,1.36,0.05243348756991982,-1.1812658058230359,0.09232544512291074,4.76499801693425,3.7515924268608165,False,100
82,07_ICEYE,2.426,0.15,505.79,5173.8,1.22,0.07195330475802,-0.7216068028180013,0.02110466555667112,6.056563331410671,1.2916785333558323,False,100
83,07_ICEYE,4.352,0.079,506.36,5173.47,1.86,0.03451106548023551,-0.5614978471142896,0.013457458176428114,6.780040340953148,2.5268645503594485,False,100
84,07_ICEYE,1.211,0.29,505.23,5173.89,0.83,0.12856973078497805,-0.7471895841225286,0.07120898013882018,6.9456695718583665,2.835613928336968,False,100
85,07_ICEYE,1.474,0.242,505.32,5173.87,0.89,0.14905280570308715,-0.09194214130715815,-0.09696357699546199,6.733029048960102,24.649966143084747,False,100
86,07_ICEYE,4.193,0.078,506.31,5173.53,1.79,0.044562278212585106,-0.8625181130760406,-0.09314532180835475,5.827744690509891,17.376960379446537,False,100
87,07_ICEYE,3.089,0.119,505.94,5173.76,1.36,0.06798013497173494,-0.005279837140016286,-0.05360333991837432,4.328569535647858,5.448749070935411,False,100
88,07_ICEYE,3.696,0.096,506.16,5173.62,1.62,0.04918543775772556,-0.6120768523358526,-0.0371787290349969,6.6827193865613745,5.923011779126751,False,100
89,07_ICEYE,2.136,0.17,505.69,5173.84,1.12,0.09757995256298974,-0.9463897606678419,-0.07841225585211582,3.0707352867706406,16.067349241017414,False,100
90,07_ICEYE,3.823,0.09,506.22,5173.58,1.68,0.04643306552810306,-0.9529600920835216,-0.04635421257884608,3.555044203940053,36.18688527577697,False,100
91,07_ICEYE,4.643,0.075,506.38,5173.44,1.9,0.03640557877002325,-0.32074314159708384,-0.033842371745674796,3.824151352948183,26.568786646601147,False,100
92,07_ICEYE,3.105,0.117,505.98,5173.72,1.42,0.060483533241074604,-1.0469387564014927,-0.038794538553337476,6.91062970472386,79.00015611918005,False,100
93,07_ICEYE,1.438,0.25,505.35,5173.88,0.9,0.10243190028077503,-1.0408112168530148,0.06754967240556187,6.349833888163515,12.529254825740388,False,100
94,07_ICEYE,1.255,0.285,505.19,5173.86,0.85,0.11943297731405086,-0.49197606474882644,0.08486607703677809,4.678296618409735,2.501919365971894,False,100
95,07_ICEYE,3.473,0.098,506.1,5173.65,1.55,0.05411022765176882,-0.6281351913005767,-0.03137923079390416,4.136198117004212,18.93034712192913,False,100
96,07_ICEYE,1.396,0.257,505.36,5173.9,0.88,0.1390600239467696,-1.1429811742268836,-0.040001047621686936,5.009273329460275,33.00436245799316,False,100
97,07_ICEYE,3.068,0.119,505.96,5173.73,1.4,0.07120607577528995,-0.5170192221100897,-0.09000088131346543,5.644119572806269,9.432529130728565,False,100
98,07_ICEYE,1.518,0.239,505.36,5173.86,0.91,0.11535099167328311,-0.10060066352430079,0.043200597195191925,3.9172625249597934,1.990788784835165,False,100
99,07_ICEYE,4.538,0.078,506.37,5173.44,1.9,0.03635522468922735,-0.772744343547882,-0.026899818155561514,5.141292322093984,11.259401333916848,False,100
0,09_L9,7.541,0.174,506.56,5172.94,2.38,0.04046719236656159,-0.6894549565971125,0.08864817243966508,6.4794280815633245,6.105608031153782,False,100
1,09_L9,7.483,0.168,506.56,5172.96,2.36,0.08673074705309733,-1.0825409585993746,-0.07257328205299736,3.9484865103807785,2.291023294319874,False,100
2,09_L9,7.325,0.166,506.57,5172.96,2.37,0.0776255192076435,-0.5467679770413016,-0.011442720039914783,3.650698511950113,83.87143637656864,False,100
3,09_L9,7.508,0.168,506.57,5172.95,2.37,0.06681151143763539,-0.1194102120749411,0.06391992852504175,4.836659160247735,44.475855774084856,False,100
4,09_L9,7.573,0.17,506.57,5172.96,2.37,0.06903617504562444,-0.7610450552359266,-0.017254717897246502,3.871626971715598,70.44417961553894,False,100
5,09_L9,5.145,0.145,506.56,5173.02,2.32,0.12458713484996492,-1.1134451462416304,0.08052983002262248,4.26551188311083,3.3501748333405503,False,100
6,09_L9,7.874,0.176,506.56,5172.94,2.38,0.08948181805602635,-0.24015171943685565,-0.09887812915550508,5.068825322867856,34.054872903362295,False,100
7,09_L9,9.334,0.229,506.45,5172.76,2.44,0.038257862240453896,-0.9186741951431335,-0.07167084050577653,6.152062914055823,69.06077073580224,False,100
8,09_L9,7.28,0.165,506.57,5172.97,2.37,0.07693277968209739,-0.71278806154455,-0.002303272536165135,3.325201051648606,73.40373758627685,False,100
9,09_L9,12.506,0.33,506.43,5171.95,3.1,0.0324386193479707,-0.42912589983683125,-0.043832340770790096,5.198595695416794,87.21692508541086,False,100
10,09_L9,9.236,0.231,506.44,5172.75,2.44,0.041238522428381205,-0.36571250939179106,0.018979859558843223,3.7174378292827948,62.82704679329004,False,100
11,09_L9,7.348,0.164,506.56,5172.96,2.36,0.06290472516224285,-1.1205294451458947,0.08712342014816538,4.033882982409652,5.695260050173597,False,100
12,09_L9,7.744,0.172,506.58,5172.96,2.37,0.05767550511557193,-0.8752393010341073,-0.02561397144641596,6.809806170513196,1.2100516747341599,False,100
13,09_L9,6.028,0.149,506.62,5173.02,2.36,0.10534897932277996,-0.5980089148149832,0.031038975687570858,3.27374754016345,1.1782198762259801,False,100
14,09_L9,9.082,0.228,506.45,5172.75,2.44,0.03890538110267921,-0.283094802777663,0.07892198235511846,5.240844674172479,10.73462898066788,False,100
15,09_L9,6.604,0.155,506.62,5173.01,2.37,0.11335280610172523,-0.37859347237700075,-0.06783946983031224,3.6059572552180326,15.329952535077869,False,100
16,09_L9,8.338,0.202,506.53,5172.84,2.43,0.04518908261720233,-1.1684684162010708,-0.06326684760334117,5.701649826798139,3.842685706476555,False,100
17,09_L9,8.79,0.217,506.5,5172.78,2.46,0.03734305917474473,-0.792672713951252,0.011208311245170494,6.416109619957,1.3888153475030272,False,100
18,09_L9,6.156,0.15,506.63,5173.02,2.36,0.10155309490197519,-0.6004886441423093,0.029246060275622543,3.379681592466336,1.633458508290154,False,100
19,09_L9,7.732,0.178,506.55,5172.95,2.36,0.05898518861159474,-0.9279448055467682,-0.08550532367247335,4.098931749547642,8.503393521733978,False,100
20,09_L9,6.187,0.152,506.62,5173.02,2.36,0.10904324589687664,-0.17414091802708168,0.0024126524659489335,4.609623507285113,5.220704679046192,False,100
21,09_L9,9.857,0.257,506.46,5172.55,2.61,0.03534919900294201,-1.0573323570110456,-0.06994004173974865,6.523225640753405,82.22803394977984,False,100
22,09_L9,8.112,0.189,506.54,5172.9,2.39,0.05283396246535849,-0.6600812442247802,-0.028974279345907572,4.744570305095929,4.027495401916397,False,100
23,09_L9,7.781,0.174,506.57,5172.95,2.37,0.051011755804688946,-0.5112982733219474,0.03902435120969777,5.793760469777256,27.93612760327652,False,100
24,09_L9,18.805,0.334,506.51,5171.09,3.91,0.031194436897516227,-0.08050310768856943,-0.021331147445635884,5.8779913244853335,18.025930529868468,False,100
25,09_L9,6.482,0.151,506.62,5173.01,2.37,0.08183036341515677,-0.9105014829403537,0.05660609699238198,5.317933625732402,37.095000527646036,False,100
26,09_L9,10.006,0.261,506.45,5172.55,2.6,0.03149733630322777,-0.45460060850201944,0.04759024393524089,3.486666888866504,1.1208221357657635,False,100
27,09_L9,6.309,0.152,506.62,5173.02,2.36,0.11195179787597347,-0.2392198726530821,-0.045682799810163634,5.927294994862848,41.23310786658683,False,100
28,09_L9,7.432,0.167,506.56,5172.96,2.36,0.06508053131985533,-1.1015334876999987,0.016438779666485742,3.9702421482132038,97.44677713923058,False,100
29,09_L9,6.764,0.157,506.61,5173.0,2.37,0.09557654626722181,-0.43799898866178855,-0.004072348083513977,5.115098363594981,1.4517873120110008,False,100
30,09_L9,5.561,0.147,506.58,5173.03,2.33,0.14730261787007948,-0.9608824303377137,-0.05444397366052211,6.080305680304859,4.84703581762994,False,100
31,09_L9,9.926,0.236,506.44,5172.76,2.44,0.04952963550932441,-0.29020799777298006,-0.03594035997798403,3.743688359113234,2.1056309843782954,False,100
32,09_L9,5.939,0.151,506.61,5173.02,2.35,0.12180405963387751,-0.4104154542913664,-0.019497833652520086,5.592506788453622,4.339672621637447,False,100
33,09_L9,9.363,0.242,506.48,5172.64,2.55,0.030818586746950528,-0.8336635185351167,0.04469926432973895,4.461832084020925,6.775100264939073,False,100
34,09_L9,6.264,0.149,506.63,5173.02,2.37,0.09011204636007258,-0.6776287963532047,0.040210943803277,3.408444349868788,39.404710164531636,False,100
35,09_L9,13.917,0.341,506.47,5171.68,3.36,0.03264543702582738,-0.6977261939321685,-0.08307458269332249,6.2466220069555,55.69510644636162,False,100
36,09_L9,7.242,0.165,506.58,5172.98,2.37,0.09711232134639967,-0.4031717923587244,-0.05674555084573893,6.375687178782585,3.483024055162786,False,100
37,09_L9,7.638,0.169,506.58,5172.95,2.38,0.05519995929091167,-0.2566732413723565,0.06996491784990552,4.97164164370208,14.684943456004934,False,100
38,09_L9,10.59,0.276,506.44,5172.53,2.62,0.03023910397159681,-0.13797323269011735,0.06504241449077783,5.893897148728391,4.468520756635911,False,100
39,09_L9,7.498,0.167,506.59,5172.96,2.38,0.04214959623737518,-0.7847452772431304,0.07512853109451653,3.0189807906953052,2.988670547196116,False,100
40,09_L9,7.224,0.164,506.57,5172.96,2.37,0.06485096129368344,-0.582175777026994,0.09588857329776154,4.879243024863286,49.73751922646567,False,100
41,09_L9,8.583,0.209,506.49,5172.8,2.43,0.046146123118104565,-1.0018853448533172,-0.0768465165169184,4.707484595249767,11.616404325592386,False,100
42,09_L9,7.083,0.161,506.58,5172.98,2.36,0.08024838212509786,-0.975948140724149,0.005719934223340051,6.503535239935831,46.14307337144313,False,100
43,09_L9,5.403,0.146,506.59,5173.02,2.34,0.12007339846762792,-0.8121321194865835,0.058063704807590294,6.980133280443617,2.2776551376156613,False,100
44,09_L9,7.6,0.172,506.57,5172.95,2.38,0.043498357938862794,-1.008400119478454,0.025932215302405137,6.865388124359496,6.316439187927362,False,100
45,09_L9,8.813,0.214,506.49,5172.79,2.44,0.04794202069282696,-0.4629133913720478,0.00030224037970805195,5.411538030453828,2.0384122262485835,False,100
46,09_L9,7.548,0.168,506.57,5172.96,2.37,0.058650599124854146,-1.028160646749275,0.008790733417806978,6.289798137763256,6.9350458578572916,False,100
47,09_L9,10.178,0.261,506.44,5172.56,2.6,0.040047490872850165,-0.6575013760352041,-0.060873489618224114,3.29427829915318,1.041192862216564,False,100
48,09_L9,6.729,0.155,506.6,5173.0,2.37,0.08383782480437037,-0.8474095463167384,0.023657788395098273,4.403716796847384,53.58224382194229,False,100
49,09_L9,5.698,0.147,506.61,5173.02,2.35,0.11626121403209405,-0.8229664983654723,-0.012775082156423465,5.630529849522233,65.76480126441457,False,100
50,09_L9,8.678,0.217,506.47,5172.77,2.44,0.04319782152476329,-0.15911315817325924,0.09117215047818428,4.160773676473546,12.964109167968493,False,100
51,09_L9,6.546,0.153,506.62,5173.01,2.36,0.0995946234393035,-0.8788552887641466,-0.006614524608026279,3.591033880976796,1.336616674430799,False,100
52,09_L9,8.102,0.184,506.55,5172.92,2.39,0.08766209142985591,-0.12368069901122988,-0.08698391612069246,4.913461691910707,31.10688194444749,False,100
53,09_L9,8.986,0.218,506.48,5172.8,2.43,0.05643293342610836,-0.04497930211878011,0.026218071524680392,3.2241731143165007,1.0806105614892862,False,100
54,09_L9,4.926,0.145,506.52,5173.01,2.3,0.13114142609587734,-0.15198009499635026,0.07200343694279254,5.529316790231358,52.081748203615,False,100
55,09_L9,7.546,0.169,506.56,5172.96,2.36,0.07375822541800853,-0.7362758774868804,-0.014117488491253313,4.574197044326035,14.4199988476634,False,100
56,09_L9,7.36,0.166,506.57,5172.97,2.37,0.09166561560143444,-0.3860126004831003,-0.05854414037576337,3.194239008576593,28.94050883632522,False,100
57,09_L9,5.21,0.148,506.55,5173.02,2.31,0.1425536841680693,-0.027406296513527138,0.036743564855472866,5.737113446515396,7.812055741125951,False,100
58,09_L9,5.868,0.149,506.6,5173.03,2.34,0.14377203739524727,-0.5668445869600354,-0.09586041738701755,5.453348312662714,25.966832451953696,False,100
59,09_L9,20.279,0.315,506.34,5170.78,4.13,0.03520990432261875,-0.19429108011754273,-0.08866886066630628,3.1302943407600385,21.19741834095218,False,100
60,09_L9,5.874,0.151,506.6,5173.02,2.35,0.1375508679906537,-0.27103472228317016,-0.049056773691083515,3.7636890378866017,1.862579517859534,False,100
61,09_L9,7.143,0.161,506.57,5172.97,2.36,0.07029728289735525,-1.0754366334192627,0.07763132815661333,5.994700335205443,3.0876112205500554,False,100
62,09_L9,7.471,0.168,506.57,5172.96,2.37,0.0789351936617234,-0.30945880457039493,0.007969455615854673,3.095653361302946,1.7553483914127292,False,100
63,09_L9,7.459,0.168,506.57,5172.96,2.37,0.06269118416163805,-0.3456048281168263,0.09975674047168073,5.493400641510387,9.776796127331979,False,100
64,09_L9,5.998,0.152,506.62,5173.02,2.36,0.10723759350072841,-0.06869417376141838,0.03236682386039405,3.4634033876958434,4.720847015513016,False,100
65,09_L9,7.436,0.167,506.56,5172.96,2.36,0.07566308064554085,-0.9949974378239226,-0.009884207845730991,6.176726006519175,23.934869171328113,False,100
66,09_L9,7.96,0.18,506.56,5172.93,2.38,0.08495286407109848,-0.18674668379677478,-0.0658908130398021,4.5167648406863465,13.213507994714337,False,100
67,09_L9,13.224,0.338,506.45,5171.88,3.17,0.03333057126378999,-0.2112309003341344,-0.022272895276011742,4.535646075484039,8.133859764826866,False,100
68,09_L9,7.529,0.169,506.57,5172.96,2.37,0.05157929577138116,-1.1364789763679406,0.06003881895499205,6.5728039206694575,1.56559775939585,False,100
69,09_L9,5.528,0.147,506.59,5173.02,2.34,0.1271062230085441,-0.8976556375029677,0.015944304289914696,4.058010500654164,7.36419099822741,False,100
70,09_L9,11.105,0.279,506.41,5172.47,2.65,0.0376533815187383,-0.33217805054493804,-0.07403463237712402,4.2927430433002405,93.47942463847932,False,100
71,09_L9,5.799,0.148,506.62,5173.03,2.36,0.1046891208469454,-0.6425134708628021,0.03517335887207987,6.200668560304687,41.708455359433614,False,100
72,09_L9,7.394,0.165,506.57,5172.96,2.36,0.06156044116671056,-1.1915353745677901,0.08382754552484714,6.010849586302698,1.713741390289007,False,100
73,09_L9,10.31,0.268,506.45,5172.52,2.64,0.03382060999115622,-0.535352342770284,-2.980330699864364e-05,4.36308552839264,2.752463148628705,False,100
74,09_L9,4.884,0.144,506.52,5173.02,2.29,0.13190096689000907,-0.35913924548191445,0.09649170893871692,4.944345657935009,22.452914534577335,False,100
75,09_L9,7.282,0.166,506.58,5172.97,2.37,0.07474396096637222,-0.2220417657057467,0.051538102693075155,5.21432863589502,10.006880840427943,False,100
76,09_L9,9.207,0.229,506.44,5172.74,2.45,0.05537307655274359,-0.49347533733209115,-0.08100303193333774,6.664223924224944,8.774346227738642,False,100
77,09_L9,9.976,0.236,506.44,5172.76,2.44,0.041395586727189404,-0.01333838800279012,0.049042469354014545,5.33805631114403,20.088400691486967,False,100
78,09_L9,7.118,0.163,506.59,5172.98,2.37,0.09276114275800275,-0.47421775563902296,-0.051641258092647996,5.364684296572037,57.96751504483673,False,100
79,09_L9,9.379,0.229,506.45,5172.76,2.44,0.047298026431731935,-0.05367754489092859,0.05365490256916172,6.621650766575581,3.2165680274111206,False,100
80,09_L9,5.024,0.145,506.54,5173.02,2.31,0.13558649710369752,-1.1561866018967402,0.05459486217702844,4.237820468254933,19.13760825903531,False,100
81,09_L9,7.378,0.163,506.58,5172.96,2.37,0.05243348756991982,-1.1812658058230359,0.09232544512291074,4.76499801693425,3.7515924268608165,False,100
82,09_L9,7.483,0.168,506.56,5172.96,2.36,0.07195330475802,-0.7216068028180013,0.02110466555667112,6.056563331410671,1.2916785333558323,False,100
83,09_L9,10.076,0.257,506.45,5172.56,2.6,0.03451106548023551,-0.5614978471142896,0.013457458176428114,6.780040340953148,2.5268645503594485,False,100
84,09_L9,5.174,0.146,506.56,5173.02,2.32,0.12856973078497805,-0.7471895841225286,0.07120898013882018,6.9456695718583665,2.835613928336968,False,100
85,09_L9,5.857,0.153,506.58,5173.02,2.33,0.14905280570308715,-0.09194214130715815,-0.09696357699546199,6.733029048960102,24.649966143084747,False,100
86,09_L9,9.434,0.232,506.45,5172.76,2.44,0.044562278212585106,-0.8625181130760406,-0.09314532180835475,5.827744690509891,17.376960379446537,False,100
87,09_L9,9.738,0.232,506.44,5172.76,2.43,0.06798013497173494,-0.005279837140016286,-0.05360333991837432,4.328569535647858,5.448749070935411,False,100
88,09_L9,8.822,0.219,506.47,5172.79,2.43,0.04918543775772556,-0.6120768523358526,-0.0371787290349969,6.6827193865613745,5.923011779126751,False,100
89,09_L9,7.231,0.164,506.57,5172.97,2.36,0.09757995256298974,-0.9463897606678419,-0.07841225585211582,3.0707352867706406,16.067349241017414,False,100
90,09_L9,8.195,0.197,506.53,5172.86,2.41,0.04643306552810306,-0.9529600920835216,-0.04635421257884608,3.555044203940053,36.18688527577697,False,100
91,09_L9,11.499,0.294,506.46,5172.25,2.86,0.03640557877002325,-0.32074314159708384,-0.033842371745674796,3.824151352948183,26.568786646601147,False,100
92,09_L9,7.554,0.169,506.57,5172.96,2.37,0.060483533241074604,-1.0469387564014927,-0.038794538553337476,6.91062970472386,79.00015611918005,False,100
93,09_L9,5.689,0.146,506.61,5173.03,2.35,0.10243190028077503,-1.0408112168530148,0.06754967240556187,6.349833888163515,12.529254825740388,False,100
94,09_L9,5.304,0.147,506.58,5173.02,2.33,0.11943297731405086,-0.49197606474882644,0.08486607703677809,4.678296618409735,2.501919365971894,False,100
95,09_L9,8.124,0.19,506.55,5172.9,2.4,0.05411022765176882,-0.6281351913005767,-0.03137923079390416,4.136198117004212,18.93034712192913,False,100
96,09_L9,5.51,0.146,506.58,5173.02,2.33,0.1390600239467696,-1.1429811742268836,-0.040001047621686936,5.009273329460275,33.00436245799316,False,100
97,09_L9,8.578,0.201,506.52,5172.87,2.4,0.07120607577528995,-0.5170192221100897,-0.09000088131346543,5.644119572806269,9.432529130728565,False,100
98,09_L9,5.732,0.151,506.6,5173.02,2.35,0.11535099167328311,-0.10060066352430079,0.043200597195191925,3.9172625249597934,1.990788784835165,False,100
99,09_L9,9.484,0.233,506.44,5172.75,2.44,0.03635522468922735,-0.772744343547882,-0.026899818155561514,5.141292322093984,11.259401333916848,False,100
0,13_S2,6.414,0.068,506.67,5172.89,2.49,0.04046719236656159,-0.6894549565971125,0.08864817243966508,6.4794280815633245,6.105608031153782,False,100
1,13_S2,6.37,0.071,506.65,5172.9,2.47,0.08673074705309733,-1.0825409585993746,-0.07257328205299736,3.9484865103807785,2.291023294319874,False,100
2,13_S2,5.442,0.064,506.7,5172.87,2.53,0.0776255192076435,-0.5467679770413016,-0.011442720039914783,3.650698511950113,83.87143637656864,False,100
3,13_S2,5.995,0.067,506.67,5172.88,2.5,0.06681151143763539,-0.1194102120749411,0.06391992852504175,4.836659160247735,44.475855774084856,False,100
4,13_S2,6.074,0.065,506.69,5172.88,2.51,0.06903617504562444,-0.7610450552359266,-0.017254717897246502,3.871626971715598,70.44417961553894,False,100
5,13_S2,4.399,0.081,506.64,5172.9,2.46,0.12458713484996492,-1.1134451462416304,0.08052983002262248,4.26551188311083,3.3501748333405503,False,100
6,13_S2,6.373,0.068,506.67,5172.88,2.49,0.08948181805602635,-0.24015171943685565,-0.09887812915550508,5.068825322867856,34.054872903362295,False,100
7,13_S2,7.345,0.069,506.62,5172.6,2.67,0.038257862240453896,-0.9186741951431335,-0.07167084050577653,6.152062914055823,69.06077073580224,False,100
8,13_S2,5.535,0.065,506.69,5172.88,2.51,0.07693277968209739,-0.71278806154455,-0.002303272536165135,3.325201051648606,73.40373758627685,False,100
9,13_S2,9.312,0.087,506.57,5171.85,3.26,0.0324386193479707,-0.42912589983683125,-0.043832340770790096,5.198595695416794,87.21692508541086,False,100
10,13_S2,6.989,0.071,506.62,5172.72,2.58,0.041238522428381205,-0.36571250939179106,0.018979859558843223,3.7174378292827948,62.82704679329004,False,100
11,13_S2,6.24,0.069,506.66,5172.9,2.47,0.06290472516224285,-1.1205294451458947,0.08712342014816538,4.033882982409652,5.695260050173597,False,100
12,13_S2,6.543,0.065,506.68,5172.89,2.5,0.05767550511557193,-0.8752393010341073,-0.02561397144641596,6.809806170513196,1.2100516747341599,False,100
13,13_S2,5.288,0.072,506.67,5172.93,2.46,0.10534897932277996,-0.5980089148149832,0.031038975687570858,3.27374754016345,1.1782198762259801,False,100
14,13_S2,7.401,0.074,506.59,5172.59,2.66,0.03890538110267921,-0.283094802777663,0.07892198235511846,5.240844674172479,10.73462898066788,False,100
15,13_S2,5.666,0.071,506.67,5172.91,2.47,0.11335280610172523,-0.37859347237700075,-0.06783946983031224,3.6059572552180326,15.329952535077869,False,100
16,13_S2,6.971,0.074,506.64,5172.77,2.55,0.04518908261720233,-1.1684684162010708,-0.06326684760334117,5.701649826798139,3.842685706476555,False,100
17,13_S2,7.471,0.073,506.59,5172.62,2.64,0.03734305917474473,-0.792672713951252,0.011208311245170494,6.416109619957,1.3888153475030272,False,100
18,13_S2,5.387,0.073,506.68,5172.93,2.46,0.10155309490197519,-0.6004886441423093,0.029246060275622543,3.379681592466336,1.633458508290154,False,100
19,13_S2,6.509,0.071,506.65,5172.88,2.48,0.05898518861159474,-0.9279448055467682,-0.08550532367247335,4.098931749547642,8.503393521733978,False,100
20,13_S2,5.354,0.073,506.68,5172.93,2.47,0.10904324589687664,-0.17414091802708168,0.0024126524659489335,4.609623507285113,5.220704679046192,False,100
21,13_S2,7.622,0.066,506.66,5172.39,2.86,0.03534919900294201,-1.0573323570110456,-0.06994004173974865,6.523225640753405,82.22803394977984,False,100
22,13_S2,6.741,0.071,506.63,5172.83,2.51,0.05283396246535849,-0.6600812442247802,-0.028974279345907572,4.744570305095929,4.027495401916397,False,100
23,13_S2,6.216,0.065,506.68,5172.9,2.49,0.051011755804688946,-0.5112982733219474,0.03902435120969777,5.793760469777256,27.93612760327652,False,100
24,13_S2,13.273,0.08,506.25,5171.06,3.85,0.031194436897516227,-0.08050310768856943,-0.021331147445635884,5.8779913244853335,18.025930529868468,False,100
25,13_S2,5.254,0.069,506.7,5172.91,2.49,0.08183036341515677,-0.9105014829403537,0.05660609699238198,5.317933625732402,37.095000527646036,False,100
26,13_S2,9.561,0.09,506.51,5171.87,3.22,0.03149733630322777,-0.45460060850201944,0.04759024393524089,3.486666888866504,1.1208221357657635,False,100
27,13_S2,5.012,0.074,506.69,5172.91,2.49,0.11195179787597347,-0.2392198726530821,-0.045682799810163634,5.927294994862848,41.23310786658683,False,100
28,13_S2,5.597,0.062,506.71,5172.87,2.53,0.06508053131985533,-1.1015334876999987,0.016438779666485742,3.9702421482132038,97.44677713923058,False,100
29,13_S2,5.97,0.07,506.64,5172.9,2.47,0.09557654626722181,-0.43799898866178855,-0.004072348083513977,5.115098363594981,1.4517873120110008,False,100
30,13_S2,4.741,0.077,506.65,5172.92,2.45,0.14730261787007948,-0.9608824303377137,-0.05444397366052211,6.080305680304859,4.84703581762994,False,100
31,13_S2,8.048,0.076,506.58,5172.75,2.53,0.04952963550932441,-0.29020799777298006,-0.03594035997798403,3.743688359113234,2.1056309843782954,False,100
32,13_S2,5.112,0.075,506.67,5172.93,2.46,0.12180405963387751,-0.4104154542913664,-0.019497833652520086,5.592506788453622,4.339672621637447,False,100
33,13_S2,7.609,0.068,506.63,5172.44,2.8,0.030818586746950528,-0.8336635185351167,0.04469926432973895,4.461832084020925,6.775100264939073,False,100
34,13_S2,5.062,0.071,506.7,5172.92,2.49,0.09011204636007258,-0.6776287963532047,0.040210943803277,3.408444349868788,39.404710164531636,False,100
35,13_S2,11.538,0.082,506.35,5171.32,3.64,0.03264543702582738,-0.6977261939321685,-0.08307458269332249,6.2466220069555,55.69510644636162,False,100
36,13_S2,6.212,0.069,506.65,5172.9,2.47,0.09711232134639967,-0.4031717923587244,-0.05674555084573893,6.375687178782585,3.483024055162786,False,100
37,13_S2,6.436,0.069,506.66,5172.89,2.48,0.05519995929091167,-0.2566732413723565,0.06996491784990552,4.97164164370208,14.684943456004934,False,100
38,13_S2,10.377,0.096,506.55,5171.74,3.35,0.03023910397159681,-0.13797323269011735,0.06504241449077783,5.893897148728391,4.468520756635911,False,100
39,13_S2,6.319,0.072,506.65,5172.89,2.48,0.04214959623737518,-0.7847452772431304,0.07512853109451653,3.0189807906953052,2.988670547196116,False,100
40,13_S2,5.707,0.067,506.68,5172.88,2.5,0.06485096129368344,-0.582175777026994,0.09588857329776154,4.879243024863286,49.73751922646567,False,100
41,13_S2,7.206,0.071,506.62,5172.65,2.63,0.046146123118104565,-1.0018853448533172,-0.0768465165169184,4.707484595249767,11.616404325592386,False,100
42,13_S2,5.622,0.066,506.67,5172.89,2.49,0.08024838212509786,-0.975948140724149,0.005719934223340051,6.503535239935831,46.14307337144313,False,100
43,13_S2,4.619,0.078,506.66,5172.91,2.46,0.12007339846762792,-0.8121321194865835,0.058063704807590294,6.980133280443617,2.2776551376156613,False,100
44,13_S2,6.264,0.066,506.68,5172.87,2.51,0.043498357938862794,-1.008400119478454,0.025932215302405137,6.865388124359496,6.316439187927362,False,100
45,13_S2,7.194,0.076,506.59,5172.75,2.54,0.04794202069282696,-0.4629133913720478,0.00030224037970805195,5.411538030453828,2.0384122262485835,False,100
46,13_S2,6.353,0.063,506.68,5172.89,2.5,0.058650599124854146,-1.028160646749275,0.008790733417806978,6.289798137763256,6.9350458578572916,False,100
47,13_S2,10.232,0.087,506.56,5171.76,3.34,0.040047490872850165,-0.6575013760352041,-0.060873489618224114,3.29427829915318,1.041192862216564,False,100
48,13_S2,5.238,0.068,506.7,5172.9,2.51,0.08383782480437037,-0.8474095463167384,0.023657788395098273,4.403716796847384,53.58224382194229,False,100
49,13_S2,4.208,0.077,506.69,5172.86,2.52,0.11626121403209405,-0.8229664983654723,-0.012775082156423465,5.630529849522233,65.76480126441457,False,100
50,13_S2,7.094,0.075,506.59,5172.74,2.55,0.04319782152476329,-0.15911315817325924,0.09117215047818428,4.160773676473546,12.964109167968493,False,100
51,13_S2,5.793,0.07,506.65,5172.91,2.46,0.0995946234393035,-0.8788552887641466,-0.006614524608026279,3.591033880976796,1.336616674430799,False,100
52,13_S2,6.488,0.068,506.66,5172.87,2.5,0.08766209142985591,-0.12368069901122988,-0.08698391612069246,4.913461691910707,31.10688194444749,False,100
53,13_S2,7.412,0.075,506.59,5172.76,2.53,0.05643293342610836,-0.04497930211878011,0.026218071524680392,3.2241731143165007,1.0806105614892862,False,100
54,13_S2,3.394,0.091,506.58,5172.85,2.45,0.13114142609587734,-0.15198009499635026,0.07200343694279254,5.529316790231358,52.081748203615,False,100
55,13_S2,6.367,0.07,506.66,5172.9,2.48,0.07375822541800853,-0.7362758774868804,-0.014117488491253313,4.574197044326035,14.4199988476634,False,100
56,13_S2,6.084,0.069,506.66,5172.89,2.48,0.09166561560143444,-0.3860126004831003,-0.05854414037576337,3.194239008576593,28.94050883632522,False,100
57,13_S2,4.348,0.083,506.63,5172.89,2.46,0.1425536841680693,-0.027406296513527138,0.036743564855472866,5.737113446515396,7.812055741125951,False,100
58,13_S2,4.808,0.076,506.67,5172.91,2.47,0.14377203739524727,-0.5668445869600354,-0.09586041738701755,5.453348312662714,25.966832451953696,False,100
59,13_S2,13.815,0.076,506.23,5170.94,3.95,0.03520990432261875,-0.19429108011754273,-0.08866886066630628,3.1302943407600385,21.19741834095218,False,100
60,13_S2,5.089,0.076,506.66,5172.93,2.46,0.1375508679906537,-0.27103472228317016,-0.049056773691083515,3.7636890378866017,1.862579517859534,False,100
61,13_S2,6.09,0.068,506.65,5172.9,2.47,0.07029728289735525,-1.0754366334192627,0.07763132815661333,5.994700335205443,3.0876112205500554,False,100
62,13_S2,6.391,0.07,506.65,5172.9,2.47,0.0789351936617234,-0.30945880457039493,0.007969455615854673,3.095653361302946,1.7553483914127292,False,100
63,13_S2,6.302,0.069,506.66,5172.89,2.48,0.06269118416163805,-0.3456048281168263,0.09975674047168073,5.493400641510387,9.776796127331979,False,100
64,13_S2,5.186,0.075,506.68,5172.93,2.46,0.10723759350072841,-0.06869417376141838,0.03236682386039405,3.4634033876958434,4.720847015513016,False,100
65,13_S2,6.208,0.069,506.66,5172.89,2.48,0.07566308064554085,-0.9949974378239226,-0.009884207845730991,6.176726006519175,23.934869171328113,False,100
66,13_S2,6.626,0.069,506.66,5172.87,2.49,0.08495286407109848,-0.18674668379677478,-0.0658908130398021,4.5167648406863465,13.213507994714337,False,100
67,13_S2,12.626,0.082,506.34,5171.23,3.72,0.03333057126378999,-0.2112309003341344,-0.022272895276011742,4.535646075484039,8.133859764826866,False,100
68,13_S2,6.365,0.066,506.68,5172.89,2.49,0.05157929577138116,-1.1364789763679406,0.06003881895499205,6.5728039206694575,1.56559775939585,False,100
69,13_S2,4.718,0.077,506.66,5172.92,2.46,0.1271062230085441,-0.8976556375029677,0.015944304289914696,4.058010500654164,7.36419099822741,False,100
70,13_S2,8.178,0.077,506.62,5172.31,2.91,0.0376533815187383,-0.33217805054493804,-0.07403463237712402,4.2927430433002405,93.47942463847932,False,100
71,13_S2,4.572,0.076,506.69,5172.9,2.5,0.1046891208469454,-0.6425134708628021,0.03517335887207987,6.200668560304687,41.708455359433614,False,100
72,13_S2,6.288,0.069,506.66,5172.9,2.47,0.06156044116671056,-1.1915353745677901,0.08382754552484714,6.010849586302698,1.713741390289007,False,100
73,13_S2,10.422,0.088,506.57,5171.7,3.4,0.03382060999115622,-0.535352342770284,-2.980330699864364e-05,4.36308552839264,2.752463148628705,False,100
74,13_S2,3.8,0.089,506.6,5172.87,2.45,0.13190096689000907,-0.35913924548191445,0.09649170893871692,4.944345657935009,22.452914534577335,False,100
75,13_S2,6.17,0.069,506.65,5172.89,2.48,0.07474396096637222,-0.2220417657057467,0.051538102693075155,5.21432863589502,10.006880840427943,False,100
76,13_S2,7.35,0.076,506.58,5172.73,2.55,0.05537307655274359,-0.49347533733209115,-0.08100303193333774,6.664223924224944,8.774346227738642,False,100
77,13_S2,7.596,0.074,506.58,5172.74,2.54,0.041395586727189404,-0.01333838800279012,0.049042469354014545,5.33805631114403,20.088400691486967,False,100
78,13_S2,5.529,0.067,506.68,5172.88,2.5,0.09276114275800275,-0.47421775563902296,-0.051641258092647996,5.364684296572037,57.96751504483673,False,100
79,13_S2,7.6,0.076,506.59,5172.75,2.54,0.047298026431731935,-0.05367754489092859,0.05365490256916172,6.621650766575581,3.2165680274111206,False,100
80,13_S2,4.01,0.086,506.62,5172.88,2.46,0.13558649710369752,-1.1561866018967402,0.05459486217702844,4.237820468254933,19.13760825903531,False,100
81,13_S2,6.212,0.06,506.69,5172.89,2.5,0.05243348756991982,-1.1812658058230359,0.09232544512291074,4.76499801693425,3.7515924268608165,False,100
82,13_S2,6.371,0.07,506.65,5172.9,2.47,0.07195330475802,-0.7216068028180013,0.02110466555667112,6.056563331410671,1.2916785333558323,False,100
83,13_S2,9.318,0.089,506.53,5171.92,3.18,0.03451106548023551,-0.5614978471142896,0.013457458176428114,6.780040340953148,2.5268645503594485,False,100
84,13_S2,4.396,0.081,506.65,5172.9,2.46,0.12856973078497805,-0.7471895841225286,0.07120898013882018,6.9456695718583665,2.835613928336968,False,100
85,13_S2,4.757,0.078,506.66,5172.9,2.47,0.14905280570308715,-0.09194214130715815,-0.09696357699546199,6.733029048960102,24.649966143084747,False,100
86,13_S2,7.683,0.075,506.6,5172.61,2.65,0.044562278212585106,-0.8625181130760406,-0.09314532180835475,5.827744690509891,17.376960379446537,False,100
87,13_S2,7.853,0.076,506.58,5172.75,2.53,0.06798013497173494,-0.005279837140016286,-0.05360333991837432,4.328569535647858,5.448749070935411,False,100
88,13_S2,7.289,0.074,506.59,5172.7,2.58,0.04918543775772556,-0.6120768523358526,-0.0371787290349969,6.6827193865613745,5.923011779126751,False,100
89,13_S2,6.112,0.069,506.65,5172.9,2.47,0.09757995256298974,-0.9463897606678419,-0.07841225585211582,3.0707352867706406,16.067349241017414,False,100
90,13_S2,6.722,0.07,506.65,5172.78,2.56,0.04643306552810306,-0.9529600920835216,-0.04635421257884608,3.555044203940053,36.18688527577697,False,100
91,13_S2,10.541,0.094,506.57,5171.69,3.4,0.03640557877002325,-0.32074314159708384,-0.033842371745674796,3.824151352948183,26.568786646601147,False,100
92,13_S2,6.034,0.061,506.7,5172.88,2.52,0.060483533241074604,-1.0469387564014927,-0.038794538553337476,6.91062970472386,79.00015611918005,False,100
93,13_S2,4.796,0.076,506.68,5172.92,2.47,0.10243190028077503,-1.0408112168530148,0.06754967240556187,6.349833888163515,12.529254825740388,False,100
94,13_S2,4.544,0.079,506.66,5172.91,2.47,0.11943297731405086,-0.49197606474882644,0.08486607703677809,4.678296618409735,2.501919365971894,False,100
95,13_S2,6.701,0.071,506.64,5172.83,2.51,0.05411022765176882,-0.6281351913005767,-0.03137923079390416,4.136198117004212,18.93034712192913,False,100
96,13_S2,4.404,0.079,506.66,5172.89,2.48,0.1390600239467696,-1.1429811742268836,-0.040001047621686936,5.009273329460275,33.00436245799316,False,100
97,13_S2,6.98,0.077,506.6,5172.79,2.51,0.07120607577528995,-0.5170192221100897,-0.09000088131346543,5.644119572806269,9.432529130728565,False,100
98,13_S2,4.967,0.077,506.66,5172.92,2.46,0.11535099167328311,-0.10060066352430079,0.043200597195191925,3.9172625249597934,1.990788784835165,False,100
99,13_S2,8.275,0.078,506.6,5172.29,2.91,0.03635522468922735,-0.772744343547882,-0.026899818155561514,5.141292322093984,11.259401333916848,False,100
0,21_S1,7.124,0.0,506.63,5172.92,2.44,0.04046719236656159,-0.6894549565971125,0.08864817243966508,6.4794280815633245,6.105608031153782,False,100
1,21_S1,7.204,0.0,506.61,5172.94,2.41,0.08673074705309733,-1.0825409585993746,-0.07257328205299736,3.9484865103807785,2.291023294319874,False,100
2,21_S1,3.306,0.0,506.74,5172.8,2.6,0.0776255192076435,-0.5467679770413016,-0.011442720039914783,3.650698511950113,83.87143637656864,False,100
3,21_S1,5.247,0.0,506.74,5172.9,2.53,0.06681151143763539,-0.1194102120749411,0.06391992852504175,4.836659160247735,44.475855774084856,False,100
4,21_S1,4.871,0.0,506.76,5172.9,2.54,0.06903617504562444,-0.7610450552359266,-0.017254717897246502,3.871626971715598,70.44417961553894,False,100
5,21_S1,4.633,0.0,506.64,5172.95,2.42,0.12458713484996492,-1.1134451462416304,0.08052983002262248,4.26551188311083,3.3501748333405503,False,100
6,21_S1,6.209,0.0,506.69,5172.9,2.5,0.08948181805602635,-0.24015171943685565,-0.09887812915550508,5.068825322867856,34.054872903362295,False,100
7,21_S1,7.621,0.0,506.58,5172.71,2.56,0.038257862240453896,-0.9186741951431335,-0.07167084050577653,6.152062914055823,69.06077073580224,False,100
8,21_S1,3.84,0.0,506.74,5172.84,2.57,0.07693277968209739,-0.71278806154455,-0.002303272536165135,3.325201051648606,73.40373758627685,False,100
9,21_S1,7.988,0.0,506.64,5172.28,2.94,0.0324386193479707,-0.42912589983683125,-0.043832340770790096,5.198595695416794,87.21692508541086,False,100
10,21_S1,7.14,0.0,506.61,5172.74,2.56,0.041238522428381205,-0.36571250939179106,0.018979859558843223,3.7174378292827948,62.82704679329004,False,100
11,21_S1,6.994,0.0,506.62,5172.94,2.42,0.06290472516224285,-1.1205294451458947,0.08712342014816538,4.033882982409652,5.695260050173597,False,100
12,21_S1,7.111,0.0,506.62,5172.94,2.42,0.05767550511557193,-0.8752393010341073,-0.02561397144641596,6.809806170513196,1.2100516747341599,False,100
13,21_S1,5.743,0.0,506.67,5172.99,2.42,0.10534897932277996,-0.5980089148149832,0.031038975687570858,3.27374754016345,1.1782198762259801,False,100
14,21_S1,8.468,0.0,506.52,5172.56,2.64,0.03890538110267921,-0.283094802777663,0.07892198235511846,5.240844674172479,10.73462898066788,False,100
15,21_S1,5.706,0.0,506.7,5172.97,2.45,0.11335280610172523,-0.37859347237700075,-0.06783946983031224,3.6059572552180326,15.329952535077869,False,100
16,21_S1,7.676,0.0,506.58,5172.8,2.5,0.04518908261720233,-1.1684684162010708,-0.06326684760334117,5.701649826798139,3.842685706476555,False,100
17,21_S1,8.632,0.0,506.51,5172.54,2.65,0.03734305917474473,-0.792672713951252,0.011208311245170494,6.416109619957,1.3888153475030272,False,100
18,21_S1,5.845,0.0,506.68,5172.99,2.42,0.10155309490197519,-0.6004886441423093,0.029246060275622543,3.379681592466336,1.633458508290154,False,100
19,21_S1,7.319,0.0,506.63,5172.92,2.44,0.05898518861159474,-0.9279448055467682,-0.08550532367247335,4.098931749547642,8.503393521733978,False,100
20,21_S1,5.668,0.0,506.68,5172.98,2.43,0.10904324589687664,-0.17414091802708168,0.0024126524659489335,4.609623507285113,5.220704679046192,False,100
21,21_S1,7.693,0.0,506.6,5172.54,2.71,0.03534919900294201,-1.0573323570110456,-0.06994004173974865,6.523225640753405,82.22803394977984,False,100
22,21_S1,7.628,0.0,506.59,5172.84,2.47,0.05283396246535849,-0.6600812442247802,-0.028974279345907572,4.744570305095929,4.027495401916397,False,100
23,21_S1,6.701,0.0,506.67,5172.91,2.48,0.051011755804688946,-0.5112982733219474,0.03902435120969777,5.793760469777256,27.93612760327652,False,100
24,21_S1,15.968,0.0,505.79,5170.79,3.97,0.031194436897516227,-0.08050310768856943,-0.021331147445635884,5.8779913244853335,18.025930529868468,False,100
25,21_S1,4.634,0.0,506.76,5172.91,2.54,0.08183036341515677,-0.9105014829403537,0.05660609699238198,5.317933625732402,37.095000527646036,False,100
26,21_S1,11.713,0.0,506.4,5171.72,3.3,0.03149733630322777,-0.45460060850201944,0.04759024393524089,3.486666888866504,1.1208221357657635,False,100
27,21_S1,4.04,0.0,506.75,5172.86,2.56,0.11195179787597347,-0.2392198726530821,-0.045682799810163634,5.927294994862848,41.23310786658683,False,100
28,21_S1,3.323,0.0,506.71,5172.81,2.58,0.06508053131985533,-1.1015334876999987,0.016438779666485742,3.9702421482132038,97.44677713923058,False,100
29,21_S1,6.615,0.0,506.61,5172.93,2.41,0.09557654626722181,-0.43799898866178855,-0.004072348083513977,5.115098363594981,1.4517873120110008,False,100
30,21_S1,4.972,0.0,506.66,5172.96,2.43,0.14730261787007948,-0.9608824303377137,-0.05444397366052211,6.080305680304859,4.84703581762994,False,100
31,21_S1,9.059,0.0,506.47,5172.68,2.52,0.04952963550932441,-0.29020799777298006,-0.03594035997798403,3.743688359113234,2.1056309843782954,False,100
32,21_S1,5.418,0.0,506.67,5172.98,2.43,0.12180405963387751,-0.4104154542913664,-0.019497833652520086,5.592506788453622,4.339672621637447,False,100
33,21_S1,9.421,0.0,506.56,5172.27,2.9,0.030818586746950528,-0.8336635185351167,0.04469926432973895,4.461832084020925,6.775100264939073,False,100
34,21_S1,4.388,0.0,506.75,5172.89,2.55,0.09011204636007258,-0.6776287963532047,0.040210943803277,3.408444349868788,39.404710164531636,False,100
35,21_S1,10.168,0.0,506.39,5171.78,3.23,0.03264543702582738,-0.6977261939321685,-0.08307458269332249,6.2466220069555,55.69510644636162,False,100
36,21_S1,6.837,0.0,506.62,5172.94,2.42,0.09711232134639967,-0.4031717923587244,-0.05674555084573893,6.375687178782585,3.483024055162786,False,100
37,21_S1,6.833,0.0,506.64,5172.93,2.44,0.05519995929091167,-0.2566732413723565,0.06996491784990552,4.97164164370208,14.684943456004934,False,100
38,21_S1,13.083,0.0,506.16,5171.42,3.47,0.03023910397159681,-0.13797323269011735,0.06504241449077783,5.893897148728391,4.468520756635911,False,100
39,21_S1,7.08,0.0,506.62,5172.93,2.43,0.04214959623737518,-0.7847452772431304,0.07512853109451653,3.0189807906953052,2.988670547196116,False,100
40,21_S1,4.722,0.0,506.76,5172.9,2.55,0.06485096129368344,-0.582175777026994,0.09588857329776154,4.879243024863286,49.73751922646567,False,100
41,21_S1,8.152,0.0,506.55,5172.66,2.58,0.046146123118104565,-1.0018853448533172,-0.0768465165169184,4.707484595249767,11.616404325592386,False,100
42,21_S1,4.704,0.0,506.76,5172.9,2.55,0.08024838212509786,-0.975948140724149,0.005719934223340051,6.503535239935831,46.14307337144313,False,100
43,21_S1,4.878,0.0,506.66,5172.96,2.43,0.12007339846762792,-0.8121321194865835,0.058063704807590294,6.980133280443617,2.2776551376156613,False,100
44,21_S1,7.126,0.0,506.65,5172.92,2.45,0.043498357938862794,-1.008400119478454,0.025932215302405137,6.865388124359496,6.316439187927362,False,100
45,21_S1,8.224,0.0,506.51,5172.76,2.48,0.04794202069282696,-0.4629133913720478,0.00030224037970805195,5.411538030453828,2.0384122262485835,False,100
46,21_S1,7.121,0.0,506.66,5172.92,2.46,0.058650599124854146,-1.028160646749275,0.008790733417806978,6.289798137763256,6.9350458578572916,False,100
47,21_S1,13.647,0.0,506.12,5171.27,3.6,0.040047490872850165,-0.6575013760352041,-0.060873489618224114,3.29427829915318,1.041192862216564,False,100
48,21_S1,4.12,0.0,506.75,5172.86,2.57,0.08383782480437037,-0.8474095463167384,0.023657788395098273,4.403716796847384,53.58224382194229,False,100
49,21_S1,1.994,0.0,506.58,5172.8,2.49,0.11626121403209405,-0.8229664983654723,-0.012775082156423465,5.630529849522233,65.76480126441457,False,100
50,21_S1,7.856,0.0,506.53,5172.75,2.5,0.04319782152476329,-0.15911315817325924,0.09117215047818428,4.160773676473546,12.964109167968493,False,100
51,21_S1,6.46,0.0,506.62,5172.95,2.41,0.0995946234393035,-0.8788552887641466,-0.006614524608026279,3.591033880976796,1.336616674430799,False,100
52,21_S1,6.322,0.0,506.68,5172.9,2.49,0.08766209142985591,-0.12368069901122988,-0.08698391612069246,4.913461691910707,31.10688194444749,False,100
53,21_S1,8.369,0.0,506.48,5172.74,2.48,0.05643293342610836,-0.04497930211878011,0.026218071524680392,3.2241731143165007,1.0806105614892862,False,100
54,21_S1,1.276,0.0,506.21,5172.97,2.13,0.13114142609587734,-0.15198009499635026,0.07200343694279254,5.529316790231358,52.081748203615,False,100
55,21_S1,6.982,0.0,506.64,5172.93,2.44,0.07375822541800853,-0.7362758774868804,-0.014117488491253313,4.574197044326035,14.4199988476634,False,100
56,21_S1,5.999,0.0,506.68,5172.91,2.48,0.09166561560143444,-0.3860126004831003,-0.05854414037576337,3.194239008576593,28.94050883632522,False,100
57,21_S1,4.324,0.0,506.62,5172.92,2.43,0.1425536841680693,-0.027406296513527138,0.036743564855472866,5.737113446515396,7.812055741125951,False,100
58,21_S1,4.395,0.0,506.69,5172.9,2.49,0.14377203739524727,-0.5668445869600354,-0.09586041738701755,5.453348312662714,25.966832451953696,False,100
59,21_S1,17.099,0.0,505.75,5170.67,4.09,0.03520990432261875,-0.19429108011754273,-0.08866886066630628,3.1302943407600385,21.19741834095218,False,100
60,21_S1,5.489,0.0,506.66,5172.99,2.42,0.1375508679906537,-0.27103472228317016,-0.049056773691083515,3.7636890378866017,1.862579517859534,False,100
61,21_S1,6.766,0.0,506.62,5172.94,2.42,0.07029728289735525,-1.0754366334192627,0.07763132815661333,5.994700335205443,3.0876112205500554,False,100
62,21_S1,7.206,0.0,506.61,5172.94,2.42,0.0789351936617234,-0.30945880457039493,0.007969455615854673,3.095653361302946,1.7553483914127292,False,100
63,21_S1,6.874,0.0,506.63,5172.93,2.43,0.06269118416163805,-0.3456048281168263,0.09975674047168073,5.493400641510387,9.776796127331979,False,100
64,21_S1,5.545,0.0,506.68,5172.99,2.43,0.10723759350072841,-0.06869417376141838,0.03236682386039405,3.4634033876958434,4.720847015513016,False,100
65,21_S1,6.422,0.0,506.66,5172.92,2.46,0.07566308064554085,-0.9949974378239226,-0.009884207845730991,6.176726006519175,23.934869171328113,False,100
66,21_S1,7.135,0.0,506.63,5172.92,2.44,0.08495286407109848,-0.18674668379677478,-0.0658908130398021,4.5167648406863465,13.213507994714337,False,100
67,21_S1,16.604,0.0,505.7,5170.79,3.96,0.03333057126378999,-0.2112309003341344,-0.022272895276011742,4.535646075484039,8.133859764826866,False,100
68,21_S1,7.168,0.0,506.65,5172.93,2.45,0.05157929577138116,-1.1364789763679406,0.06003881895499205,6.5728039206694575,1.56559775939585,False,100
69,21_S1,4.934,0.0,506.66,5172.96,2.43,0.1271062230085441,-0.8976556375029677,0.015944304289914696,4.058010500654164,7.36419099822741,False,100
70,21_S1,7.32,0.0,506.67,5172.49,2.79,0.0376533815187383,-0.33217805054493804,-0.07403463237712402,4.2927430433002405,93.47942463847932,False,100
71,21_S1,3.486,0.0,506.72,5172.84,2.56,0.1046891208469454,-0.6425134708628021,0.03517335887207987,6.200668560304687,41.708455359433614,False,100
72,21_S1,7.101,0.0,506.62,5172.94,2.42,0.06156044116671056,-1.1915353745677901,0.08382754552484714,6.010849586302698,1.713741390289007,False,100
73,21_S1,14.108,0.0,505.88,5171.08,3.72,0.03382060999115622,-0.535352342770284,-2.980330699864364e-05,4.36308552839264,2.752463148628705,False,100
74,21_S1,3.28,0.0,506.56,5172.89,2.41,0.13190096689000907,-0.35913924548191445,0.09649170893871692,4.944345657935009,22.452914534577335,False,100
75,21_S1,6.631,0.0,506.63,5172.93,2.43,0.07474396096637222,-0.2220417657057467,0.051538102693075155,5.21432863589502,10.006880840427943,False,100
76,21_S1,8.362,0.0,506.5,5172.69,2.53,0.05537307655274359,-0.49347533733209115,-0.08100303193333774,6.664223924224944,8.774346227738642,False,100
77,21_S1,8.344,0.0,506.51,5172.68,2.54,0.041395586727189404,-0.01333838800279012,0.049042469354014545,5.33805631114403,20.088400691486967,False,100
78,21_S1,4.164,0.0,506.75,5172.86,2.57,0.09276114275800275,-0.47421775563902296,-0.051641258092647996,5.364684296572037,57.96751504483673,False,100
79,21_S1,8.287,0.0,506.48,5172.73,2.48,0.047298026431731935,-0.05367754489092859,0.05365490256916172,6.621650766575581,3.2165680274111206,False,100
80,21_S1,3.647,0.0,506.6,5172.9,2.43,0.13558649710369752,-1.1561866018967402,0.05459486217702844,4.237820468254933,19.13760825903531,False,100
81,21_S1,7.02,0.0,506.65,5172.93,2.45,0.05243348756991982,-1.1812658058230359,0.09232544512291074,4.76499801693425,3.7515924268608165,False,100
82,21_S1,7.182,0.0,506.62,5172.94,2.42,0.07195330475802,-0.7216068028180013,0.02110466555667112,6.056563331410671,1.2916785333558323,False,100
83,21_S1,11.064,0.0,506.44,5171.87,3.18,0.03451106548023551,-0.5614978471142896,0.013457458176428114,6.780040340953148,2.5268645503594485,False,100
84,21_S1,4.564,0.0,506.64,5172.95,2.43,0.12856973078497805,-0.7471895841225286,0.07120898013882018,6.9456695718583665,2.835613928336968,False,100
85,21_S1,4.231,0.0,506.68,5172.89,2.5,0.14905280570308715,-0.09194214130715815,-0.09696357699546199,6.733029048960102,24.649966143084747,False,100
86,21_S1,8.628,0.0,506.53,5172.53,2.67,0.044562278212585106,-0.8625181130760406,-0.09314532180835475,5.827744690509891,17.376960379446537,False,100
87,21_S1,9.162,0.0,506.49,5172.74,2.48,0.06798013497173494,-0.005279837140016286,-0.05360333991837432,4.328569535647858,5.448749070935411,False,100
88,21_S1,8.298,0.0,506.53,5172.72,2.53,0.04918543775772556,-0.6120768523358526,-0.0371787290349969,6.6827193865613745,5.923011779126751,False,100
89,21_S1,6.513,0.0,506.63,5172.93,2.44,0.09757995256298974,-0.9463897606678419,-0.07841225585211582,3.0707352867706406,16.067349241017414,False,100
90,21_S1,7.353,0.0,506.63,5172.79,2.54,0.04643306552810306,-0.9529600920835216,-0.04635421257884608,3.555044203940053,36.18688527577697,False,100
91,21_S1,11.502,0.0,506.4,5171.74,3.28,0.03640557877002325,-0.32074314159708384,-0.033842371745674796,3.824151352948183,26.568786646601147,False,100
92,21_S1,4.617,0.0,506.76,5172.89,2.55,0.060483533241074604,-1.0469387564014927,-0.038794538553337476,6.91062970472386,79.00015611918005,False,100
93,21_S1,4.835,0.0,506.68,5172.95,2.46,0.10243190028077503,-1.0408112168530148,0.06754967240556187,6.349833888163515,12.529254825740388,False,100
94,21_S1,4.822,0.0,506.65,5172.96,2.43,0.11943297731405086,-0.49197606474882644,0.08486607703677809,4.678296618409735,2.501919365971894,False,100
95,21_S1,7.235,0.0,506.63,5172.88,2.47,0.05411022765176882,-0.6281351913005767,-0.03137923079390416,4.136198117004212,18.93034712192913,False,100
96,21_S1,3.53,0.0,506.68,5172.86,2.52,0.1390600239467696,-1.1429811742268836,-0.040001047621686936,5.009273329460275,33.00436245799316,False,100
97,21_S1,7.781,0.0,506.57,5172.81,2.48,0.07120607577528995,-0.5170192221100897,-0.09000088131346543,5.644119572806269,9.432529130728565,False,100
98,21_S1,5.343,0.0,506.66,5172.98,2.42,0.11535099167328311,-0.10060066352430079,0.043200597195191925,3.9172625249597934,1.990788784835165,False,100
99,21_S1,10.008,0.0,506.52,5172.04,3.07,0.03635522468922735,-0.772744343547882,-0.026899818155561514,5.141292322093984,11.259401333916848,False,100
