date,ground,ever_water_km2,WATER_km2,DRY_EO_confirmed_km2,DRY_model_only_km2,UNKNOWN_km2,UNKNOWN_after_EO_dry_km2
2023-06-06,dry-before-event ground,65.71,65.71,0.0,0.0,0.0,0.0
2023-06-06,vegetated wetland,292.51,292.51,0.0,0.0,0.0,0.0
2023-06-07,dry-before-event ground,152.24,150.35,0.0,0.0,1.89,0.0
2023-06-07,vegetated wetland,308.27,307.14,0.0,0.0,1.14,0.0
2023-06-08,dry-before-event ground,177.28,133.26,1.44,0.01,42.58,0.0
2023-06-08,vegetated wetland,345.96,341.33,0.11,0.0,4.52,0.0
2023-06-09,dry-before-event ground,189.57,120.89,39.54,15.71,13.44,0.0
2023-06-09,vegetated wetland,370.53,361.87,0.56,2.57,5.53,0.01
2023-06-10,dry-before-event ground,195.08,128.98,17.01,23.85,25.23,5.41
2023-06-10,vegetated wetland,371.12,304.92,0.0,2.92,63.28,0.02
2023-06-11,dry-before-event ground,196.09,116.07,20.2,26.77,33.05,2.08
2023-06-11,vegetated wetland,371.19,304.0,0.0,2.96,64.22,0.02
2023-06-12,dry-before-event ground,196.1,95.66,21.88,33.31,45.25,0.4
2023-06-12,vegetated wetland,371.2,301.95,0.0,3.19,66.06,0.02
2023-06-13,dry-before-event ground,196.35,60.81,65.37,36.42,33.74,0.0
2023-06-13,vegetated wetland,371.77,313.03,0.67,4.21,53.85,0.0
2023-06-14,dry-before-event ground,196.81,41.21,71.59,43.82,40.19,0.0
2023-06-14,vegetated wetland,372.26,300.37,0.97,5.29,65.63,0.0
2023-06-15,dry-before-event ground,196.83,32.06,54.06,53.44,57.27,13.56
2023-06-15,vegetated wetland,372.27,282.24,0.73,7.09,82.21,0.05
2023-06-16,dry-before-event ground,196.83,19.34,59.73,67.33,50.44,7.58
2023-06-16,vegetated wetland,372.31,276.81,0.0,13.87,81.62,0.06
2023-06-17,dry-before-event ground,196.83,10.87,63.58,79.07,43.32,3.73
2023-06-17,vegetated wetland,372.33,262.91,0.01,23.97,85.44,0.06
2023-06-18,dry-before-event ground,197.14,6.75,83.36,81.29,25.74,0.01
2023-06-18,vegetated wetland,372.74,236.46,6.61,25.19,104.48,0.02
2023-06-19,dry-before-event ground,197.14,0.21,71.54,86.33,39.07,11.77
2023-06-19,vegetated wetland,372.75,210.9,0.04,29.18,132.63,1.69
2023-06-20,dry-before-event ground,197.17,1.08,75.41,87.86,32.82,8.48
2023-06-20,vegetated wetland,372.75,165.47,2.04,30.3,174.93,1.53
2023-06-21,dry-before-event ground,197.18,1.23,87.77,89.7,18.48,0.44
2023-06-21,vegetated wetland,372.91,137.57,6.34,32.52,196.48,0.46
2023-06-22,dry-before-event ground,197.18,0.0,80.48,90.96,25.74,7.73
2023-06-22,vegetated wetland,372.91,94.4,0.12,34.63,243.76,6.21
2023-06-23,dry-before-event ground,197.26,1.57,86.77,91.36,17.55,1.75
2023-06-23,vegetated wetland,372.93,61.47,8.84,37.7,264.93,2.32
2023-06-24,dry-before-event ground,197.26,0.0,83.68,92.34,21.24,4.84
2023-06-24,vegetated wetland,373.0,57.53,0.39,37.81,277.26,8.29
2023-06-25,dry-before-event ground,197.51,1.17,90.83,91.36,14.15,0.07
2023-06-25,vegetated wetland,373.37,58.7,9.29,38.32,267.06,1.1
2023-06-26,dry-before-event ground,197.51,0.56,91.19,91.83,13.93,0.07
2023-06-26,vegetated wetland,373.49,60.94,6.87,38.36,267.31,1.52
2023-06-27,dry-before-event ground,197.51,0.0,87.36,91.93,18.22,3.9
2023-06-27,vegetated wetland,373.5,46.0,0.79,39.63,287.08,7.53
2023-06-28,dry-before-event ground,197.65,2.54,89.31,90.81,14.98,0.73
2023-06-28,vegetated wetland,373.65,53.69,10.21,36.84,272.9,2.01
2023-06-29,dry-before-event ground,197.65,0.0,85.25,91.95,20.45,4.78
2023-06-29,vegetated wetland,373.69,56.11,0.41,37.64,279.52,9.22
2023-06-30,dry-before-event ground,197.69,2.7,92.99,88.31,13.69,0.08
2023-06-30,vegetated wetland,374.4,68.11,8.64,37.14,260.51,1.04
