variant,suffix,rev,rule,closure,closure_offset_vs_p59_m,margin_m,river_floor_m,swot_max_dist_m,dist_to_prewater_max_m,baseline_until,connectivity,seed_network,max_gap_days,wse_river_aware,terrain_bias,vertical_datum,evaluation,wse_method,status
connected_ceiling,_connected_ceiling,6,connected_ceiling,kherson_paper1,0.2086,0.0,1.0,15000.0,10000.0,2023-06-05,8,all_prewater,,False,class,EVRF2019,union mosaic,"node-based: median of K=5 nearest SWOT nodes within 3 km, per-node time interpolation (observed/interpolated/held flags), gauge as a node, gauge cap beyond 15 km west of the gauge; coarse 100 m lattice anchored in map coordinates (rev 6; the p59 chainage is not comparable across SWORD branches)",current
hand_and_ceiling,_hand_and_ceiling,6,hand_and_ceiling,kherson_paper1,0.2086,0.0,1.0,15000.0,10000.0,2023-06-05,8,all_prewater,,False,class,EVRF2019,union mosaic,"node-based: median of K=5 nearest SWOT nodes within 3 km, per-node time interpolation (observed/interpolated/held flags), gauge as a node, gauge cap beyond 15 km west of the gauge; coarse 100 m lattice anchored in map coordinates (rev 6; the p59 chainage is not comparable across SWORD branches)",current
ceiling_only,_ceiling_only,6,ceiling_only,kherson_paper1,0.2086,0.0,1.0,15000.0,10000.0,2023-06-05,8,all_prewater,,False,class,EVRF2019,union mosaic,"node-based: median of K=5 nearest SWOT nodes within 3 km, per-node time interpolation (observed/interpolated/held flags), gauge as a node, gauge cap beyond 15 km west of the gauge; coarse 100 m lattice anchored in map coordinates (rev 6; the p59 chainage is not comparable across SWORD branches)",current
connected_ceiling_dem_uncorrected,_connected_ceiling_dem_uncorrected,6,connected_ceiling,kherson_paper1,0.2086,0.0,1.0,15000.0,10000.0,2023-06-05,8,all_prewater,,False,none,EVRF2019,union mosaic,"node-based: median of K=5 nearest SWOT nodes within 3 km, per-node time interpolation (observed/interpolated/held flags), gauge as a node, gauge cap beyond 15 km west of the gauge; coarse 100 m lattice anchored in map coordinates (rev 6; the p59 chainage is not comparable across SWORD branches)",current
"connected_ceiling (superseded closure, +0.5 m)",_connected_ceiling_closure_p59_m050,6,connected_ceiling,p59_reservoir,0.0,0.5,1.0,15000.0,10000.0,2023-06-05,8,all_prewater,,False,class,EVRF2019,union mosaic,"node-based: median of K=5 nearest SWOT nodes within 3 km, per-node time interpolation (observed/interpolated/held flags), gauge as a node, gauge cap beyond 15 km west of the gauge; coarse 100 m lattice anchored in map coordinates (rev 6; the p59 chainage is not comparable across SWORD branches)",superseded
connected_ceiling_conn4,_connected_ceiling_conn4,6,connected_ceiling,kherson_paper1,0.2086,0.0,1.0,15000.0,10000.0,2023-06-05,4,all_prewater,,False,class,EVRF2019,union mosaic,"node-based: median of K=5 nearest SWOT nodes within 3 km, per-node time interpolation (observed/interpolated/held flags), gauge as a node, gauge cap beyond 15 km west of the gauge; coarse 100 m lattice anchored in map coordinates (rev 6; the p59 chainage is not comparable across SWORD branches)",current
connected_ceiling_seed_mainstem,_connected_ceiling_seed_mainstem,6,connected_ceiling,kherson_paper1,0.2086,0.0,1.0,15000.0,10000.0,2023-06-05,8,main_stem,,False,class,EVRF2019,union mosaic,"node-based: median of K=5 nearest SWOT nodes within 3 km, per-node time interpolation (observed/interpolated/held flags), gauge as a node, gauge cap beyond 15 km west of the gauge; coarse 100 m lattice anchored in map coordinates (rev 6; the p59 chainage is not comparable across SWORD branches)",current
connected_ceiling_maxgap3,_connected_ceiling_maxgap3,6,connected_ceiling,kherson_paper1,0.2086,0.0,1.0,15000.0,10000.0,2023-06-05,8,all_prewater,3.0,False,class,EVRF2019,union mosaic,"node-based: median of K=5 nearest SWOT nodes within 3 km, per-node time interpolation (observed/interpolated/held flags), gauge as a node, gauge cap beyond 15 km west of the gauge; coarse 100 m lattice anchored in map coordinates (rev 6; the p59 chainage is not comparable across SWORD branches)",current
connected_ceiling_riveraware,_connected_ceiling_riveraware,6,connected_ceiling,kherson_paper1,0.2086,0.0,1.0,15000.0,10000.0,2023-06-05,8,all_prewater,,True,class,EVRF2019,union mosaic,"node-based: median of K=5 nearest SWOT nodes within 3 km, per-node time interpolation (observed/interpolated/held flags), gauge as a node, gauge cap beyond 15 km west of the gauge; coarse 100 m lattice anchored in map coordinates (rev 6; the p59 chainage is not comparable across SWORD branches)",current
connected_ceiling_inhulets_gauge_node,_connected_ceiling_inhulets_gauge_node,6,connected_ceiling,kherson_paper1,0.2086,0.0,1.0,15000.0,10000.0,2023-06-05,8,all_prewater,,False,class,EVRF2019,union mosaic,"node-based: median of K=5 nearest SWOT nodes within 3 km, per-node time interpolation (observed/interpolated/held flags), gauge as a node, gauge cap beyond 15 km west of the gauge; coarse 100 m lattice anchored in map coordinates (rev 6; the p59 chainage is not comparable across SWORD branches)",current
connected_ceiling_fallback10km,_connected_ceiling_fallback10km,6,connected_ceiling,kherson_paper1,0.2086,0.0,1.0,15000.0,10000.0,2023-06-05,8,all_prewater,,False,class,EVRF2019,union mosaic,"node-based: median of K=5 nearest SWOT nodes within 3 km, per-node time interpolation (observed/interpolated/held flags), gauge as a node, gauge cap beyond 15 km west of the gauge; coarse 100 m lattice anchored in map coordinates (rev 6; the p59 chainage is not comparable across SWORD branches)",current
