kind,gap_lo_days,gap_hi_days,n,NMAD_m,RMSE_m,median_m,p05_m,p95_m
interpolated,1,1,25099,0.0662,0.7455,0.0096,-0.6253,0.1814
interpolated,2,2,23382,0.1176,1.2062,0.0288,-1.4381,1.857
interpolated,3,4,42156,0.3272,1.7908,0.1226,-4.4506,3.2916
interpolated,5,8,73692,1.1464,2.6028,0.3869,-5.8465,2.8341
interpolated,9,8,0,,,,,
held,1,1,1462,0.0885,0.1328,-0.0572,-0.1809,0.1088
held,2,2,2866,0.0628,0.1148,0.0131,-0.092,0.1432
held,3,4,8340,0.0755,0.1603,0.0158,-0.1127,0.1977
held,5,8,26753,0.2533,2.811,0.1542,-0.1586,7.5859
held,9,8,0,,,,,
interpolated (assigned),9,999,0,1.1464,2.6028,,,
held (assigned),9,999,0,0.2533,2.811,,,
all (gap-matched),1,8,203750,0.2974,2.0948,0.0673,-4.7177,3.0914
superseded triplet leave-one-out (rev 1),1,1,17313,0.0544,,,,
