date,support_kind,km2,share_of_corridor_base,km2_water,km2_gauge_capped,n_nodes,n_observed,n_interpolated,n_held,n_unavailable,gauge_observed,median_gap_days_interpolated
2023-06-05,nodes_within_3km,644.1,0.1353,264.1,0.0,777,749,26,2,0,True,1.0
2023-06-05,nearest_node_fallback,4116.8,0.8647,197.2,1404.2,777,749,26,2,0,True,1.0
2023-06-05,no_water_surface,0.0,0.0,0.0,0.0,777,749,26,2,0,True,1.0
2023-06-06,nodes_within_3km,644.1,0.1353,348.2,0.0,777,639,138,0,0,True,1.0
2023-06-06,nearest_node_fallback,4116.8,0.8647,281.7,1404.2,777,639,138,0,0,True,1.0
2023-06-06,no_water_surface,0.0,0.0,0.0,0.0,777,639,138,0,0,True,1.0
2023-06-07,nodes_within_3km,644.1,0.1353,369.3,0.0,777,355,422,0,0,True,1.0
2023-06-07,nearest_node_fallback,4116.8,0.8647,349.4,1404.2,777,355,422,0,0,True,1.0
2023-06-07,no_water_surface,0.0,0.0,0.0,0.0,777,355,422,0,0,True,1.0
2023-06-08,nodes_within_3km,644.1,0.1353,370.9,0.0,777,353,424,0,0,True,1.0
2023-06-08,nearest_node_fallback,4116.8,0.8647,359.9,1404.2,777,353,424,0,0,True,1.0
2023-06-08,no_water_surface,0.0,0.0,0.0,0.0,777,353,424,0,0,True,1.0
2023-06-09,nodes_within_3km,644.1,0.1353,365.2,0.0,777,674,103,0,0,True,2.0
2023-06-09,nearest_node_fallback,4116.8,0.8647,305.1,1404.2,777,674,103,0,0,True,2.0
2023-06-09,no_water_surface,0.0,0.0,0.0,0.0,777,674,103,0,0,True,2.0
2023-06-10,nodes_within_3km,644.1,0.1353,358.7,0.0,777,615,162,0,0,True,1.0
2023-06-10,nearest_node_fallback,4116.8,0.8647,300.3,1404.2,777,615,162,0,0,True,1.0
2023-06-10,no_water_surface,0.0,0.0,0.0,0.0,777,615,162,0,0,True,1.0
2023-06-11,nodes_within_3km,644.1,0.1353,351.8,0.0,777,657,120,0,0,True,1.0
2023-06-11,nearest_node_fallback,4116.8,0.8647,294.5,1404.2,777,657,120,0,0,True,1.0
2023-06-11,no_water_surface,0.0,0.0,0.0,0.0,777,657,120,0,0,True,1.0
2023-06-12,nodes_within_3km,644.1,0.1353,347.1,0.0,777,746,31,0,0,True,2.0
2023-06-12,nearest_node_fallback,4116.8,0.8647,281.8,1404.2,777,746,31,0,0,True,2.0
2023-06-12,no_water_surface,0.0,0.0,0.0,0.0,777,746,31,0,0,True,2.0
2023-06-13,nodes_within_3km,644.1,0.1353,341.2,0.0,777,714,63,0,0,True,1.0
2023-06-13,nearest_node_fallback,4116.8,0.8647,270.2,1404.2,777,714,63,0,0,True,1.0
2023-06-13,no_water_surface,0.0,0.0,0.0,0.0,777,714,63,0,0,True,1.0
2023-06-14,nodes_within_3km,644.1,0.1353,334.2,0.0,777,725,52,0,0,True,2.0
2023-06-14,nearest_node_fallback,4116.8,0.8647,255.0,1404.2,777,725,52,0,0,True,2.0
2023-06-14,no_water_surface,0.0,0.0,0.0,0.0,777,725,52,0,0,True,2.0
2023-06-15,nodes_within_3km,644.1,0.1353,329.5,0.0,777,0,777,0,0,True,1.0
2023-06-15,nearest_node_fallback,4116.8,0.8647,225.4,1404.2,777,0,777,0,0,True,1.0
2023-06-15,no_water_surface,0.0,0.0,0.0,0.0,777,0,777,0,0,True,1.0
2023-06-16,nodes_within_3km,644.1,0.1353,324.1,0.0,777,415,362,0,0,True,1.0
2023-06-16,nearest_node_fallback,4116.8,0.8647,221.5,1404.2,777,415,362,0,0,True,1.0
2023-06-16,no_water_surface,0.0,0.0,0.0,0.0,777,415,362,0,0,True,1.0
2023-06-18,nodes_within_3km,644.1,0.1353,313.2,0.0,777,771,6,0,0,True,5.0
2023-06-18,nearest_node_fallback,4116.8,0.8647,215.1,1404.2,777,771,6,0,0,True,5.0
2023-06-18,no_water_surface,0.0,0.0,0.0,0.0,777,771,6,0,0,True,5.0
2023-06-21,nodes_within_3km,644.1,0.1353,287.7,0.0,777,439,338,0,0,True,1.0
2023-06-21,nearest_node_fallback,4116.8,0.8647,203.3,1404.2,777,439,338,0,0,True,1.0
2023-06-21,no_water_surface,0.0,0.0,0.0,0.0,777,439,338,0,0,True,1.0
2023-06-25,nodes_within_3km,644.1,0.1353,244.3,0.0,777,769,8,0,0,True,1.0
2023-06-25,nearest_node_fallback,4116.8,0.8647,203.4,1404.2,777,769,8,0,0,True,1.0
2023-06-25,no_water_surface,0.0,0.0,0.0,0.0,777,769,8,0,0,True,1.0
2023-06-30,nodes_within_3km,644.1,0.1353,252.8,0.0,777,0,777,0,0,True,1.0
2023-06-30,nearest_node_fallback,4116.8,0.8647,212.6,1404.2,777,0,777,0,0,True,1.0
2023-06-30,no_water_surface,0.0,0.0,0.0,0.0,777,0,777,0,0,True,1.0
