date,region,A_full_km2,A_direct_km2,A_extrapolated_km2,A_weak_km2,A_core_le10km_km2,share_weak,A_gauge_capped_km2,A_cross_river_km2,A_cap10km_sensitivity_km2,note
2023-06-06,DNIPRO_CORRIDOR,132.14,59.73,68.86,3.55,128.59,0.0269,0.0,,128.6,"nominal run of the primary rule; classes by the distance of the nearest SWOT node (direct <= 3 km, extrapolated 3-10 km, weak > 10 km; operational thresholds); core = direct + extrapolated; the cap run recomputes the connectivity without surfaces from nodes > 10 km and is a sensitivity, not the core"
2023-06-06,INHULETS_VALLEY_rect,35.02,0.31,1.91,32.79,2.23,0.9364,0.0,11.01,2.2,"nominal run of the primary rule; classes by the distance of the nearest SWOT node (direct <= 3 km, extrapolated 3-10 km, weak > 10 km; operational thresholds); core = direct + extrapolated; the cap run recomputes the connectivity without surfaces from nodes > 10 km and is a sensitivity, not the core"
2023-06-06,P42_FLOODPLAIN_DOMAIN,107.09,53.68,52.9,0.51,106.58,0.0047,0.0,,106.6,"nominal run of the primary rule; classes by the distance of the nearest SWOT node (direct <= 3 km, extrapolated 3-10 km, weak > 10 km; operational thresholds); core = direct + extrapolated; the cap run recomputes the connectivity without surfaces from nodes > 10 km and is a sensitivity, not the core"
2023-06-07,DNIPRO_CORRIDOR,214.86,80.45,118.16,16.25,198.61,0.0756,0.0,,198.6,"nominal run of the primary rule; classes by the distance of the nearest SWOT node (direct <= 3 km, extrapolated 3-10 km, weak > 10 km; operational thresholds); core = direct + extrapolated; the cap run recomputes the connectivity without surfaces from nodes > 10 km and is a sensitivity, not the core"
2023-06-07,INHULETS_VALLEY_rect,42.26,0.45,2.67,39.15,3.12,0.9263,0.0,11.26,3.1,"nominal run of the primary rule; classes by the distance of the nearest SWOT node (direct <= 3 km, extrapolated 3-10 km, weak > 10 km; operational thresholds); core = direct + extrapolated; the cap run recomputes the connectivity without surfaces from nodes > 10 km and is a sensitivity, not the core"
2023-06-07,P42_FLOODPLAIN_DOMAIN,170.54,67.71,92.74,10.08,160.46,0.0591,0.0,,160.5,"nominal run of the primary rule; classes by the distance of the nearest SWOT node (direct <= 3 km, extrapolated 3-10 km, weak > 10 km; operational thresholds); core = direct + extrapolated; the cap run recomputes the connectivity without surfaces from nodes > 10 km and is a sensitivity, not the core"
2023-06-08,DNIPRO_CORRIDOR,226.61,81.68,130.29,14.63,211.97,0.0646,0.0,,211.9,"nominal run of the primary rule; classes by the distance of the nearest SWOT node (direct <= 3 km, extrapolated 3-10 km, weak > 10 km; operational thresholds); core = direct + extrapolated; the cap run recomputes the connectivity without surfaces from nodes > 10 km and is a sensitivity, not the core"
2023-06-08,INHULETS_VALLEY_rect,46.39,0.58,3.21,42.6,3.79,0.9184,0.0,10.83,3.8,"nominal run of the primary rule; classes by the distance of the nearest SWOT node (direct <= 3 km, extrapolated 3-10 km, weak > 10 km; operational thresholds); core = direct + extrapolated; the cap run recomputes the connectivity without surfaces from nodes > 10 km and is a sensitivity, not the core"
2023-06-08,P42_FLOODPLAIN_DOMAIN,181.11,67.54,104.44,9.14,171.98,0.0504,0.0,,172.0,"nominal run of the primary rule; classes by the distance of the nearest SWOT node (direct <= 3 km, extrapolated 3-10 km, weak > 10 km; operational thresholds); core = direct + extrapolated; the cap run recomputes the connectivity without surfaces from nodes > 10 km and is a sensitivity, not the core"
2023-06-09,DNIPRO_CORRIDOR,171.26,75.71,88.03,7.51,163.74,0.0439,0.0,,163.7,"nominal run of the primary rule; classes by the distance of the nearest SWOT node (direct <= 3 km, extrapolated 3-10 km, weak > 10 km; operational thresholds); core = direct + extrapolated; the cap run recomputes the connectivity without surfaces from nodes > 10 km and is a sensitivity, not the core"
2023-06-09,INHULETS_VALLEY_rect,49.59,0.7,3.73,45.16,4.43,0.9106,0.0,10.34,4.4,"nominal run of the primary rule; classes by the distance of the nearest SWOT node (direct <= 3 km, extrapolated 3-10 km, weak > 10 km; operational thresholds); core = direct + extrapolated; the cap run recomputes the connectivity without surfaces from nodes > 10 km and is a sensitivity, not the core"
2023-06-09,P42_FLOODPLAIN_DOMAIN,124.65,60.81,63.1,0.74,123.91,0.006,0.0,,123.9,"nominal run of the primary rule; classes by the distance of the nearest SWOT node (direct <= 3 km, extrapolated 3-10 km, weak > 10 km; operational thresholds); core = direct + extrapolated; the cap run recomputes the connectivity without surfaces from nodes > 10 km and is a sensitivity, not the core"
2023-06-10,DNIPRO_CORRIDOR,159.79,69.02,82.08,8.7,151.1,0.0544,0.0,,151.1,"nominal run of the primary rule; classes by the distance of the nearest SWOT node (direct <= 3 km, extrapolated 3-10 km, weak > 10 km; operational thresholds); core = direct + extrapolated; the cap run recomputes the connectivity without surfaces from nodes > 10 km and is a sensitivity, not the core"
2023-06-10,INHULETS_VALLEY_rect,47.41,0.65,3.41,43.36,4.06,0.9144,0.0,9.75,4.1,"nominal run of the primary rule; classes by the distance of the nearest SWOT node (direct <= 3 km, extrapolated 3-10 km, weak > 10 km; operational thresholds); core = direct + extrapolated; the cap run recomputes the connectivity without surfaces from nodes > 10 km and is a sensitivity, not the core"
2023-06-10,P42_FLOODPLAIN_DOMAIN,118.38,56.76,60.79,0.82,117.55,0.007,0.0,,117.6,"nominal run of the primary rule; classes by the distance of the nearest SWOT node (direct <= 3 km, extrapolated 3-10 km, weak > 10 km; operational thresholds); core = direct + extrapolated; the cap run recomputes the connectivity without surfaces from nodes > 10 km and is a sensitivity, not the core"
2023-06-11,DNIPRO_CORRIDOR,146.55,62.01,78.1,6.43,140.11,0.0439,0.0,,140.1,"nominal run of the primary rule; classes by the distance of the nearest SWOT node (direct <= 3 km, extrapolated 3-10 km, weak > 10 km; operational thresholds); core = direct + extrapolated; the cap run recomputes the connectivity without surfaces from nodes > 10 km and is a sensitivity, not the core"
2023-06-11,INHULETS_VALLEY_rect,44.71,0.58,2.92,41.22,3.5,0.9218,0.0,8.98,3.5,"nominal run of the primary rule; classes by the distance of the nearest SWOT node (direct <= 3 km, extrapolated 3-10 km, weak > 10 km; operational thresholds); core = direct + extrapolated; the cap run recomputes the connectivity without surfaces from nodes > 10 km and is a sensitivity, not the core"
2023-06-11,P42_FLOODPLAIN_DOMAIN,111.87,51.69,59.47,0.71,111.16,0.0064,0.0,,111.1,"nominal run of the primary rule; classes by the distance of the nearest SWOT node (direct <= 3 km, extrapolated 3-10 km, weak > 10 km; operational thresholds); core = direct + extrapolated; the cap run recomputes the connectivity without surfaces from nodes > 10 km and is a sensitivity, not the core"
2023-06-12,DNIPRO_CORRIDOR,129.54,57.22,68.43,3.89,125.65,0.03,0.0,,125.6,"nominal run of the primary rule; classes by the distance of the nearest SWOT node (direct <= 3 km, extrapolated 3-10 km, weak > 10 km; operational thresholds); core = direct + extrapolated; the cap run recomputes the connectivity without surfaces from nodes > 10 km and is a sensitivity, not the core"
2023-06-12,INHULETS_VALLEY_rect,41.6,0.51,2.57,38.52,3.08,0.9261,0.0,7.93,3.1,"nominal run of the primary rule; classes by the distance of the nearest SWOT node (direct <= 3 km, extrapolated 3-10 km, weak > 10 km; operational thresholds); core = direct + extrapolated; the cap run recomputes the connectivity without surfaces from nodes > 10 km and is a sensitivity, not the core"
2023-06-12,P42_FLOODPLAIN_DOMAIN,102.04,48.32,53.13,0.59,101.45,0.0058,0.0,,101.4,"nominal run of the primary rule; classes by the distance of the nearest SWOT node (direct <= 3 km, extrapolated 3-10 km, weak > 10 km; operational thresholds); core = direct + extrapolated; the cap run recomputes the connectivity without surfaces from nodes > 10 km and is a sensitivity, not the core"
2023-06-13,DNIPRO_CORRIDOR,112.15,51.28,59.02,1.85,110.3,0.0165,0.0,,110.3,"nominal run of the primary rule; classes by the distance of the nearest SWOT node (direct <= 3 km, extrapolated 3-10 km, weak > 10 km; operational thresholds); core = direct + extrapolated; the cap run recomputes the connectivity without surfaces from nodes > 10 km and is a sensitivity, not the core"
2023-06-13,INHULETS_VALLEY_rect,37.01,0.44,2.19,34.38,2.62,0.9291,0.0,6.31,2.6,"nominal run of the primary rule; classes by the distance of the nearest SWOT node (direct <= 3 km, extrapolated 3-10 km, weak > 10 km; operational thresholds); core = direct + extrapolated; the cap run recomputes the connectivity without surfaces from nodes > 10 km and is a sensitivity, not the core"
2023-06-13,P42_FLOODPLAIN_DOMAIN,91.49,44.31,46.81,0.37,91.12,0.0041,0.0,,91.1,"nominal run of the primary rule; classes by the distance of the nearest SWOT node (direct <= 3 km, extrapolated 3-10 km, weak > 10 km; operational thresholds); core = direct + extrapolated; the cap run recomputes the connectivity without surfaces from nodes > 10 km and is a sensitivity, not the core"
2023-06-14,DNIPRO_CORRIDOR,90.07,44.29,44.77,1.01,89.06,0.0112,0.0,,89.0,"nominal run of the primary rule; classes by the distance of the nearest SWOT node (direct <= 3 km, extrapolated 3-10 km, weak > 10 km; operational thresholds); core = direct + extrapolated; the cap run recomputes the connectivity without surfaces from nodes > 10 km and is a sensitivity, not the core"
2023-06-14,INHULETS_VALLEY_rect,31.21,0.36,1.86,28.99,2.22,0.9288,0.0,3.08,2.2,"nominal run of the primary rule; classes by the distance of the nearest SWOT node (direct <= 3 km, extrapolated 3-10 km, weak > 10 km; operational thresholds); core = direct + extrapolated; the cap run recomputes the connectivity without surfaces from nodes > 10 km and is a sensitivity, not the core"
2023-06-14,P42_FLOODPLAIN_DOMAIN,76.59,39.36,36.95,0.28,76.32,0.0036,0.0,,76.3,"nominal run of the primary rule; classes by the distance of the nearest SWOT node (direct <= 3 km, extrapolated 3-10 km, weak > 10 km; operational thresholds); core = direct + extrapolated; the cap run recomputes the connectivity without surfaces from nodes > 10 km and is a sensitivity, not the core"
2023-06-15,DNIPRO_CORRIDOR,59.35,39.71,19.65,0.0,59.35,0.0,0.0,,59.4,"nominal run of the primary rule; classes by the distance of the nearest SWOT node (direct <= 3 km, extrapolated 3-10 km, weak > 10 km; operational thresholds); core = direct + extrapolated; the cap run recomputes the connectivity without surfaces from nodes > 10 km and is a sensitivity, not the core"
2023-06-15,INHULETS_VALLEY_rect,26.12,0.3,1.54,24.27,1.85,0.9292,0.0,1.77,1.8,"nominal run of the primary rule; classes by the distance of the nearest SWOT node (direct <= 3 km, extrapolated 3-10 km, weak > 10 km; operational thresholds); core = direct + extrapolated; the cap run recomputes the connectivity without surfaces from nodes > 10 km and is a sensitivity, not the core"
2023-06-15,P42_FLOODPLAIN_DOMAIN,54.61,35.35,19.26,0.0,54.61,0.0,0.0,,54.7,"nominal run of the primary rule; classes by the distance of the nearest SWOT node (direct <= 3 km, extrapolated 3-10 km, weak > 10 km; operational thresholds); core = direct + extrapolated; the cap run recomputes the connectivity without surfaces from nodes > 10 km and is a sensitivity, not the core"
2023-06-16,DNIPRO_CORRIDOR,50.47,34.45,16.02,0.0,50.47,0.0,0.0,,50.5,"nominal run of the primary rule; classes by the distance of the nearest SWOT node (direct <= 3 km, extrapolated 3-10 km, weak > 10 km; operational thresholds); core = direct + extrapolated; the cap run recomputes the connectivity without surfaces from nodes > 10 km and is a sensitivity, not the core"
2023-06-16,INHULETS_VALLEY_rect,19.53,0.24,1.23,18.05,1.47,0.9245,0.0,1.13,1.5,"nominal run of the primary rule; classes by the distance of the nearest SWOT node (direct <= 3 km, extrapolated 3-10 km, weak > 10 km; operational thresholds); core = direct + extrapolated; the cap run recomputes the connectivity without surfaces from nodes > 10 km and is a sensitivity, not the core"
2023-06-16,P42_FLOODPLAIN_DOMAIN,46.48,30.73,15.75,0.0,46.48,0.0,0.0,,46.5,"nominal run of the primary rule; classes by the distance of the nearest SWOT node (direct <= 3 km, extrapolated 3-10 km, weak > 10 km; operational thresholds); core = direct + extrapolated; the cap run recomputes the connectivity without surfaces from nodes > 10 km and is a sensitivity, not the core"
2023-06-18,DNIPRO_CORRIDOR,33.89,23.94,9.96,0.0,33.89,0.0,0.0,,33.9,"nominal run of the primary rule; classes by the distance of the nearest SWOT node (direct <= 3 km, extrapolated 3-10 km, weak > 10 km; operational thresholds); core = direct + extrapolated; the cap run recomputes the connectivity without surfaces from nodes > 10 km and is a sensitivity, not the core"
2023-06-18,INHULETS_VALLEY_rect,10.1,0.12,0.73,9.25,0.85,0.9162,0.0,0.79,0.8,"nominal run of the primary rule; classes by the distance of the nearest SWOT node (direct <= 3 km, extrapolated 3-10 km, weak > 10 km; operational thresholds); core = direct + extrapolated; the cap run recomputes the connectivity without surfaces from nodes > 10 km and is a sensitivity, not the core"
2023-06-18,P42_FLOODPLAIN_DOMAIN,30.57,20.8,9.77,0.0,30.57,0.0,0.0,,30.6,"nominal run of the primary rule; classes by the distance of the nearest SWOT node (direct <= 3 km, extrapolated 3-10 km, weak > 10 km; operational thresholds); core = direct + extrapolated; the cap run recomputes the connectivity without surfaces from nodes > 10 km and is a sensitivity, not the core"
2023-06-21,DNIPRO_CORRIDOR,4.08,3.2,0.89,0.0,4.08,0.0,0.0,,4.1,"nominal run of the primary rule; classes by the distance of the nearest SWOT node (direct <= 3 km, extrapolated 3-10 km, weak > 10 km; operational thresholds); core = direct + extrapolated; the cap run recomputes the connectivity without surfaces from nodes > 10 km and is a sensitivity, not the core"
2023-06-21,P42_FLOODPLAIN_DOMAIN,3.6,2.79,0.81,0.0,3.6,0.0,0.0,,3.6,"nominal run of the primary rule; classes by the distance of the nearest SWOT node (direct <= 3 km, extrapolated 3-10 km, weak > 10 km; operational thresholds); core = direct + extrapolated; the cap run recomputes the connectivity without surfaces from nodes > 10 km and is a sensitivity, not the core"
2023-06-25,DNIPRO_CORRIDOR,0.01,0.0,0.01,0.0,0.01,0.0,0.0,,0.0,"nominal run of the primary rule; classes by the distance of the nearest SWOT node (direct <= 3 km, extrapolated 3-10 km, weak > 10 km; operational thresholds); core = direct + extrapolated; the cap run recomputes the connectivity without surfaces from nodes > 10 km and is a sensitivity, not the core"
2023-06-25,P42_FLOODPLAIN_DOMAIN,0.01,0.0,0.01,0.0,0.01,0.0,0.0,,0.0,"nominal run of the primary rule; classes by the distance of the nearest SWOT node (direct <= 3 km, extrapolated 3-10 km, weak > 10 km; operational thresholds); core = direct + extrapolated; the cap run recomputes the connectivity without surfaces from nodes > 10 km and is a sensitivity, not the core"
2023-06-30,DNIPRO_CORRIDOR,0.07,0.04,0.03,0.0,0.07,0.0,0.0,,0.1,"nominal run of the primary rule; classes by the distance of the nearest SWOT node (direct <= 3 km, extrapolated 3-10 km, weak > 10 km; operational thresholds); core = direct + extrapolated; the cap run recomputes the connectivity without surfaces from nodes > 10 km and is a sensitivity, not the core"
2023-06-30,P42_FLOODPLAIN_DOMAIN,0.04,0.02,0.02,0.0,0.04,0.0,0.0,,0.0,"nominal run of the primary rule; classes by the distance of the nearest SWOT node (direct <= 3 km, extrapolated 3-10 km, weak > 10 km; operational thresholds); core = direct + extrapolated; the cap run recomputes the connectivity without surfaces from nodes > 10 km and is a sensitivity, not the core"
