date,region,semantic_class,worldcover,km2,run,share_of_new
2023-06-06,DNIPRO_CORRIDOR,RIVER_CONNECTED,0,0.247,all_prewater (superseded),0.0013
2023-06-06,DNIPRO_CORRIDOR,RIVER_CONNECTED,trees,31.116,all_prewater (superseded),0.1623
2023-06-06,DNIPRO_CORRIDOR,RIVER_CONNECTED,grass,33.498,all_prewater (superseded),0.1747
2023-06-06,DNIPRO_CORRIDOR,RIVER_CONNECTED,cropland,1.536,all_prewater (superseded),0.008
2023-06-06,DNIPRO_CORRIDOR,RIVER_CONNECTED,built,15.717,all_prewater (superseded),0.082
2023-06-06,DNIPRO_CORRIDOR,RIVER_CONNECTED,bare_sparse,0.234,all_prewater (superseded),0.0012
2023-06-06,DNIPRO_CORRIDOR,RIVER_CONNECTED,water,2.197,all_prewater (superseded),0.0115
2023-06-06,DNIPRO_CORRIDOR,RIVER_CONNECTED,wetland,46.148,all_prewater (superseded),0.2407
2023-06-06,DNIPRO_CORRIDOR,ISOLATED_NEVER,trees,8.267,all_prewater (superseded),0.0431
2023-06-06,DNIPRO_CORRIDOR,ISOLATED_NEVER,grass,8.404,all_prewater (superseded),0.0438
2023-06-06,DNIPRO_CORRIDOR,ISOLATED_NEVER,cropland,38.84,all_prewater (superseded),0.2026
2023-06-06,DNIPRO_CORRIDOR,ISOLATED_NEVER,built,2.721,all_prewater (superseded),0.0142
2023-06-06,DNIPRO_CORRIDOR,ISOLATED_NEVER,bare_sparse,0.002,all_prewater (superseded),0.0
2023-06-06,DNIPRO_CORRIDOR,ISOLATED_NEVER,water,0.621,all_prewater (superseded),0.0032
2023-06-06,DNIPRO_CORRIDOR,ISOLATED_NEVER,wetland,2.15,all_prewater (superseded),0.0112
2023-06-06,INHULETS_VALLEY_rect,RIVER_CONNECTED,trees,2.048,all_prewater (superseded),0.0585
2023-06-06,INHULETS_VALLEY_rect,RIVER_CONNECTED,grass,14.996,all_prewater (superseded),0.4283
2023-06-06,INHULETS_VALLEY_rect,RIVER_CONNECTED,cropland,13.648,all_prewater (superseded),0.3898
2023-06-06,INHULETS_VALLEY_rect,RIVER_CONNECTED,built,0.254,all_prewater (superseded),0.0073
2023-06-06,INHULETS_VALLEY_rect,RIVER_CONNECTED,water,2.041,all_prewater (superseded),0.0583
2023-06-06,INHULETS_VALLEY_rect,RIVER_CONNECTED,wetland,2.028,all_prewater (superseded),0.0579
2023-06-06,P42_FLOODPLAIN_DOMAIN,RIVER_CONNECTED,0,0.165,all_prewater (superseded),0.0014
2023-06-06,P42_FLOODPLAIN_DOMAIN,RIVER_CONNECTED,trees,20.142,all_prewater (superseded),0.1743
2023-06-06,P42_FLOODPLAIN_DOMAIN,RIVER_CONNECTED,grass,28.105,all_prewater (superseded),0.2432
2023-06-06,P42_FLOODPLAIN_DOMAIN,RIVER_CONNECTED,cropland,1.173,all_prewater (superseded),0.0101
2023-06-06,P42_FLOODPLAIN_DOMAIN,RIVER_CONNECTED,built,14.115,all_prewater (superseded),0.1221
2023-06-06,P42_FLOODPLAIN_DOMAIN,RIVER_CONNECTED,bare_sparse,0.228,all_prewater (superseded),0.002
2023-06-06,P42_FLOODPLAIN_DOMAIN,RIVER_CONNECTED,water,2.054,all_prewater (superseded),0.0178
2023-06-06,P42_FLOODPLAIN_DOMAIN,RIVER_CONNECTED,wetland,40.017,all_prewater (superseded),0.3462
2023-06-06,P42_FLOODPLAIN_DOMAIN,ISOLATED_NEVER,trees,4.045,all_prewater (superseded),0.035
2023-06-06,P42_FLOODPLAIN_DOMAIN,ISOLATED_NEVER,grass,4.635,all_prewater (superseded),0.0401
2023-06-06,P42_FLOODPLAIN_DOMAIN,ISOLATED_NEVER,cropland,0.087,all_prewater (superseded),0.0008
2023-06-06,P42_FLOODPLAIN_DOMAIN,ISOLATED_NEVER,built,0.151,all_prewater (superseded),0.0013
2023-06-06,P42_FLOODPLAIN_DOMAIN,ISOLATED_NEVER,bare_sparse,0.001,all_prewater (superseded),0.0
2023-06-06,P42_FLOODPLAIN_DOMAIN,ISOLATED_NEVER,water,0.265,all_prewater (superseded),0.0023
2023-06-06,P42_FLOODPLAIN_DOMAIN,ISOLATED_NEVER,wetland,0.401,all_prewater (superseded),0.0035
2023-06-07,DNIPRO_CORRIDOR,RIVER_CONNECTED,0,0.255,all_prewater (superseded),0.001
2023-06-07,DNIPRO_CORRIDOR,RIVER_CONNECTED,trees,62.274,all_prewater (superseded),0.239
2023-06-07,DNIPRO_CORRIDOR,RIVER_CONNECTED,grass,73.262,all_prewater (superseded),0.2812
2023-06-07,DNIPRO_CORRIDOR,RIVER_CONNECTED,cropland,3.014,all_prewater (superseded),0.0116
2023-06-07,DNIPRO_CORRIDOR,RIVER_CONNECTED,built,20.222,all_prewater (superseded),0.0776
2023-06-07,DNIPRO_CORRIDOR,RIVER_CONNECTED,bare_sparse,0.418,all_prewater (superseded),0.0016
2023-06-07,DNIPRO_CORRIDOR,RIVER_CONNECTED,water,2.671,all_prewater (superseded),0.0103
2023-06-07,DNIPRO_CORRIDOR,RIVER_CONNECTED,wetland,51.3,all_prewater (superseded),0.1969
2023-06-07,DNIPRO_CORRIDOR,ISOLATED_NEVER,trees,3.668,all_prewater (superseded),0.0141
2023-06-07,DNIPRO_CORRIDOR,ISOLATED_NEVER,grass,3.344,all_prewater (superseded),0.0128
2023-06-07,DNIPRO_CORRIDOR,ISOLATED_NEVER,cropland,35.271,all_prewater (superseded),0.1354
2023-06-07,DNIPRO_CORRIDOR,ISOLATED_NEVER,built,2.526,all_prewater (superseded),0.0097
2023-06-07,DNIPRO_CORRIDOR,ISOLATED_NEVER,bare_sparse,0.0,all_prewater (superseded),0.0
2023-06-07,DNIPRO_CORRIDOR,ISOLATED_NEVER,water,0.327,all_prewater (superseded),0.0013
2023-06-07,DNIPRO_CORRIDOR,ISOLATED_NEVER,wetland,1.955,all_prewater (superseded),0.0075
2023-06-07,INHULETS_VALLEY_rect,RIVER_CONNECTED,trees,2.592,all_prewater (superseded),0.0613
2023-06-07,INHULETS_VALLEY_rect,RIVER_CONNECTED,grass,17.762,all_prewater (superseded),0.4203
2023-06-07,INHULETS_VALLEY_rect,RIVER_CONNECTED,cropland,16.98,all_prewater (superseded),0.4018
2023-06-07,INHULETS_VALLEY_rect,RIVER_CONNECTED,built,0.444,all_prewater (superseded),0.0105
2023-06-07,INHULETS_VALLEY_rect,RIVER_CONNECTED,bare_sparse,0.001,all_prewater (superseded),0.0
2023-06-07,INHULETS_VALLEY_rect,RIVER_CONNECTED,water,2.36,all_prewater (superseded),0.0558
2023-06-07,INHULETS_VALLEY_rect,RIVER_CONNECTED,wetland,2.124,all_prewater (superseded),0.0503
2023-06-07,P42_FLOODPLAIN_DOMAIN,RIVER_CONNECTED,0,0.165,all_prewater (superseded),0.001
2023-06-07,P42_FLOODPLAIN_DOMAIN,RIVER_CONNECTED,trees,42.045,all_prewater (superseded),0.2477
2023-06-07,P42_FLOODPLAIN_DOMAIN,RIVER_CONNECTED,grass,60.934,all_prewater (superseded),0.359
2023-06-07,P42_FLOODPLAIN_DOMAIN,RIVER_CONNECTED,cropland,2.201,all_prewater (superseded),0.013
2023-06-07,P42_FLOODPLAIN_DOMAIN,RIVER_CONNECTED,built,17.245,all_prewater (superseded),0.1016
2023-06-07,P42_FLOODPLAIN_DOMAIN,RIVER_CONNECTED,bare_sparse,0.374,all_prewater (superseded),0.0022
2023-06-07,P42_FLOODPLAIN_DOMAIN,RIVER_CONNECTED,water,2.5,all_prewater (superseded),0.0147
2023-06-07,P42_FLOODPLAIN_DOMAIN,RIVER_CONNECTED,wetland,43.988,all_prewater (superseded),0.2592
2023-06-07,P42_FLOODPLAIN_DOMAIN,ISOLATED_NEVER,trees,0.049,all_prewater (superseded),0.0003
2023-06-07,P42_FLOODPLAIN_DOMAIN,ISOLATED_NEVER,grass,0.101,all_prewater (superseded),0.0006
2023-06-07,P42_FLOODPLAIN_DOMAIN,ISOLATED_NEVER,built,0.074,all_prewater (superseded),0.0004
2023-06-07,P42_FLOODPLAIN_DOMAIN,ISOLATED_NEVER,wetland,0.054,all_prewater (superseded),0.0003
2023-06-08,DNIPRO_CORRIDOR,RIVER_CONNECTED,0,0.258,all_prewater (superseded),0.001
2023-06-08,DNIPRO_CORRIDOR,RIVER_CONNECTED,trees,62.097,all_prewater (superseded),0.2392
2023-06-08,DNIPRO_CORRIDOR,RIVER_CONNECTED,grass,81.198,all_prewater (superseded),0.3128
2023-06-08,DNIPRO_CORRIDOR,RIVER_CONNECTED,cropland,3.223,all_prewater (superseded),0.0124
2023-06-08,DNIPRO_CORRIDOR,RIVER_CONNECTED,built,22.991,all_prewater (superseded),0.0886
2023-06-08,DNIPRO_CORRIDOR,RIVER_CONNECTED,bare_sparse,0.482,all_prewater (superseded),0.0019
2023-06-08,DNIPRO_CORRIDOR,RIVER_CONNECTED,water,2.695,all_prewater (superseded),0.0104
2023-06-08,DNIPRO_CORRIDOR,RIVER_CONNECTED,wetland,52.214,all_prewater (superseded),0.2012
2023-06-08,DNIPRO_CORRIDOR,ISOLATED_NEVER,trees,2.352,all_prewater (superseded),0.0091
2023-06-08,DNIPRO_CORRIDOR,ISOLATED_NEVER,grass,1.814,all_prewater (superseded),0.007
2023-06-08,DNIPRO_CORRIDOR,ISOLATED_NEVER,cropland,27.28,all_prewater (superseded),0.1051
2023-06-08,DNIPRO_CORRIDOR,ISOLATED_NEVER,built,1.862,all_prewater (superseded),0.0072
2023-06-08,DNIPRO_CORRIDOR,ISOLATED_NEVER,bare_sparse,0.0,all_prewater (superseded),0.0
2023-06-08,DNIPRO_CORRIDOR,ISOLATED_NEVER,water,0.025,all_prewater (superseded),0.0001
2023-06-08,DNIPRO_CORRIDOR,ISOLATED_NEVER,wetland,1.069,all_prewater (superseded),0.0041
2023-06-08,INHULETS_VALLEY_rect,RIVER_CONNECTED,trees,3.122,all_prewater (superseded),0.0673
2023-06-08,INHULETS_VALLEY_rect,RIVER_CONNECTED,grass,19.582,all_prewater (superseded),0.4221
2023-06-08,INHULETS_VALLEY_rect,RIVER_CONNECTED,cropland,18.352,all_prewater (superseded),0.3956
2023-06-08,INHULETS_VALLEY_rect,RIVER_CONNECTED,built,0.679,all_prewater (superseded),0.0146
2023-06-08,INHULETS_VALLEY_rect,RIVER_CONNECTED,bare_sparse,0.0,all_prewater (superseded),0.0
2023-06-08,INHULETS_VALLEY_rect,RIVER_CONNECTED,water,2.503,all_prewater (superseded),0.054
2023-06-08,INHULETS_VALLEY_rect,RIVER_CONNECTED,wetland,2.151,all_prewater (superseded),0.0464
2023-06-08,P42_FLOODPLAIN_DOMAIN,RIVER_CONNECTED,0,0.165,all_prewater (superseded),0.0009
2023-06-08,P42_FLOODPLAIN_DOMAIN,RIVER_CONNECTED,trees,43.218,all_prewater (superseded),0.2393
2023-06-08,P42_FLOODPLAIN_DOMAIN,RIVER_CONNECTED,grass,68.762,all_prewater (superseded),0.3808
2023-06-08,P42_FLOODPLAIN_DOMAIN,RIVER_CONNECTED,cropland,2.281,all_prewater (superseded),0.0126
2023-06-08,P42_FLOODPLAIN_DOMAIN,RIVER_CONNECTED,built,18.516,all_prewater (superseded),0.1025
2023-06-08,P42_FLOODPLAIN_DOMAIN,RIVER_CONNECTED,bare_sparse,0.434,all_prewater (superseded),0.0024
2023-06-08,P42_FLOODPLAIN_DOMAIN,RIVER_CONNECTED,water,2.512,all_prewater (superseded),0.0139
2023-06-08,P42_FLOODPLAIN_DOMAIN,RIVER_CONNECTED,wetland,44.136,all_prewater (superseded),0.2444
2023-06-08,P42_FLOODPLAIN_DOMAIN,ISOLATED_NEVER,trees,0.097,all_prewater (superseded),0.0005
2023-06-08,P42_FLOODPLAIN_DOMAIN,ISOLATED_NEVER,grass,0.196,all_prewater (superseded),0.0011
2023-06-08,P42_FLOODPLAIN_DOMAIN,ISOLATED_NEVER,built,0.167,all_prewater (superseded),0.0009
2023-06-08,P42_FLOODPLAIN_DOMAIN,ISOLATED_NEVER,wetland,0.088,all_prewater (superseded),0.0005
2023-06-09,DNIPRO_CORRIDOR,RIVER_CONNECTED,0,0.267,all_prewater (superseded),0.0013
2023-06-09,DNIPRO_CORRIDOR,RIVER_CONNECTED,trees,36.814,all_prewater (superseded),0.179
2023-06-09,DNIPRO_CORRIDOR,RIVER_CONNECTED,grass,51.318,all_prewater (superseded),0.2495
2023-06-09,DNIPRO_CORRIDOR,RIVER_CONNECTED,cropland,3.286,all_prewater (superseded),0.016
2023-06-09,DNIPRO_CORRIDOR,RIVER_CONNECTED,built,25.53,all_prewater (superseded),0.1241
2023-06-09,DNIPRO_CORRIDOR,RIVER_CONNECTED,bare_sparse,0.52,all_prewater (superseded),0.0025
2023-06-09,DNIPRO_CORRIDOR,RIVER_CONNECTED,water,2.359,all_prewater (superseded),0.0115
2023-06-09,DNIPRO_CORRIDOR,RIVER_CONNECTED,wetland,49.741,all_prewater (superseded),0.2418
2023-06-09,DNIPRO_CORRIDOR,TRAPPED,trees,9.459,all_prewater (superseded),0.046
2023-06-09,DNIPRO_CORRIDOR,TRAPPED,grass,20.973,all_prewater (superseded),0.102
2023-06-09,DNIPRO_CORRIDOR,TRAPPED,cropland,0.542,all_prewater (superseded),0.0026
2023-06-09,DNIPRO_CORRIDOR,TRAPPED,built,0.057,all_prewater (superseded),0.0003
2023-06-09,DNIPRO_CORRIDOR,TRAPPED,bare_sparse,0.068,all_prewater (superseded),0.0003
2023-06-09,DNIPRO_CORRIDOR,TRAPPED,water,0.285,all_prewater (superseded),0.0014
2023-06-09,DNIPRO_CORRIDOR,TRAPPED,wetland,2.525,all_prewater (superseded),0.0123
2023-06-09,DNIPRO_CORRIDOR,ISOLATED_NEVER,trees,0.372,all_prewater (superseded),0.0018
2023-06-09,DNIPRO_CORRIDOR,ISOLATED_NEVER,grass,0.332,all_prewater (superseded),0.0016
2023-06-09,DNIPRO_CORRIDOR,ISOLATED_NEVER,cropland,0.023,all_prewater (superseded),0.0001
2023-06-09,DNIPRO_CORRIDOR,ISOLATED_NEVER,built,0.458,all_prewater (superseded),0.0022
2023-06-09,DNIPRO_CORRIDOR,ISOLATED_NEVER,water,0.024,all_prewater (superseded),0.0001
2023-06-09,DNIPRO_CORRIDOR,ISOLATED_NEVER,wetland,0.74,all_prewater (superseded),0.0036
2023-06-09,INHULETS_VALLEY_rect,RIVER_CONNECTED,trees,3.584,all_prewater (superseded),0.0723
2023-06-09,INHULETS_VALLEY_rect,RIVER_CONNECTED,grass,21.159,all_prewater (superseded),0.4267
2023-06-09,INHULETS_VALLEY_rect,RIVER_CONNECTED,cropland,19.113,all_prewater (superseded),0.3854
2023-06-09,INHULETS_VALLEY_rect,RIVER_CONNECTED,built,0.96,all_prewater (superseded),0.0194
2023-06-09,INHULETS_VALLEY_rect,RIVER_CONNECTED,water,2.615,all_prewater (superseded),0.0527
2023-06-09,INHULETS_VALLEY_rect,RIVER_CONNECTED,wetland,2.162,all_prewater (superseded),0.0436
2023-06-09,P42_FLOODPLAIN_DOMAIN,RIVER_CONNECTED,0,0.165,all_prewater (superseded),0.001
2023-06-09,P42_FLOODPLAIN_DOMAIN,RIVER_CONNECTED,trees,21.42,all_prewater (superseded),0.1353
2023-06-09,P42_FLOODPLAIN_DOMAIN,RIVER_CONNECTED,grass,36.636,all_prewater (superseded),0.2314
2023-06-09,P42_FLOODPLAIN_DOMAIN,RIVER_CONNECTED,cropland,1.818,all_prewater (superseded),0.0115
2023-06-09,P42_FLOODPLAIN_DOMAIN,RIVER_CONNECTED,built,19.629,all_prewater (superseded),0.124
2023-06-09,P42_FLOODPLAIN_DOMAIN,RIVER_CONNECTED,bare_sparse,0.447,all_prewater (superseded),0.0028
2023-06-09,P42_FLOODPLAIN_DOMAIN,RIVER_CONNECTED,water,2.142,all_prewater (superseded),0.0135
2023-06-09,P42_FLOODPLAIN_DOMAIN,RIVER_CONNECTED,wetland,41.311,all_prewater (superseded),0.261
2023-06-09,P42_FLOODPLAIN_DOMAIN,TRAPPED,trees,9.23,all_prewater (superseded),0.0583
2023-06-09,P42_FLOODPLAIN_DOMAIN,TRAPPED,grass,20.971,all_prewater (superseded),0.1325
2023-06-09,P42_FLOODPLAIN_DOMAIN,TRAPPED,cropland,0.542,all_prewater (superseded),0.0034
2023-06-09,P42_FLOODPLAIN_DOMAIN,TRAPPED,built,0.057,all_prewater (superseded),0.0004
2023-06-09,P42_FLOODPLAIN_DOMAIN,TRAPPED,bare_sparse,0.068,all_prewater (superseded),0.0004
2023-06-09,P42_FLOODPLAIN_DOMAIN,TRAPPED,water,0.285,all_prewater (superseded),0.0018
2023-06-09,P42_FLOODPLAIN_DOMAIN,TRAPPED,wetland,2.525,all_prewater (superseded),0.016
2023-06-09,P42_FLOODPLAIN_DOMAIN,ISOLATED_NEVER,trees,0.147,all_prewater (superseded),0.0009
2023-06-09,P42_FLOODPLAIN_DOMAIN,ISOLATED_NEVER,grass,0.312,all_prewater (superseded),0.002
2023-06-09,P42_FLOODPLAIN_DOMAIN,ISOLATED_NEVER,cropland,0.001,all_prewater (superseded),0.0
2023-06-09,P42_FLOODPLAIN_DOMAIN,ISOLATED_NEVER,built,0.458,all_prewater (superseded),0.0029
2023-06-09,P42_FLOODPLAIN_DOMAIN,ISOLATED_NEVER,wetland,0.142,all_prewater (superseded),0.0009
2023-06-10,DNIPRO_CORRIDOR,RIVER_CONNECTED,0,0.278,all_prewater (superseded),0.0016
2023-06-10,DNIPRO_CORRIDOR,RIVER_CONNECTED,trees,33.78,all_prewater (superseded),0.1995
2023-06-10,DNIPRO_CORRIDOR,RIVER_CONNECTED,grass,45.69,all_prewater (superseded),0.2698
2023-06-10,DNIPRO_CORRIDOR,RIVER_CONNECTED,cropland,2.105,all_prewater (superseded),0.0124
2023-06-10,DNIPRO_CORRIDOR,RIVER_CONNECTED,built,23.881,all_prewater (superseded),0.141
2023-06-10,DNIPRO_CORRIDOR,RIVER_CONNECTED,bare_sparse,0.475,all_prewater (superseded),0.0028
2023-06-10,DNIPRO_CORRIDOR,RIVER_CONNECTED,water,2.322,all_prewater (superseded),0.0137
2023-06-10,DNIPRO_CORRIDOR,RIVER_CONNECTED,wetland,49.885,all_prewater (superseded),0.2946
2023-06-10,DNIPRO_CORRIDOR,TRAPPED,trees,4.651,all_prewater (superseded),0.0275
2023-06-10,DNIPRO_CORRIDOR,TRAPPED,grass,3.508,all_prewater (superseded),0.0207
2023-06-10,DNIPRO_CORRIDOR,TRAPPED,cropland,0.052,all_prewater (superseded),0.0003
2023-06-10,DNIPRO_CORRIDOR,TRAPPED,built,0.003,all_prewater (superseded),0.0
2023-06-10,DNIPRO_CORRIDOR,TRAPPED,bare_sparse,0.001,all_prewater (superseded),0.0
2023-06-10,DNIPRO_CORRIDOR,TRAPPED,water,0.022,all_prewater (superseded),0.0001
2023-06-10,DNIPRO_CORRIDOR,TRAPPED,wetland,0.985,all_prewater (superseded),0.0058
2023-06-10,DNIPRO_CORRIDOR,ISOLATED_NEVER,trees,0.293,all_prewater (superseded),0.0017
2023-06-10,DNIPRO_CORRIDOR,ISOLATED_NEVER,grass,0.38,all_prewater (superseded),0.0022
2023-06-10,DNIPRO_CORRIDOR,ISOLATED_NEVER,cropland,0.001,all_prewater (superseded),0.0
2023-06-10,DNIPRO_CORRIDOR,ISOLATED_NEVER,built,0.734,all_prewater (superseded),0.0043
2023-06-10,DNIPRO_CORRIDOR,ISOLATED_NEVER,water,0.018,all_prewater (superseded),0.0001
2023-06-10,DNIPRO_CORRIDOR,ISOLATED_NEVER,wetland,0.266,all_prewater (superseded),0.0016
2023-06-10,INHULETS_VALLEY_rect,RIVER_CONNECTED,trees,3.232,all_prewater (superseded),0.0682
2023-06-10,INHULETS_VALLEY_rect,RIVER_CONNECTED,grass,19.995,all_prewater (superseded),0.4217
2023-06-10,INHULETS_VALLEY_rect,RIVER_CONNECTED,cropland,18.684,all_prewater (superseded),0.3941
2023-06-10,INHULETS_VALLEY_rect,RIVER_CONNECTED,built,0.783,all_prewater (superseded),0.0165
2023-06-10,INHULETS_VALLEY_rect,RIVER_CONNECTED,water,2.566,all_prewater (superseded),0.0541
2023-06-10,INHULETS_VALLEY_rect,RIVER_CONNECTED,wetland,2.154,all_prewater (superseded),0.0454
2023-06-10,P42_FLOODPLAIN_DOMAIN,RIVER_CONNECTED,0,0.165,all_prewater (superseded),0.0013
2023-06-10,P42_FLOODPLAIN_DOMAIN,RIVER_CONNECTED,trees,20.357,all_prewater (superseded),0.1591
2023-06-10,P42_FLOODPLAIN_DOMAIN,RIVER_CONNECTED,grass,33.192,all_prewater (superseded),0.2594
2023-06-10,P42_FLOODPLAIN_DOMAIN,RIVER_CONNECTED,cropland,1.274,all_prewater (superseded),0.01
2023-06-10,P42_FLOODPLAIN_DOMAIN,RIVER_CONNECTED,built,18.418,all_prewater (superseded),0.1439
2023-06-10,P42_FLOODPLAIN_DOMAIN,RIVER_CONNECTED,bare_sparse,0.412,all_prewater (superseded),0.0032
2023-06-10,P42_FLOODPLAIN_DOMAIN,RIVER_CONNECTED,water,2.116,all_prewater (superseded),0.0165
2023-06-10,P42_FLOODPLAIN_DOMAIN,RIVER_CONNECTED,wetland,41.358,all_prewater (superseded),0.3232
2023-06-10,P42_FLOODPLAIN_DOMAIN,TRAPPED,trees,4.644,all_prewater (superseded),0.0363
2023-06-10,P42_FLOODPLAIN_DOMAIN,TRAPPED,grass,3.508,all_prewater (superseded),0.0274
2023-06-10,P42_FLOODPLAIN_DOMAIN,TRAPPED,cropland,0.052,all_prewater (superseded),0.0004
2023-06-10,P42_FLOODPLAIN_DOMAIN,TRAPPED,built,0.003,all_prewater (superseded),0.0
2023-06-10,P42_FLOODPLAIN_DOMAIN,TRAPPED,bare_sparse,0.001,all_prewater (superseded),0.0
2023-06-10,P42_FLOODPLAIN_DOMAIN,TRAPPED,water,0.022,all_prewater (superseded),0.0002
2023-06-10,P42_FLOODPLAIN_DOMAIN,TRAPPED,wetland,0.985,all_prewater (superseded),0.0077
2023-06-10,P42_FLOODPLAIN_DOMAIN,ISOLATED_NEVER,trees,0.176,all_prewater (superseded),0.0014
2023-06-10,P42_FLOODPLAIN_DOMAIN,ISOLATED_NEVER,grass,0.379,all_prewater (superseded),0.003
2023-06-10,P42_FLOODPLAIN_DOMAIN,ISOLATED_NEVER,cropland,0.001,all_prewater (superseded),0.0
2023-06-10,P42_FLOODPLAIN_DOMAIN,ISOLATED_NEVER,built,0.728,all_prewater (superseded),0.0057
2023-06-10,P42_FLOODPLAIN_DOMAIN,ISOLATED_NEVER,wetland,0.183,all_prewater (superseded),0.0014
2023-06-11,DNIPRO_CORRIDOR,RIVER_CONNECTED,0,0.268,all_prewater (superseded),0.0019
2023-06-11,DNIPRO_CORRIDOR,RIVER_CONNECTED,trees,30.618,all_prewater (superseded),0.2117
2023-06-11,DNIPRO_CORRIDOR,RIVER_CONNECTED,grass,38.09,all_prewater (superseded),0.2633
2023-06-11,DNIPRO_CORRIDOR,RIVER_CONNECTED,cropland,1.267,all_prewater (superseded),0.0088
2023-06-11,DNIPRO_CORRIDOR,RIVER_CONNECTED,built,21.776,all_prewater (superseded),0.1505
2023-06-11,DNIPRO_CORRIDOR,RIVER_CONNECTED,bare_sparse,0.373,all_prewater (superseded),0.0026
2023-06-11,DNIPRO_CORRIDOR,RIVER_CONNECTED,water,2.242,all_prewater (superseded),0.0155
2023-06-11,DNIPRO_CORRIDOR,RIVER_CONNECTED,wetland,49.856,all_prewater (superseded),0.3446
2023-06-11,DNIPRO_CORRIDOR,TRAPPED,trees,0.165,all_prewater (superseded),0.0011
2023-06-11,DNIPRO_CORRIDOR,TRAPPED,water,0.007,all_prewater (superseded),0.0
2023-06-11,INHULETS_VALLEY_rect,RIVER_CONNECTED,trees,2.737,all_prewater (superseded),0.0612
2023-06-11,INHULETS_VALLEY_rect,RIVER_CONNECTED,grass,18.654,all_prewater (superseded),0.4172
2023-06-11,INHULETS_VALLEY_rect,RIVER_CONNECTED,cropland,18.094,all_prewater (superseded),0.4047
2023-06-11,INHULETS_VALLEY_rect,RIVER_CONNECTED,built,0.582,all_prewater (superseded),0.013
2023-06-11,INHULETS_VALLEY_rect,RIVER_CONNECTED,water,2.502,all_prewater (superseded),0.056
2023-06-11,INHULETS_VALLEY_rect,RIVER_CONNECTED,wetland,2.146,all_prewater (superseded),0.048
2023-06-11,P42_FLOODPLAIN_DOMAIN,RIVER_CONNECTED,0,0.165,all_prewater (superseded),0.0015
2023-06-11,P42_FLOODPLAIN_DOMAIN,RIVER_CONNECTED,trees,18.758,all_prewater (superseded),0.1701
2023-06-11,P42_FLOODPLAIN_DOMAIN,RIVER_CONNECTED,grass,28.803,all_prewater (superseded),0.2612
2023-06-11,P42_FLOODPLAIN_DOMAIN,RIVER_CONNECTED,cropland,0.88,all_prewater (superseded),0.008
2023-06-11,P42_FLOODPLAIN_DOMAIN,RIVER_CONNECTED,built,17.503,all_prewater (superseded),0.1587
2023-06-11,P42_FLOODPLAIN_DOMAIN,RIVER_CONNECTED,bare_sparse,0.336,all_prewater (superseded),0.003
2023-06-11,P42_FLOODPLAIN_DOMAIN,RIVER_CONNECTED,water,2.068,all_prewater (superseded),0.0188
2023-06-11,P42_FLOODPLAIN_DOMAIN,RIVER_CONNECTED,wetland,41.591,all_prewater (superseded),0.3772
2023-06-11,P42_FLOODPLAIN_DOMAIN,TRAPPED,trees,0.165,all_prewater (superseded),0.0015
2023-06-11,P42_FLOODPLAIN_DOMAIN,TRAPPED,water,0.007,all_prewater (superseded),0.0001
2023-06-12,DNIPRO_CORRIDOR,RIVER_CONNECTED,0,0.258,all_prewater (superseded),0.002
2023-06-12,DNIPRO_CORRIDOR,RIVER_CONNECTED,trees,26.962,all_prewater (superseded),0.208
2023-06-12,DNIPRO_CORRIDOR,RIVER_CONNECTED,grass,31.986,all_prewater (superseded),0.2467
2023-06-12,DNIPRO_CORRIDOR,RIVER_CONNECTED,cropland,0.686,all_prewater (superseded),0.0053
2023-06-12,DNIPRO_CORRIDOR,RIVER_CONNECTED,built,17.154,all_prewater (superseded),0.1323
2023-06-12,DNIPRO_CORRIDOR,RIVER_CONNECTED,bare_sparse,0.257,all_prewater (superseded),0.002
2023-06-12,DNIPRO_CORRIDOR,RIVER_CONNECTED,water,2.147,all_prewater (superseded),0.0166
2023-06-12,DNIPRO_CORRIDOR,RIVER_CONNECTED,wetland,48.724,all_prewater (superseded),0.3758
2023-06-12,DNIPRO_CORRIDOR,TRAPPED,trees,0.269,all_prewater (superseded),0.0021
2023-06-12,DNIPRO_CORRIDOR,TRAPPED,grass,0.367,all_prewater (superseded),0.0028
2023-06-12,DNIPRO_CORRIDOR,TRAPPED,cropland,0.001,all_prewater (superseded),0.0
2023-06-12,DNIPRO_CORRIDOR,TRAPPED,built,0.666,all_prewater (superseded),0.0051
2023-06-12,DNIPRO_CORRIDOR,TRAPPED,wetland,0.174,all_prewater (superseded),0.0013
2023-06-12,INHULETS_VALLEY_rect,RIVER_CONNECTED,trees,2.288,all_prewater (superseded),0.055
2023-06-12,INHULETS_VALLEY_rect,RIVER_CONNECTED,grass,17.211,all_prewater (superseded),0.4137
2023-06-12,INHULETS_VALLEY_rect,RIVER_CONNECTED,cropland,17.147,all_prewater (superseded),0.4122
2023-06-12,INHULETS_VALLEY_rect,RIVER_CONNECTED,built,0.387,all_prewater (superseded),0.0093
2023-06-12,INHULETS_VALLEY_rect,RIVER_CONNECTED,water,2.434,all_prewater (superseded),0.0585
2023-06-12,INHULETS_VALLEY_rect,RIVER_CONNECTED,wetland,2.132,all_prewater (superseded),0.0513
2023-06-12,P42_FLOODPLAIN_DOMAIN,RIVER_CONNECTED,0,0.165,all_prewater (superseded),0.0016
2023-06-12,P42_FLOODPLAIN_DOMAIN,RIVER_CONNECTED,trees,17.402,all_prewater (superseded),0.1701
2023-06-12,P42_FLOODPLAIN_DOMAIN,RIVER_CONNECTED,grass,25.094,all_prewater (superseded),0.2452
2023-06-12,P42_FLOODPLAIN_DOMAIN,RIVER_CONNECTED,cropland,0.532,all_prewater (superseded),0.0052
2023-06-12,P42_FLOODPLAIN_DOMAIN,RIVER_CONNECTED,built,14.231,all_prewater (superseded),0.1391
2023-06-12,P42_FLOODPLAIN_DOMAIN,RIVER_CONNECTED,bare_sparse,0.239,all_prewater (superseded),0.0023
2023-06-12,P42_FLOODPLAIN_DOMAIN,RIVER_CONNECTED,water,1.992,all_prewater (superseded),0.0195
2023-06-12,P42_FLOODPLAIN_DOMAIN,RIVER_CONNECTED,wetland,41.307,all_prewater (superseded),0.4037
2023-06-12,P42_FLOODPLAIN_DOMAIN,TRAPPED,trees,0.165,all_prewater (superseded),0.0016
2023-06-12,P42_FLOODPLAIN_DOMAIN,TRAPPED,grass,0.367,all_prewater (superseded),0.0036
2023-06-12,P42_FLOODPLAIN_DOMAIN,TRAPPED,cropland,0.001,all_prewater (superseded),0.0
2023-06-12,P42_FLOODPLAIN_DOMAIN,TRAPPED,built,0.664,all_prewater (superseded),0.0065
2023-06-12,P42_FLOODPLAIN_DOMAIN,TRAPPED,wetland,0.172,all_prewater (superseded),0.0017
2023-06-13,DNIPRO_CORRIDOR,RIVER_CONNECTED,0,0.245,all_prewater (superseded),0.0022
2023-06-13,DNIPRO_CORRIDOR,RIVER_CONNECTED,trees,23.405,all_prewater (superseded),0.209
2023-06-13,DNIPRO_CORRIDOR,RIVER_CONNECTED,grass,24.762,all_prewater (superseded),0.2212
2023-06-13,DNIPRO_CORRIDOR,RIVER_CONNECTED,cropland,0.368,all_prewater (superseded),0.0033
2023-06-13,DNIPRO_CORRIDOR,RIVER_CONNECTED,built,12.294,all_prewater (superseded),0.1098
2023-06-13,DNIPRO_CORRIDOR,RIVER_CONNECTED,bare_sparse,0.159,all_prewater (superseded),0.0014
2023-06-13,DNIPRO_CORRIDOR,RIVER_CONNECTED,water,2.02,all_prewater (superseded),0.018
2023-06-13,DNIPRO_CORRIDOR,RIVER_CONNECTED,wetland,47.554,all_prewater (superseded),0.4247
2023-06-13,DNIPRO_CORRIDOR,TRAPPED,trees,0.219,all_prewater (superseded),0.002
2023-06-13,DNIPRO_CORRIDOR,TRAPPED,grass,0.313,all_prewater (superseded),0.0028
2023-06-13,DNIPRO_CORRIDOR,TRAPPED,cropland,0.001,all_prewater (superseded),0.0
2023-06-13,DNIPRO_CORRIDOR,TRAPPED,built,0.47,all_prewater (superseded),0.0042
2023-06-13,DNIPRO_CORRIDOR,TRAPPED,water,0.006,all_prewater (superseded),0.0001
2023-06-13,DNIPRO_CORRIDOR,TRAPPED,wetland,0.144,all_prewater (superseded),0.0013
2023-06-13,INHULETS_VALLEY_rect,RIVER_CONNECTED,trees,1.694,all_prewater (superseded),0.0458
2023-06-13,INHULETS_VALLEY_rect,RIVER_CONNECTED,grass,15.367,all_prewater (superseded),0.4153
2023-06-13,INHULETS_VALLEY_rect,RIVER_CONNECTED,cropland,15.277,all_prewater (superseded),0.4128
2023-06-13,INHULETS_VALLEY_rect,RIVER_CONNECTED,built,0.226,all_prewater (superseded),0.0061
2023-06-13,INHULETS_VALLEY_rect,RIVER_CONNECTED,water,2.326,all_prewater (superseded),0.0629
2023-06-13,INHULETS_VALLEY_rect,RIVER_CONNECTED,wetland,2.115,all_prewater (superseded),0.0572
2023-06-13,P42_FLOODPLAIN_DOMAIN,RIVER_CONNECTED,0,0.165,all_prewater (superseded),0.0018
2023-06-13,P42_FLOODPLAIN_DOMAIN,RIVER_CONNECTED,trees,15.826,all_prewater (superseded),0.1729
2023-06-13,P42_FLOODPLAIN_DOMAIN,RIVER_CONNECTED,grass,20.471,all_prewater (superseded),0.2237
2023-06-13,P42_FLOODPLAIN_DOMAIN,RIVER_CONNECTED,cropland,0.283,all_prewater (superseded),0.0031
2023-06-13,P42_FLOODPLAIN_DOMAIN,RIVER_CONNECTED,built,10.768,all_prewater (superseded),0.1177
2023-06-13,P42_FLOODPLAIN_DOMAIN,RIVER_CONNECTED,bare_sparse,0.151,all_prewater (superseded),0.0016
2023-06-13,P42_FLOODPLAIN_DOMAIN,RIVER_CONNECTED,water,1.888,all_prewater (superseded),0.0206
2023-06-13,P42_FLOODPLAIN_DOMAIN,RIVER_CONNECTED,wetland,40.882,all_prewater (superseded),0.4467
2023-06-13,P42_FLOODPLAIN_DOMAIN,TRAPPED,trees,0.152,all_prewater (superseded),0.0017
2023-06-13,P42_FLOODPLAIN_DOMAIN,TRAPPED,grass,0.313,all_prewater (superseded),0.0034
2023-06-13,P42_FLOODPLAIN_DOMAIN,TRAPPED,cropland,0.001,all_prewater (superseded),0.0
2023-06-13,P42_FLOODPLAIN_DOMAIN,TRAPPED,built,0.47,all_prewater (superseded),0.0051
2023-06-13,P42_FLOODPLAIN_DOMAIN,TRAPPED,water,0.006,all_prewater (superseded),0.0001
2023-06-13,P42_FLOODPLAIN_DOMAIN,TRAPPED,wetland,0.144,all_prewater (superseded),0.0016
2023-06-14,DNIPRO_CORRIDOR,RIVER_CONNECTED,0,0.178,all_prewater (superseded),0.002
2023-06-14,DNIPRO_CORRIDOR,RIVER_CONNECTED,trees,19.103,all_prewater (superseded),0.2135
2023-06-14,DNIPRO_CORRIDOR,RIVER_CONNECTED,grass,15.121,all_prewater (superseded),0.169
2023-06-14,DNIPRO_CORRIDOR,RIVER_CONNECTED,cropland,0.175,all_prewater (superseded),0.002
2023-06-14,DNIPRO_CORRIDOR,RIVER_CONNECTED,built,7.506,all_prewater (superseded),0.0839
2023-06-14,DNIPRO_CORRIDOR,RIVER_CONNECTED,bare_sparse,0.108,all_prewater (superseded),0.0012
2023-06-14,DNIPRO_CORRIDOR,RIVER_CONNECTED,water,1.883,all_prewater (superseded),0.021
2023-06-14,DNIPRO_CORRIDOR,RIVER_CONNECTED,wetland,44.646,all_prewater (superseded),0.4991
2023-06-14,DNIPRO_CORRIDOR,TRAPPED,0,0.003,all_prewater (superseded),0.0
2023-06-14,DNIPRO_CORRIDOR,TRAPPED,trees,0.153,all_prewater (superseded),0.0017
2023-06-14,DNIPRO_CORRIDOR,TRAPPED,grass,0.234,all_prewater (superseded),0.0026
2023-06-14,DNIPRO_CORRIDOR,TRAPPED,built,0.216,all_prewater (superseded),0.0024
2023-06-14,DNIPRO_CORRIDOR,TRAPPED,water,0.015,all_prewater (superseded),0.0002
2023-06-14,DNIPRO_CORRIDOR,TRAPPED,wetland,0.12,all_prewater (superseded),0.0013
2023-06-14,INHULETS_VALLEY_rect,RIVER_CONNECTED,trees,1.3,all_prewater (superseded),0.0416
2023-06-14,INHULETS_VALLEY_rect,RIVER_CONNECTED,grass,13.431,all_prewater (superseded),0.4303
2023-06-14,INHULETS_VALLEY_rect,RIVER_CONNECTED,cropland,12.228,all_prewater (superseded),0.3918
2023-06-14,INHULETS_VALLEY_rect,RIVER_CONNECTED,built,0.11,all_prewater (superseded),0.0035
2023-06-14,INHULETS_VALLEY_rect,RIVER_CONNECTED,water,2.105,all_prewater (superseded),0.0674
2023-06-14,INHULETS_VALLEY_rect,RIVER_CONNECTED,wetland,2.039,all_prewater (superseded),0.0653
2023-06-14,P42_FLOODPLAIN_DOMAIN,RIVER_CONNECTED,0,0.132,all_prewater (superseded),0.0017
2023-06-14,P42_FLOODPLAIN_DOMAIN,RIVER_CONNECTED,trees,13.934,all_prewater (superseded),0.1828
2023-06-14,P42_FLOODPLAIN_DOMAIN,RIVER_CONNECTED,grass,13.326,all_prewater (superseded),0.1749
2023-06-14,P42_FLOODPLAIN_DOMAIN,RIVER_CONNECTED,cropland,0.132,all_prewater (superseded),0.0017
2023-06-14,P42_FLOODPLAIN_DOMAIN,RIVER_CONNECTED,built,6.994,all_prewater (superseded),0.0918
2023-06-14,P42_FLOODPLAIN_DOMAIN,RIVER_CONNECTED,bare_sparse,0.102,all_prewater (superseded),0.0013
2023-06-14,P42_FLOODPLAIN_DOMAIN,RIVER_CONNECTED,water,1.775,all_prewater (superseded),0.0233
2023-06-14,P42_FLOODPLAIN_DOMAIN,RIVER_CONNECTED,wetland,39.137,all_prewater (superseded),0.5135
2023-06-14,P42_FLOODPLAIN_DOMAIN,TRAPPED,trees,0.107,all_prewater (superseded),0.0014
2023-06-14,P42_FLOODPLAIN_DOMAIN,TRAPPED,grass,0.232,all_prewater (superseded),0.003
2023-06-14,P42_FLOODPLAIN_DOMAIN,TRAPPED,built,0.216,all_prewater (superseded),0.0028
2023-06-14,P42_FLOODPLAIN_DOMAIN,TRAPPED,water,0.011,all_prewater (superseded),0.0001
2023-06-14,P42_FLOODPLAIN_DOMAIN,TRAPPED,wetland,0.112,all_prewater (superseded),0.0015
2023-06-15,DNIPRO_CORRIDOR,RIVER_CONNECTED,0,0.122,all_prewater (superseded),0.0017
2023-06-15,DNIPRO_CORRIDOR,RIVER_CONNECTED,trees,12.352,all_prewater (superseded),0.1685
2023-06-15,DNIPRO_CORRIDOR,RIVER_CONNECTED,grass,9.919,all_prewater (superseded),0.1353
2023-06-15,DNIPRO_CORRIDOR,RIVER_CONNECTED,cropland,0.079,all_prewater (superseded),0.0011
2023-06-15,DNIPRO_CORRIDOR,RIVER_CONNECTED,built,4.916,all_prewater (superseded),0.067
2023-06-15,DNIPRO_CORRIDOR,RIVER_CONNECTED,bare_sparse,0.078,all_prewater (superseded),0.0011
2023-06-15,DNIPRO_CORRIDOR,RIVER_CONNECTED,water,1.51,all_prewater (superseded),0.0206
2023-06-15,DNIPRO_CORRIDOR,RIVER_CONNECTED,wetland,30.265,all_prewater (superseded),0.4128
2023-06-15,DNIPRO_CORRIDOR,TRAPPED,0,0.004,all_prewater (superseded),0.0001
2023-06-15,DNIPRO_CORRIDOR,TRAPPED,trees,3.927,all_prewater (superseded),0.0536
2023-06-15,DNIPRO_CORRIDOR,TRAPPED,grass,0.543,all_prewater (superseded),0.0074
2023-06-15,DNIPRO_CORRIDOR,TRAPPED,cropland,0.017,all_prewater (superseded),0.0002
2023-06-15,DNIPRO_CORRIDOR,TRAPPED,built,0.229,all_prewater (superseded),0.0031
2023-06-15,DNIPRO_CORRIDOR,TRAPPED,water,0.263,all_prewater (superseded),0.0036
2023-06-15,DNIPRO_CORRIDOR,TRAPPED,wetland,9.101,all_prewater (superseded),0.1241
2023-06-15,INHULETS_VALLEY_rect,RIVER_CONNECTED,trees,1.047,all_prewater (superseded),0.0401
2023-06-15,INHULETS_VALLEY_rect,RIVER_CONNECTED,grass,11.605,all_prewater (superseded),0.4443
2023-06-15,INHULETS_VALLEY_rect,RIVER_CONNECTED,cropland,9.519,all_prewater (superseded),0.3644
2023-06-15,INHULETS_VALLEY_rect,RIVER_CONNECTED,built,0.052,all_prewater (superseded),0.002
2023-06-15,INHULETS_VALLEY_rect,RIVER_CONNECTED,water,1.948,all_prewater (superseded),0.0746
2023-06-15,INHULETS_VALLEY_rect,RIVER_CONNECTED,wetland,1.948,all_prewater (superseded),0.0746
2023-06-15,P42_FLOODPLAIN_DOMAIN,RIVER_CONNECTED,0,0.108,all_prewater (superseded),0.0017
2023-06-15,P42_FLOODPLAIN_DOMAIN,RIVER_CONNECTED,trees,11.448,all_prewater (superseded),0.1782
2023-06-15,P42_FLOODPLAIN_DOMAIN,RIVER_CONNECTED,grass,9.281,all_prewater (superseded),0.1445
2023-06-15,P42_FLOODPLAIN_DOMAIN,RIVER_CONNECTED,cropland,0.056,all_prewater (superseded),0.0009
2023-06-15,P42_FLOODPLAIN_DOMAIN,RIVER_CONNECTED,built,4.747,all_prewater (superseded),0.0739
2023-06-15,P42_FLOODPLAIN_DOMAIN,RIVER_CONNECTED,bare_sparse,0.076,all_prewater (superseded),0.0012
2023-06-15,P42_FLOODPLAIN_DOMAIN,RIVER_CONNECTED,water,1.432,all_prewater (superseded),0.0223
2023-06-15,P42_FLOODPLAIN_DOMAIN,RIVER_CONNECTED,wetland,27.357,all_prewater (superseded),0.4259
2023-06-15,P42_FLOODPLAIN_DOMAIN,TRAPPED,0,0.002,all_prewater (superseded),0.0
2023-06-15,P42_FLOODPLAIN_DOMAIN,TRAPPED,trees,0.925,all_prewater (superseded),0.0144
2023-06-15,P42_FLOODPLAIN_DOMAIN,TRAPPED,grass,0.526,all_prewater (superseded),0.0082
2023-06-15,P42_FLOODPLAIN_DOMAIN,TRAPPED,cropland,0.017,all_prewater (superseded),0.0003
2023-06-15,P42_FLOODPLAIN_DOMAIN,TRAPPED,built,0.191,all_prewater (superseded),0.003
2023-06-15,P42_FLOODPLAIN_DOMAIN,TRAPPED,water,0.246,all_prewater (superseded),0.0038
2023-06-15,P42_FLOODPLAIN_DOMAIN,TRAPPED,wetland,7.828,all_prewater (superseded),0.1219
2023-06-16,DNIPRO_CORRIDOR,RIVER_CONNECTED,0,0.113,all_prewater (superseded),0.0019
2023-06-16,DNIPRO_CORRIDOR,RIVER_CONNECTED,trees,10.658,all_prewater (superseded),0.1815
2023-06-16,DNIPRO_CORRIDOR,RIVER_CONNECTED,grass,6.902,all_prewater (superseded),0.1176
2023-06-16,DNIPRO_CORRIDOR,RIVER_CONNECTED,cropland,0.037,all_prewater (superseded),0.0006
2023-06-16,DNIPRO_CORRIDOR,RIVER_CONNECTED,built,3.143,all_prewater (superseded),0.0535
2023-06-16,DNIPRO_CORRIDOR,RIVER_CONNECTED,bare_sparse,0.058,all_prewater (superseded),0.001
2023-06-16,DNIPRO_CORRIDOR,RIVER_CONNECTED,water,1.372,all_prewater (superseded),0.0234
2023-06-16,DNIPRO_CORRIDOR,RIVER_CONNECTED,wetland,28.073,all_prewater (superseded),0.4782
2023-06-16,DNIPRO_CORRIDOR,TRAPPED,0,0.002,all_prewater (superseded),0.0
2023-06-16,DNIPRO_CORRIDOR,TRAPPED,trees,2.312,all_prewater (superseded),0.0394
2023-06-16,DNIPRO_CORRIDOR,TRAPPED,grass,0.23,all_prewater (superseded),0.0039
2023-06-16,DNIPRO_CORRIDOR,TRAPPED,cropland,0.007,all_prewater (superseded),0.0001
2023-06-16,DNIPRO_CORRIDOR,TRAPPED,built,0.072,all_prewater (superseded),0.0012
2023-06-16,DNIPRO_CORRIDOR,TRAPPED,water,0.192,all_prewater (superseded),0.0033
2023-06-16,DNIPRO_CORRIDOR,TRAPPED,wetland,5.538,all_prewater (superseded),0.0943
2023-06-16,INHULETS_VALLEY_rect,RIVER_CONNECTED,trees,0.738,all_prewater (superseded),0.0378
2023-06-16,INHULETS_VALLEY_rect,RIVER_CONNECTED,grass,9.531,all_prewater (superseded),0.488
2023-06-16,INHULETS_VALLEY_rect,RIVER_CONNECTED,cropland,5.944,all_prewater (superseded),0.3044
2023-06-16,INHULETS_VALLEY_rect,RIVER_CONNECTED,built,0.021,all_prewater (superseded),0.0011
2023-06-16,INHULETS_VALLEY_rect,RIVER_CONNECTED,water,1.506,all_prewater (superseded),0.0771
2023-06-16,INHULETS_VALLEY_rect,RIVER_CONNECTED,wetland,1.789,all_prewater (superseded),0.0916
2023-06-16,P42_FLOODPLAIN_DOMAIN,RIVER_CONNECTED,0,0.099,all_prewater (superseded),0.0019
2023-06-16,P42_FLOODPLAIN_DOMAIN,RIVER_CONNECTED,trees,9.996,all_prewater (superseded),0.1908
2023-06-16,P42_FLOODPLAIN_DOMAIN,RIVER_CONNECTED,grass,6.453,all_prewater (superseded),0.1232
2023-06-16,P42_FLOODPLAIN_DOMAIN,RIVER_CONNECTED,cropland,0.024,all_prewater (superseded),0.0005
2023-06-16,P42_FLOODPLAIN_DOMAIN,RIVER_CONNECTED,built,3.083,all_prewater (superseded),0.0589
2023-06-16,P42_FLOODPLAIN_DOMAIN,RIVER_CONNECTED,bare_sparse,0.056,all_prewater (superseded),0.0011
2023-06-16,P42_FLOODPLAIN_DOMAIN,RIVER_CONNECTED,water,1.312,all_prewater (superseded),0.025
2023-06-16,P42_FLOODPLAIN_DOMAIN,RIVER_CONNECTED,wetland,25.347,all_prewater (superseded),0.4839
2023-06-16,P42_FLOODPLAIN_DOMAIN,TRAPPED,0,0.001,all_prewater (superseded),0.0
2023-06-16,P42_FLOODPLAIN_DOMAIN,TRAPPED,trees,0.651,all_prewater (superseded),0.0124
2023-06-16,P42_FLOODPLAIN_DOMAIN,TRAPPED,grass,0.23,all_prewater (superseded),0.0044
2023-06-16,P42_FLOODPLAIN_DOMAIN,TRAPPED,cropland,0.007,all_prewater (superseded),0.0001
2023-06-16,P42_FLOODPLAIN_DOMAIN,TRAPPED,built,0.072,all_prewater (superseded),0.0014
2023-06-16,P42_FLOODPLAIN_DOMAIN,TRAPPED,water,0.184,all_prewater (superseded),0.0035
2023-06-16,P42_FLOODPLAIN_DOMAIN,TRAPPED,wetland,4.867,all_prewater (superseded),0.0929
2023-06-18,DNIPRO_CORRIDOR,RIVER_CONNECTED,0,0.08,all_prewater (superseded),0.0023
2023-06-18,DNIPRO_CORRIDOR,RIVER_CONNECTED,trees,6.195,all_prewater (superseded),0.1769
2023-06-18,DNIPRO_CORRIDOR,RIVER_CONNECTED,grass,2.778,all_prewater (superseded),0.0793
2023-06-18,DNIPRO_CORRIDOR,RIVER_CONNECTED,cropland,0.008,all_prewater (superseded),0.0002
2023-06-18,DNIPRO_CORRIDOR,RIVER_CONNECTED,built,0.863,all_prewater (superseded),0.0246
2023-06-18,DNIPRO_CORRIDOR,RIVER_CONNECTED,bare_sparse,0.026,all_prewater (superseded),0.0007
2023-06-18,DNIPRO_CORRIDOR,RIVER_CONNECTED,water,0.91,all_prewater (superseded),0.026
2023-06-18,DNIPRO_CORRIDOR,RIVER_CONNECTED,wetland,22.926,all_prewater (superseded),0.6548
2023-06-18,DNIPRO_CORRIDOR,TRAPPED,0,0.0,all_prewater (superseded),0.0
2023-06-18,DNIPRO_CORRIDOR,TRAPPED,trees,0.556,all_prewater (superseded),0.0159
2023-06-18,DNIPRO_CORRIDOR,TRAPPED,grass,0.044,all_prewater (superseded),0.0013
2023-06-18,DNIPRO_CORRIDOR,TRAPPED,built,0.01,all_prewater (superseded),0.0003
2023-06-18,DNIPRO_CORRIDOR,TRAPPED,water,0.104,all_prewater (superseded),0.003
2023-06-18,DNIPRO_CORRIDOR,TRAPPED,wetland,0.513,all_prewater (superseded),0.0147
2023-06-18,INHULETS_VALLEY_rect,RIVER_CONNECTED,trees,0.248,all_prewater (superseded),0.0245
2023-06-18,INHULETS_VALLEY_rect,RIVER_CONNECTED,grass,5.853,all_prewater (superseded),0.5775
2023-06-18,INHULETS_VALLEY_rect,RIVER_CONNECTED,cropland,1.886,all_prewater (superseded),0.1861
2023-06-18,INHULETS_VALLEY_rect,RIVER_CONNECTED,built,0.006,all_prewater (superseded),0.0006
2023-06-18,INHULETS_VALLEY_rect,RIVER_CONNECTED,water,1.007,all_prewater (superseded),0.0994
2023-06-18,INHULETS_VALLEY_rect,RIVER_CONNECTED,wetland,1.099,all_prewater (superseded),0.1084
2023-06-18,INHULETS_VALLEY_rect,TRAPPED,grass,0.001,all_prewater (superseded),0.0001
2023-06-18,INHULETS_VALLEY_rect,TRAPPED,water,0.023,all_prewater (superseded),0.0023
2023-06-18,INHULETS_VALLEY_rect,TRAPPED,wetland,0.012,all_prewater (superseded),0.0012
2023-06-18,P42_FLOODPLAIN_DOMAIN,RIVER_CONNECTED,0,0.067,all_prewater (superseded),0.0021
2023-06-18,P42_FLOODPLAIN_DOMAIN,RIVER_CONNECTED,trees,5.776,all_prewater (superseded),0.1849
2023-06-18,P42_FLOODPLAIN_DOMAIN,RIVER_CONNECTED,grass,2.574,all_prewater (superseded),0.0824
2023-06-18,P42_FLOODPLAIN_DOMAIN,RIVER_CONNECTED,cropland,0.007,all_prewater (superseded),0.0002
2023-06-18,P42_FLOODPLAIN_DOMAIN,RIVER_CONNECTED,built,0.839,all_prewater (superseded),0.0269
2023-06-18,P42_FLOODPLAIN_DOMAIN,RIVER_CONNECTED,bare_sparse,0.026,all_prewater (superseded),0.0008
2023-06-18,P42_FLOODPLAIN_DOMAIN,RIVER_CONNECTED,water,0.864,all_prewater (superseded),0.0277
2023-06-18,P42_FLOODPLAIN_DOMAIN,RIVER_CONNECTED,wetland,20.309,all_prewater (superseded),0.6502
2023-06-18,P42_FLOODPLAIN_DOMAIN,TRAPPED,trees,0.111,all_prewater (superseded),0.0036
2023-06-18,P42_FLOODPLAIN_DOMAIN,TRAPPED,grass,0.044,all_prewater (superseded),0.0014
2023-06-18,P42_FLOODPLAIN_DOMAIN,TRAPPED,built,0.01,all_prewater (superseded),0.0003
2023-06-18,P42_FLOODPLAIN_DOMAIN,TRAPPED,water,0.102,all_prewater (superseded),0.0033
2023-06-18,P42_FLOODPLAIN_DOMAIN,TRAPPED,wetland,0.508,all_prewater (superseded),0.0163
2023-06-21,DNIPRO_CORRIDOR,RIVER_CONNECTED,0,0.004,all_prewater (superseded),0.001
2023-06-21,DNIPRO_CORRIDOR,RIVER_CONNECTED,trees,0.358,all_prewater (superseded),0.0856
2023-06-21,DNIPRO_CORRIDOR,RIVER_CONNECTED,grass,0.066,all_prewater (superseded),0.0158
2023-06-21,DNIPRO_CORRIDOR,RIVER_CONNECTED,cropland,0.001,all_prewater (superseded),0.0002
2023-06-21,DNIPRO_CORRIDOR,RIVER_CONNECTED,built,0.08,all_prewater (superseded),0.0191
2023-06-21,DNIPRO_CORRIDOR,RIVER_CONNECTED,bare_sparse,0.004,all_prewater (superseded),0.001
2023-06-21,DNIPRO_CORRIDOR,RIVER_CONNECTED,water,0.073,all_prewater (superseded),0.0175
2023-06-21,DNIPRO_CORRIDOR,RIVER_CONNECTED,wetland,3.499,all_prewater (superseded),0.8365
2023-06-21,DNIPRO_CORRIDOR,TRAPPED,trees,0.045,all_prewater (superseded),0.0108
2023-06-21,DNIPRO_CORRIDOR,TRAPPED,grass,0.006,all_prewater (superseded),0.0014
2023-06-21,DNIPRO_CORRIDOR,TRAPPED,built,0.0,all_prewater (superseded),0.0
2023-06-21,DNIPRO_CORRIDOR,TRAPPED,water,0.011,all_prewater (superseded),0.0026
2023-06-21,DNIPRO_CORRIDOR,TRAPPED,wetland,0.036,all_prewater (superseded),0.0086
2023-06-21,P42_FLOODPLAIN_DOMAIN,RIVER_CONNECTED,0,0.003,all_prewater (superseded),0.0008
2023-06-21,P42_FLOODPLAIN_DOMAIN,RIVER_CONNECTED,trees,0.293,all_prewater (superseded),0.0799
2023-06-21,P42_FLOODPLAIN_DOMAIN,RIVER_CONNECTED,grass,0.061,all_prewater (superseded),0.0166
2023-06-21,P42_FLOODPLAIN_DOMAIN,RIVER_CONNECTED,cropland,0.001,all_prewater (superseded),0.0003
2023-06-21,P42_FLOODPLAIN_DOMAIN,RIVER_CONNECTED,built,0.078,all_prewater (superseded),0.0213
2023-06-21,P42_FLOODPLAIN_DOMAIN,RIVER_CONNECTED,bare_sparse,0.004,all_prewater (superseded),0.0011
2023-06-21,P42_FLOODPLAIN_DOMAIN,RIVER_CONNECTED,water,0.072,all_prewater (superseded),0.0196
2023-06-21,P42_FLOODPLAIN_DOMAIN,RIVER_CONNECTED,wetland,3.092,all_prewater (superseded),0.8427
2023-06-21,P42_FLOODPLAIN_DOMAIN,TRAPPED,trees,0.012,all_prewater (superseded),0.0033
2023-06-21,P42_FLOODPLAIN_DOMAIN,TRAPPED,grass,0.006,all_prewater (superseded),0.0016
2023-06-21,P42_FLOODPLAIN_DOMAIN,TRAPPED,built,0.0,all_prewater (superseded),0.0
2023-06-21,P42_FLOODPLAIN_DOMAIN,TRAPPED,water,0.011,all_prewater (superseded),0.003
2023-06-21,P42_FLOODPLAIN_DOMAIN,TRAPPED,wetland,0.036,all_prewater (superseded),0.0098
2023-06-25,DNIPRO_CORRIDOR,RIVER_CONNECTED,grass,0.0,all_prewater (superseded),0.0
2023-06-25,DNIPRO_CORRIDOR,RIVER_CONNECTED,wetland,0.006,all_prewater (superseded),1.0
2023-06-25,P42_FLOODPLAIN_DOMAIN,RIVER_CONNECTED,grass,0.0,all_prewater (superseded),0.0
2023-06-25,P42_FLOODPLAIN_DOMAIN,RIVER_CONNECTED,wetland,0.006,all_prewater (superseded),1.0
2023-06-30,DNIPRO_CORRIDOR,RIVER_CONNECTED,trees,0.0,all_prewater (superseded),0.0
2023-06-30,DNIPRO_CORRIDOR,RIVER_CONNECTED,grass,0.002,all_prewater (superseded),0.0274
2023-06-30,DNIPRO_CORRIDOR,RIVER_CONNECTED,wetland,0.066,all_prewater (superseded),0.9041
2023-06-30,DNIPRO_CORRIDOR,ISOLATED_NEVER,trees,0.002,all_prewater (superseded),0.0274
2023-06-30,DNIPRO_CORRIDOR,ISOLATED_NEVER,grass,0.002,all_prewater (superseded),0.0274
2023-06-30,DNIPRO_CORRIDOR,ISOLATED_NEVER,wetland,0.001,all_prewater (superseded),0.0137
2023-06-30,P42_FLOODPLAIN_DOMAIN,RIVER_CONNECTED,grass,0.002,all_prewater (superseded),0.0465
2023-06-30,P42_FLOODPLAIN_DOMAIN,RIVER_CONNECTED,wetland,0.036,all_prewater (superseded),0.8372
2023-06-30,P42_FLOODPLAIN_DOMAIN,ISOLATED_NEVER,trees,0.002,all_prewater (superseded),0.0465
2023-06-30,P42_FLOODPLAIN_DOMAIN,ISOLATED_NEVER,grass,0.002,all_prewater (superseded),0.0465
2023-06-30,P42_FLOODPLAIN_DOMAIN,ISOLATED_NEVER,wetland,0.001,all_prewater (superseded),0.0233
2023-06-06,DNIPRO_CORRIDOR,RIVER_CONNECTED,0,0.247,river network (primary),0.0019
2023-06-06,DNIPRO_CORRIDOR,RIVER_CONNECTED,trees,31.626,river network (primary),0.2393
2023-06-06,DNIPRO_CORRIDOR,RIVER_CONNECTED,grass,33.522,river network (primary),0.2537
2023-06-06,DNIPRO_CORRIDOR,RIVER_CONNECTED,cropland,1.536,river network (primary),0.0116
2023-06-06,DNIPRO_CORRIDOR,RIVER_CONNECTED,built,15.723,river network (primary),0.119
2023-06-06,DNIPRO_CORRIDOR,RIVER_CONNECTED,bare_sparse,0.234,river network (primary),0.0018
2023-06-06,DNIPRO_CORRIDOR,RIVER_CONNECTED,water,2.427,river network (primary),0.0184
2023-06-06,DNIPRO_CORRIDOR,RIVER_CONNECTED,wetland,46.826,river network (primary),0.3544
2023-06-06,INHULETS_VALLEY_rect,RIVER_CONNECTED,trees,2.048,river network (primary),0.0585
2023-06-06,INHULETS_VALLEY_rect,RIVER_CONNECTED,grass,14.996,river network (primary),0.4283
2023-06-06,INHULETS_VALLEY_rect,RIVER_CONNECTED,cropland,13.648,river network (primary),0.3898
2023-06-06,INHULETS_VALLEY_rect,RIVER_CONNECTED,built,0.254,river network (primary),0.0073
2023-06-06,INHULETS_VALLEY_rect,RIVER_CONNECTED,water,2.041,river network (primary),0.0583
2023-06-06,INHULETS_VALLEY_rect,RIVER_CONNECTED,wetland,2.028,river network (primary),0.0579
2023-06-06,P42_FLOODPLAIN_DOMAIN,RIVER_CONNECTED,0,0.165,river network (primary),0.0015
2023-06-06,P42_FLOODPLAIN_DOMAIN,RIVER_CONNECTED,trees,20.315,river network (primary),0.1897
2023-06-06,P42_FLOODPLAIN_DOMAIN,RIVER_CONNECTED,grass,28.129,river network (primary),0.2627
2023-06-06,P42_FLOODPLAIN_DOMAIN,RIVER_CONNECTED,cropland,1.173,river network (primary),0.011
2023-06-06,P42_FLOODPLAIN_DOMAIN,RIVER_CONNECTED,built,14.12,river network (primary),0.1319
2023-06-06,P42_FLOODPLAIN_DOMAIN,RIVER_CONNECTED,bare_sparse,0.228,river network (primary),0.0021
2023-06-06,P42_FLOODPLAIN_DOMAIN,RIVER_CONNECTED,water,2.27,river network (primary),0.0212
2023-06-06,P42_FLOODPLAIN_DOMAIN,RIVER_CONNECTED,wetland,40.687,river network (primary),0.3799
2023-06-07,DNIPRO_CORRIDOR,RIVER_CONNECTED,0,0.255,river network (primary),0.0012
2023-06-07,DNIPRO_CORRIDOR,RIVER_CONNECTED,trees,62.783,river network (primary),0.2922
2023-06-07,DNIPRO_CORRIDOR,RIVER_CONNECTED,grass,73.286,river network (primary),0.3411
2023-06-07,DNIPRO_CORRIDOR,RIVER_CONNECTED,cropland,3.014,river network (primary),0.014
2023-06-07,DNIPRO_CORRIDOR,RIVER_CONNECTED,built,20.227,river network (primary),0.0941
2023-06-07,DNIPRO_CORRIDOR,RIVER_CONNECTED,bare_sparse,0.418,river network (primary),0.0019
2023-06-07,DNIPRO_CORRIDOR,RIVER_CONNECTED,water,2.901,river network (primary),0.0135
2023-06-07,DNIPRO_CORRIDOR,RIVER_CONNECTED,wetland,51.978,river network (primary),0.2419
2023-06-07,INHULETS_VALLEY_rect,RIVER_CONNECTED,trees,2.592,river network (primary),0.0613
2023-06-07,INHULETS_VALLEY_rect,RIVER_CONNECTED,grass,17.762,river network (primary),0.4203
2023-06-07,INHULETS_VALLEY_rect,RIVER_CONNECTED,cropland,16.98,river network (primary),0.4018
2023-06-07,INHULETS_VALLEY_rect,RIVER_CONNECTED,built,0.444,river network (primary),0.0105
2023-06-07,INHULETS_VALLEY_rect,RIVER_CONNECTED,bare_sparse,0.001,river network (primary),0.0
2023-06-07,INHULETS_VALLEY_rect,RIVER_CONNECTED,water,2.36,river network (primary),0.0558
2023-06-07,INHULETS_VALLEY_rect,RIVER_CONNECTED,wetland,2.124,river network (primary),0.0503
2023-06-07,P42_FLOODPLAIN_DOMAIN,RIVER_CONNECTED,0,0.165,river network (primary),0.001
2023-06-07,P42_FLOODPLAIN_DOMAIN,RIVER_CONNECTED,trees,42.217,river network (primary),0.2476
2023-06-07,P42_FLOODPLAIN_DOMAIN,RIVER_CONNECTED,grass,60.958,river network (primary),0.3574
2023-06-07,P42_FLOODPLAIN_DOMAIN,RIVER_CONNECTED,cropland,2.201,river network (primary),0.0129
2023-06-07,P42_FLOODPLAIN_DOMAIN,RIVER_CONNECTED,built,17.25,river network (primary),0.1011
2023-06-07,P42_FLOODPLAIN_DOMAIN,RIVER_CONNECTED,bare_sparse,0.374,river network (primary),0.0022
2023-06-07,P42_FLOODPLAIN_DOMAIN,RIVER_CONNECTED,water,2.716,river network (primary),0.0159
2023-06-07,P42_FLOODPLAIN_DOMAIN,RIVER_CONNECTED,wetland,44.658,river network (primary),0.2619
2023-06-08,DNIPRO_CORRIDOR,RIVER_CONNECTED,0,0.258,river network (primary),0.0011
2023-06-08,DNIPRO_CORRIDOR,RIVER_CONNECTED,trees,62.606,river network (primary),0.2763
2023-06-08,DNIPRO_CORRIDOR,RIVER_CONNECTED,grass,81.222,river network (primary),0.3584
2023-06-08,DNIPRO_CORRIDOR,RIVER_CONNECTED,cropland,3.223,river network (primary),0.0142
2023-06-08,DNIPRO_CORRIDOR,RIVER_CONNECTED,built,22.997,river network (primary),0.1015
2023-06-08,DNIPRO_CORRIDOR,RIVER_CONNECTED,bare_sparse,0.482,river network (primary),0.0021
2023-06-08,DNIPRO_CORRIDOR,RIVER_CONNECTED,water,2.925,river network (primary),0.0129
2023-06-08,DNIPRO_CORRIDOR,RIVER_CONNECTED,wetland,52.892,river network (primary),0.2334
2023-06-08,INHULETS_VALLEY_rect,RIVER_CONNECTED,trees,3.122,river network (primary),0.0673
2023-06-08,INHULETS_VALLEY_rect,RIVER_CONNECTED,grass,19.582,river network (primary),0.4221
2023-06-08,INHULETS_VALLEY_rect,RIVER_CONNECTED,cropland,18.352,river network (primary),0.3956
2023-06-08,INHULETS_VALLEY_rect,RIVER_CONNECTED,built,0.679,river network (primary),0.0146
2023-06-08,INHULETS_VALLEY_rect,RIVER_CONNECTED,bare_sparse,0.0,river network (primary),0.0
2023-06-08,INHULETS_VALLEY_rect,RIVER_CONNECTED,water,2.503,river network (primary),0.054
2023-06-08,INHULETS_VALLEY_rect,RIVER_CONNECTED,wetland,2.151,river network (primary),0.0464
2023-06-08,P42_FLOODPLAIN_DOMAIN,RIVER_CONNECTED,0,0.165,river network (primary),0.0009
2023-06-08,P42_FLOODPLAIN_DOMAIN,RIVER_CONNECTED,trees,43.39,river network (primary),0.2396
2023-06-08,P42_FLOODPLAIN_DOMAIN,RIVER_CONNECTED,grass,68.786,river network (primary),0.3798
2023-06-08,P42_FLOODPLAIN_DOMAIN,RIVER_CONNECTED,cropland,2.281,river network (primary),0.0126
2023-06-08,P42_FLOODPLAIN_DOMAIN,RIVER_CONNECTED,built,18.521,river network (primary),0.1023
2023-06-08,P42_FLOODPLAIN_DOMAIN,RIVER_CONNECTED,bare_sparse,0.434,river network (primary),0.0024
2023-06-08,P42_FLOODPLAIN_DOMAIN,RIVER_CONNECTED,water,2.728,river network (primary),0.0151
2023-06-08,P42_FLOODPLAIN_DOMAIN,RIVER_CONNECTED,wetland,44.806,river network (primary),0.2474
2023-06-09,DNIPRO_CORRIDOR,RIVER_CONNECTED,0,0.267,river network (primary),0.0016
2023-06-09,DNIPRO_CORRIDOR,RIVER_CONNECTED,trees,37.305,river network (primary),0.2178
2023-06-09,DNIPRO_CORRIDOR,RIVER_CONNECTED,grass,51.342,river network (primary),0.2998
2023-06-09,DNIPRO_CORRIDOR,RIVER_CONNECTED,cropland,3.286,river network (primary),0.0192
2023-06-09,DNIPRO_CORRIDOR,RIVER_CONNECTED,built,25.535,river network (primary),0.1491
2023-06-09,DNIPRO_CORRIDOR,RIVER_CONNECTED,bare_sparse,0.52,river network (primary),0.003
2023-06-09,DNIPRO_CORRIDOR,RIVER_CONNECTED,water,2.586,river network (primary),0.0151
2023-06-09,DNIPRO_CORRIDOR,RIVER_CONNECTED,wetland,50.419,river network (primary),0.2944
2023-06-09,INHULETS_VALLEY_rect,RIVER_CONNECTED,trees,3.584,river network (primary),0.0723
2023-06-09,INHULETS_VALLEY_rect,RIVER_CONNECTED,grass,21.159,river network (primary),0.4267
2023-06-09,INHULETS_VALLEY_rect,RIVER_CONNECTED,cropland,19.113,river network (primary),0.3854
2023-06-09,INHULETS_VALLEY_rect,RIVER_CONNECTED,built,0.96,river network (primary),0.0194
2023-06-09,INHULETS_VALLEY_rect,RIVER_CONNECTED,water,2.615,river network (primary),0.0527
2023-06-09,INHULETS_VALLEY_rect,RIVER_CONNECTED,wetland,2.162,river network (primary),0.0436
2023-06-09,P42_FLOODPLAIN_DOMAIN,RIVER_CONNECTED,0,0.165,river network (primary),0.0013
2023-06-09,P42_FLOODPLAIN_DOMAIN,RIVER_CONNECTED,trees,21.592,river network (primary),0.1732
2023-06-09,P42_FLOODPLAIN_DOMAIN,RIVER_CONNECTED,grass,36.66,river network (primary),0.2941
2023-06-09,P42_FLOODPLAIN_DOMAIN,RIVER_CONNECTED,cropland,1.818,river network (primary),0.0146
2023-06-09,P42_FLOODPLAIN_DOMAIN,RIVER_CONNECTED,built,19.633,river network (primary),0.1575
2023-06-09,P42_FLOODPLAIN_DOMAIN,RIVER_CONNECTED,bare_sparse,0.447,river network (primary),0.0036
2023-06-09,P42_FLOODPLAIN_DOMAIN,RIVER_CONNECTED,water,2.358,river network (primary),0.0189
2023-06-09,P42_FLOODPLAIN_DOMAIN,RIVER_CONNECTED,wetland,41.981,river network (primary),0.3368
2023-06-10,DNIPRO_CORRIDOR,RIVER_CONNECTED,0,0.278,river network (primary),0.0017
2023-06-10,DNIPRO_CORRIDOR,RIVER_CONNECTED,trees,34.241,river network (primary),0.2143
2023-06-10,DNIPRO_CORRIDOR,RIVER_CONNECTED,grass,45.714,river network (primary),0.2861
2023-06-10,DNIPRO_CORRIDOR,RIVER_CONNECTED,cropland,2.105,river network (primary),0.0132
2023-06-10,DNIPRO_CORRIDOR,RIVER_CONNECTED,built,23.884,river network (primary),0.1495
2023-06-10,DNIPRO_CORRIDOR,RIVER_CONNECTED,bare_sparse,0.475,river network (primary),0.003
2023-06-10,DNIPRO_CORRIDOR,RIVER_CONNECTED,water,2.54,river network (primary),0.0159
2023-06-10,DNIPRO_CORRIDOR,RIVER_CONNECTED,wetland,50.557,river network (primary),0.3164
2023-06-10,INHULETS_VALLEY_rect,RIVER_CONNECTED,trees,3.232,river network (primary),0.0682
2023-06-10,INHULETS_VALLEY_rect,RIVER_CONNECTED,grass,19.995,river network (primary),0.4217
2023-06-10,INHULETS_VALLEY_rect,RIVER_CONNECTED,cropland,18.684,river network (primary),0.3941
2023-06-10,INHULETS_VALLEY_rect,RIVER_CONNECTED,built,0.783,river network (primary),0.0165
2023-06-10,INHULETS_VALLEY_rect,RIVER_CONNECTED,water,2.566,river network (primary),0.0541
2023-06-10,INHULETS_VALLEY_rect,RIVER_CONNECTED,wetland,2.154,river network (primary),0.0454
2023-06-10,P42_FLOODPLAIN_DOMAIN,RIVER_CONNECTED,0,0.165,river network (primary),0.0014
2023-06-10,P42_FLOODPLAIN_DOMAIN,RIVER_CONNECTED,trees,20.529,river network (primary),0.1734
2023-06-10,P42_FLOODPLAIN_DOMAIN,RIVER_CONNECTED,grass,33.216,river network (primary),0.2806
2023-06-10,P42_FLOODPLAIN_DOMAIN,RIVER_CONNECTED,cropland,1.274,river network (primary),0.0108
2023-06-10,P42_FLOODPLAIN_DOMAIN,RIVER_CONNECTED,built,18.42,river network (primary),0.1556
2023-06-10,P42_FLOODPLAIN_DOMAIN,RIVER_CONNECTED,bare_sparse,0.412,river network (primary),0.0035
2023-06-10,P42_FLOODPLAIN_DOMAIN,RIVER_CONNECTED,water,2.332,river network (primary),0.0197
2023-06-10,P42_FLOODPLAIN_DOMAIN,RIVER_CONNECTED,wetland,42.028,river network (primary),0.355
2023-06-11,DNIPRO_CORRIDOR,RIVER_CONNECTED,0,0.268,river network (primary),0.0018
2023-06-11,DNIPRO_CORRIDOR,RIVER_CONNECTED,trees,31.084,river network (primary),0.2121
2023-06-11,DNIPRO_CORRIDOR,RIVER_CONNECTED,grass,38.216,river network (primary),0.2608
2023-06-11,DNIPRO_CORRIDOR,RIVER_CONNECTED,cropland,1.267,river network (primary),0.0086
2023-06-11,DNIPRO_CORRIDOR,RIVER_CONNECTED,built,21.797,river network (primary),0.1487
2023-06-11,DNIPRO_CORRIDOR,RIVER_CONNECTED,bare_sparse,0.467,river network (primary),0.0032
2023-06-11,DNIPRO_CORRIDOR,RIVER_CONNECTED,water,2.47,river network (primary),0.0169
2023-06-11,DNIPRO_CORRIDOR,RIVER_CONNECTED,wetland,50.977,river network (primary),0.3479
2023-06-11,INHULETS_VALLEY_rect,RIVER_CONNECTED,trees,2.737,river network (primary),0.0612
2023-06-11,INHULETS_VALLEY_rect,RIVER_CONNECTED,grass,18.654,river network (primary),0.4172
2023-06-11,INHULETS_VALLEY_rect,RIVER_CONNECTED,cropland,18.094,river network (primary),0.4047
2023-06-11,INHULETS_VALLEY_rect,RIVER_CONNECTED,built,0.582,river network (primary),0.013
2023-06-11,INHULETS_VALLEY_rect,RIVER_CONNECTED,water,2.502,river network (primary),0.056
2023-06-11,INHULETS_VALLEY_rect,RIVER_CONNECTED,wetland,2.146,river network (primary),0.048
2023-06-11,P42_FLOODPLAIN_DOMAIN,RIVER_CONNECTED,0,0.165,river network (primary),0.0015
2023-06-11,P42_FLOODPLAIN_DOMAIN,RIVER_CONNECTED,trees,18.941,river network (primary),0.1693
2023-06-11,P42_FLOODPLAIN_DOMAIN,RIVER_CONNECTED,grass,28.929,river network (primary),0.2586
2023-06-11,P42_FLOODPLAIN_DOMAIN,RIVER_CONNECTED,cropland,0.88,river network (primary),0.0079
2023-06-11,P42_FLOODPLAIN_DOMAIN,RIVER_CONNECTED,built,17.524,river network (primary),0.1566
2023-06-11,P42_FLOODPLAIN_DOMAIN,RIVER_CONNECTED,bare_sparse,0.43,river network (primary),0.0038
2023-06-11,P42_FLOODPLAIN_DOMAIN,RIVER_CONNECTED,water,2.294,river network (primary),0.0205
2023-06-11,P42_FLOODPLAIN_DOMAIN,RIVER_CONNECTED,wetland,42.71,river network (primary),0.3818
2023-06-12,DNIPRO_CORRIDOR,RIVER_CONNECTED,0,0.258,river network (primary),0.002
2023-06-12,DNIPRO_CORRIDOR,RIVER_CONNECTED,trees,27.415,river network (primary),0.2116
2023-06-12,DNIPRO_CORRIDOR,RIVER_CONNECTED,grass,32.01,river network (primary),0.2471
2023-06-12,DNIPRO_CORRIDOR,RIVER_CONNECTED,cropland,0.686,river network (primary),0.0053
2023-06-12,DNIPRO_CORRIDOR,RIVER_CONNECTED,built,17.154,river network (primary),0.1324
2023-06-12,DNIPRO_CORRIDOR,RIVER_CONNECTED,bare_sparse,0.257,river network (primary),0.002
2023-06-12,DNIPRO_CORRIDOR,RIVER_CONNECTED,water,2.366,river network (primary),0.0183
2023-06-12,DNIPRO_CORRIDOR,RIVER_CONNECTED,wetland,49.394,river network (primary),0.3813
2023-06-12,INHULETS_VALLEY_rect,RIVER_CONNECTED,trees,2.288,river network (primary),0.055
2023-06-12,INHULETS_VALLEY_rect,RIVER_CONNECTED,grass,17.211,river network (primary),0.4137
2023-06-12,INHULETS_VALLEY_rect,RIVER_CONNECTED,cropland,17.147,river network (primary),0.4122
2023-06-12,INHULETS_VALLEY_rect,RIVER_CONNECTED,built,0.387,river network (primary),0.0093
2023-06-12,INHULETS_VALLEY_rect,RIVER_CONNECTED,water,2.434,river network (primary),0.0585
2023-06-12,INHULETS_VALLEY_rect,RIVER_CONNECTED,wetland,2.132,river network (primary),0.0513
2023-06-12,P42_FLOODPLAIN_DOMAIN,RIVER_CONNECTED,0,0.165,river network (primary),0.0016
2023-06-12,P42_FLOODPLAIN_DOMAIN,RIVER_CONNECTED,trees,17.57,river network (primary),0.1722
2023-06-12,P42_FLOODPLAIN_DOMAIN,RIVER_CONNECTED,grass,25.118,river network (primary),0.2462
2023-06-12,P42_FLOODPLAIN_DOMAIN,RIVER_CONNECTED,cropland,0.532,river network (primary),0.0052
2023-06-12,P42_FLOODPLAIN_DOMAIN,RIVER_CONNECTED,built,14.231,river network (primary),0.1395
2023-06-12,P42_FLOODPLAIN_DOMAIN,RIVER_CONNECTED,bare_sparse,0.239,river network (primary),0.0023
2023-06-12,P42_FLOODPLAIN_DOMAIN,RIVER_CONNECTED,water,2.208,river network (primary),0.0216
2023-06-12,P42_FLOODPLAIN_DOMAIN,RIVER_CONNECTED,wetland,41.976,river network (primary),0.4114
2023-06-13,DNIPRO_CORRIDOR,RIVER_CONNECTED,0,0.245,river network (primary),0.0022
2023-06-13,DNIPRO_CORRIDOR,RIVER_CONNECTED,trees,23.846,river network (primary),0.2126
2023-06-13,DNIPRO_CORRIDOR,RIVER_CONNECTED,grass,24.786,river network (primary),0.221
2023-06-13,DNIPRO_CORRIDOR,RIVER_CONNECTED,cropland,0.368,river network (primary),0.0033
2023-06-13,DNIPRO_CORRIDOR,RIVER_CONNECTED,built,12.294,river network (primary),0.1096
2023-06-13,DNIPRO_CORRIDOR,RIVER_CONNECTED,bare_sparse,0.159,river network (primary),0.0014
2023-06-13,DNIPRO_CORRIDOR,RIVER_CONNECTED,water,2.232,river network (primary),0.0199
2023-06-13,DNIPRO_CORRIDOR,RIVER_CONNECTED,wetland,48.225,river network (primary),0.43
2023-06-13,INHULETS_VALLEY_rect,RIVER_CONNECTED,trees,1.694,river network (primary),0.0458
2023-06-13,INHULETS_VALLEY_rect,RIVER_CONNECTED,grass,15.367,river network (primary),0.4153
2023-06-13,INHULETS_VALLEY_rect,RIVER_CONNECTED,cropland,15.277,river network (primary),0.4128
2023-06-13,INHULETS_VALLEY_rect,RIVER_CONNECTED,built,0.226,river network (primary),0.0061
2023-06-13,INHULETS_VALLEY_rect,RIVER_CONNECTED,water,2.326,river network (primary),0.0629
2023-06-13,INHULETS_VALLEY_rect,RIVER_CONNECTED,wetland,2.115,river network (primary),0.0572
2023-06-13,P42_FLOODPLAIN_DOMAIN,RIVER_CONNECTED,0,0.165,river network (primary),0.0018
2023-06-13,P42_FLOODPLAIN_DOMAIN,RIVER_CONNECTED,trees,15.983,river network (primary),0.1747
2023-06-13,P42_FLOODPLAIN_DOMAIN,RIVER_CONNECTED,grass,20.495,river network (primary),0.224
2023-06-13,P42_FLOODPLAIN_DOMAIN,RIVER_CONNECTED,cropland,0.283,river network (primary),0.0031
2023-06-13,P42_FLOODPLAIN_DOMAIN,RIVER_CONNECTED,built,10.768,river network (primary),0.1177
2023-06-13,P42_FLOODPLAIN_DOMAIN,RIVER_CONNECTED,bare_sparse,0.151,river network (primary),0.0017
2023-06-13,P42_FLOODPLAIN_DOMAIN,RIVER_CONNECTED,water,2.098,river network (primary),0.0229
2023-06-13,P42_FLOODPLAIN_DOMAIN,RIVER_CONNECTED,wetland,41.55,river network (primary),0.4541
2023-06-14,DNIPRO_CORRIDOR,RIVER_CONNECTED,0,0.178,river network (primary),0.002
2023-06-14,DNIPRO_CORRIDOR,RIVER_CONNECTED,trees,19.544,river network (primary),0.217
2023-06-14,DNIPRO_CORRIDOR,RIVER_CONNECTED,grass,15.145,river network (primary),0.1682
2023-06-14,DNIPRO_CORRIDOR,RIVER_CONNECTED,cropland,0.175,river network (primary),0.0019
2023-06-14,DNIPRO_CORRIDOR,RIVER_CONNECTED,built,7.506,river network (primary),0.0833
2023-06-14,DNIPRO_CORRIDOR,RIVER_CONNECTED,bare_sparse,0.108,river network (primary),0.0012
2023-06-14,DNIPRO_CORRIDOR,RIVER_CONNECTED,water,2.094,river network (primary),0.0232
2023-06-14,DNIPRO_CORRIDOR,RIVER_CONNECTED,wetland,45.317,river network (primary),0.5031
2023-06-14,INHULETS_VALLEY_rect,RIVER_CONNECTED,trees,1.3,river network (primary),0.0416
2023-06-14,INHULETS_VALLEY_rect,RIVER_CONNECTED,grass,13.431,river network (primary),0.4303
2023-06-14,INHULETS_VALLEY_rect,RIVER_CONNECTED,cropland,12.228,river network (primary),0.3918
2023-06-14,INHULETS_VALLEY_rect,RIVER_CONNECTED,built,0.11,river network (primary),0.0035
2023-06-14,INHULETS_VALLEY_rect,RIVER_CONNECTED,water,2.105,river network (primary),0.0674
2023-06-14,INHULETS_VALLEY_rect,RIVER_CONNECTED,wetland,2.039,river network (primary),0.0653
2023-06-14,P42_FLOODPLAIN_DOMAIN,RIVER_CONNECTED,0,0.132,river network (primary),0.0017
2023-06-14,P42_FLOODPLAIN_DOMAIN,RIVER_CONNECTED,trees,14.091,river network (primary),0.184
2023-06-14,P42_FLOODPLAIN_DOMAIN,RIVER_CONNECTED,grass,13.35,river network (primary),0.1743
2023-06-14,P42_FLOODPLAIN_DOMAIN,RIVER_CONNECTED,cropland,0.132,river network (primary),0.0017
2023-06-14,P42_FLOODPLAIN_DOMAIN,RIVER_CONNECTED,built,6.994,river network (primary),0.0913
2023-06-14,P42_FLOODPLAIN_DOMAIN,RIVER_CONNECTED,bare_sparse,0.102,river network (primary),0.0013
2023-06-14,P42_FLOODPLAIN_DOMAIN,RIVER_CONNECTED,water,1.984,river network (primary),0.0259
2023-06-14,P42_FLOODPLAIN_DOMAIN,RIVER_CONNECTED,wetland,39.806,river network (primary),0.5197
2023-06-15,DNIPRO_CORRIDOR,RIVER_CONNECTED,0,0.122,river network (primary),0.0021
2023-06-15,DNIPRO_CORRIDOR,RIVER_CONNECTED,trees,12.358,river network (primary),0.2082
2023-06-15,DNIPRO_CORRIDOR,RIVER_CONNECTED,grass,9.92,river network (primary),0.1671
2023-06-15,DNIPRO_CORRIDOR,RIVER_CONNECTED,cropland,0.079,river network (primary),0.0013
2023-06-15,DNIPRO_CORRIDOR,RIVER_CONNECTED,built,4.916,river network (primary),0.0828
2023-06-15,DNIPRO_CORRIDOR,RIVER_CONNECTED,bare_sparse,0.078,river network (primary),0.0013
2023-06-15,DNIPRO_CORRIDOR,RIVER_CONNECTED,water,1.532,river network (primary),0.0258
2023-06-15,DNIPRO_CORRIDOR,RIVER_CONNECTED,wetland,30.347,river network (primary),0.5113
2023-06-15,INHULETS_VALLEY_rect,RIVER_CONNECTED,trees,1.047,river network (primary),0.0401
2023-06-15,INHULETS_VALLEY_rect,RIVER_CONNECTED,grass,11.605,river network (primary),0.4443
2023-06-15,INHULETS_VALLEY_rect,RIVER_CONNECTED,cropland,9.519,river network (primary),0.3644
2023-06-15,INHULETS_VALLEY_rect,RIVER_CONNECTED,built,0.052,river network (primary),0.002
2023-06-15,INHULETS_VALLEY_rect,RIVER_CONNECTED,water,1.948,river network (primary),0.0746
2023-06-15,INHULETS_VALLEY_rect,RIVER_CONNECTED,wetland,1.948,river network (primary),0.0746
2023-06-15,P42_FLOODPLAIN_DOMAIN,RIVER_CONNECTED,0,0.108,river network (primary),0.002
2023-06-15,P42_FLOODPLAIN_DOMAIN,RIVER_CONNECTED,trees,11.454,river network (primary),0.2097
2023-06-15,P42_FLOODPLAIN_DOMAIN,RIVER_CONNECTED,grass,9.282,river network (primary),0.17
2023-06-15,P42_FLOODPLAIN_DOMAIN,RIVER_CONNECTED,cropland,0.056,river network (primary),0.001
2023-06-15,P42_FLOODPLAIN_DOMAIN,RIVER_CONNECTED,built,4.747,river network (primary),0.0869
2023-06-15,P42_FLOODPLAIN_DOMAIN,RIVER_CONNECTED,bare_sparse,0.076,river network (primary),0.0014
2023-06-15,P42_FLOODPLAIN_DOMAIN,RIVER_CONNECTED,water,1.453,river network (primary),0.0266
2023-06-15,P42_FLOODPLAIN_DOMAIN,RIVER_CONNECTED,wetland,27.439,river network (primary),0.5024
2023-06-16,DNIPRO_CORRIDOR,RIVER_CONNECTED,0,0.113,river network (primary),0.0022
2023-06-16,DNIPRO_CORRIDOR,RIVER_CONNECTED,trees,10.664,river network (primary),0.2113
2023-06-16,DNIPRO_CORRIDOR,RIVER_CONNECTED,grass,6.902,river network (primary),0.1368
2023-06-16,DNIPRO_CORRIDOR,RIVER_CONNECTED,cropland,0.037,river network (primary),0.0007
2023-06-16,DNIPRO_CORRIDOR,RIVER_CONNECTED,built,3.143,river network (primary),0.0623
2023-06-16,DNIPRO_CORRIDOR,RIVER_CONNECTED,bare_sparse,0.058,river network (primary),0.0011
2023-06-16,DNIPRO_CORRIDOR,RIVER_CONNECTED,water,1.393,river network (primary),0.0276
2023-06-16,DNIPRO_CORRIDOR,RIVER_CONNECTED,wetland,28.155,river network (primary),0.5579
2023-06-16,INHULETS_VALLEY_rect,RIVER_CONNECTED,trees,0.738,river network (primary),0.0378
2023-06-16,INHULETS_VALLEY_rect,RIVER_CONNECTED,grass,9.531,river network (primary),0.488
2023-06-16,INHULETS_VALLEY_rect,RIVER_CONNECTED,cropland,5.944,river network (primary),0.3044
2023-06-16,INHULETS_VALLEY_rect,RIVER_CONNECTED,built,0.021,river network (primary),0.0011
2023-06-16,INHULETS_VALLEY_rect,RIVER_CONNECTED,water,1.506,river network (primary),0.0771
2023-06-16,INHULETS_VALLEY_rect,RIVER_CONNECTED,wetland,1.789,river network (primary),0.0916
2023-06-16,P42_FLOODPLAIN_DOMAIN,RIVER_CONNECTED,0,0.099,river network (primary),0.0021
2023-06-16,P42_FLOODPLAIN_DOMAIN,RIVER_CONNECTED,trees,10.002,river network (primary),0.2152
2023-06-16,P42_FLOODPLAIN_DOMAIN,RIVER_CONNECTED,grass,6.454,river network (primary),0.1389
2023-06-16,P42_FLOODPLAIN_DOMAIN,RIVER_CONNECTED,cropland,0.024,river network (primary),0.0005
2023-06-16,P42_FLOODPLAIN_DOMAIN,RIVER_CONNECTED,built,3.083,river network (primary),0.0663
2023-06-16,P42_FLOODPLAIN_DOMAIN,RIVER_CONNECTED,bare_sparse,0.056,river network (primary),0.0012
2023-06-16,P42_FLOODPLAIN_DOMAIN,RIVER_CONNECTED,water,1.334,river network (primary),0.0287
2023-06-16,P42_FLOODPLAIN_DOMAIN,RIVER_CONNECTED,wetland,25.429,river network (primary),0.5471
2023-06-18,DNIPRO_CORRIDOR,RIVER_CONNECTED,0,0.08,river network (primary),0.0024
2023-06-18,DNIPRO_CORRIDOR,RIVER_CONNECTED,trees,6.198,river network (primary),0.1829
2023-06-18,DNIPRO_CORRIDOR,RIVER_CONNECTED,grass,2.778,river network (primary),0.082
2023-06-18,DNIPRO_CORRIDOR,RIVER_CONNECTED,cropland,0.008,river network (primary),0.0002
2023-06-18,DNIPRO_CORRIDOR,RIVER_CONNECTED,built,0.863,river network (primary),0.0255
2023-06-18,DNIPRO_CORRIDOR,RIVER_CONNECTED,bare_sparse,0.026,river network (primary),0.0008
2023-06-18,DNIPRO_CORRIDOR,RIVER_CONNECTED,water,0.932,river network (primary),0.0275
2023-06-18,DNIPRO_CORRIDOR,RIVER_CONNECTED,wetland,23.008,river network (primary),0.6788
2023-06-18,INHULETS_VALLEY_rect,RIVER_CONNECTED,trees,0.248,river network (primary),0.0246
2023-06-18,INHULETS_VALLEY_rect,RIVER_CONNECTED,grass,5.853,river network (primary),0.5796
2023-06-18,INHULETS_VALLEY_rect,RIVER_CONNECTED,cropland,1.886,river network (primary),0.1868
2023-06-18,INHULETS_VALLEY_rect,RIVER_CONNECTED,built,0.006,river network (primary),0.0006
2023-06-18,INHULETS_VALLEY_rect,RIVER_CONNECTED,water,1.007,river network (primary),0.0997
2023-06-18,INHULETS_VALLEY_rect,RIVER_CONNECTED,wetland,1.099,river network (primary),0.1088
2023-06-18,P42_FLOODPLAIN_DOMAIN,RIVER_CONNECTED,0,0.067,river network (primary),0.0022
2023-06-18,P42_FLOODPLAIN_DOMAIN,RIVER_CONNECTED,trees,5.779,river network (primary),0.189
2023-06-18,P42_FLOODPLAIN_DOMAIN,RIVER_CONNECTED,grass,2.575,river network (primary),0.0842
2023-06-18,P42_FLOODPLAIN_DOMAIN,RIVER_CONNECTED,cropland,0.007,river network (primary),0.0002
2023-06-18,P42_FLOODPLAIN_DOMAIN,RIVER_CONNECTED,built,0.839,river network (primary),0.0274
2023-06-18,P42_FLOODPLAIN_DOMAIN,RIVER_CONNECTED,bare_sparse,0.026,river network (primary),0.0009
2023-06-18,P42_FLOODPLAIN_DOMAIN,RIVER_CONNECTED,water,0.885,river network (primary),0.029
2023-06-18,P42_FLOODPLAIN_DOMAIN,RIVER_CONNECTED,wetland,20.391,river network (primary),0.667
2023-06-21,DNIPRO_CORRIDOR,RIVER_CONNECTED,0,0.004,river network (primary),0.001
2023-06-21,DNIPRO_CORRIDOR,RIVER_CONNECTED,trees,0.358,river network (primary),0.0876
2023-06-21,DNIPRO_CORRIDOR,RIVER_CONNECTED,grass,0.066,river network (primary),0.0162
2023-06-21,DNIPRO_CORRIDOR,RIVER_CONNECTED,cropland,0.001,river network (primary),0.0002
2023-06-21,DNIPRO_CORRIDOR,RIVER_CONNECTED,built,0.08,river network (primary),0.0196
2023-06-21,DNIPRO_CORRIDOR,RIVER_CONNECTED,bare_sparse,0.004,river network (primary),0.001
2023-06-21,DNIPRO_CORRIDOR,RIVER_CONNECTED,water,0.073,river network (primary),0.0179
2023-06-21,DNIPRO_CORRIDOR,RIVER_CONNECTED,wetland,3.499,river network (primary),0.8565
2023-06-21,P42_FLOODPLAIN_DOMAIN,RIVER_CONNECTED,0,0.003,river network (primary),0.0008
2023-06-21,P42_FLOODPLAIN_DOMAIN,RIVER_CONNECTED,trees,0.293,river network (primary),0.0813
2023-06-21,P42_FLOODPLAIN_DOMAIN,RIVER_CONNECTED,grass,0.061,river network (primary),0.0169
2023-06-21,P42_FLOODPLAIN_DOMAIN,RIVER_CONNECTED,cropland,0.001,river network (primary),0.0003
2023-06-21,P42_FLOODPLAIN_DOMAIN,RIVER_CONNECTED,built,0.078,river network (primary),0.0216
2023-06-21,P42_FLOODPLAIN_DOMAIN,RIVER_CONNECTED,bare_sparse,0.004,river network (primary),0.0011
2023-06-21,P42_FLOODPLAIN_DOMAIN,RIVER_CONNECTED,water,0.072,river network (primary),0.02
2023-06-21,P42_FLOODPLAIN_DOMAIN,RIVER_CONNECTED,wetland,3.092,river network (primary),0.8579
2023-06-25,DNIPRO_CORRIDOR,RIVER_CONNECTED,grass,0.0,river network (primary),0.0
2023-06-25,DNIPRO_CORRIDOR,RIVER_CONNECTED,wetland,0.006,river network (primary),1.0
2023-06-25,P42_FLOODPLAIN_DOMAIN,RIVER_CONNECTED,grass,0.0,river network (primary),0.0
2023-06-25,P42_FLOODPLAIN_DOMAIN,RIVER_CONNECTED,wetland,0.006,river network (primary),1.0
2023-06-30,DNIPRO_CORRIDOR,RIVER_CONNECTED,trees,0.0,river network (primary),0.0
2023-06-30,DNIPRO_CORRIDOR,RIVER_CONNECTED,grass,0.002,river network (primary),0.0294
2023-06-30,DNIPRO_CORRIDOR,RIVER_CONNECTED,wetland,0.066,river network (primary),0.9706
2023-06-30,P42_FLOODPLAIN_DOMAIN,RIVER_CONNECTED,grass,0.002,river network (primary),0.0526
2023-06-30,P42_FLOODPLAIN_DOMAIN,RIVER_CONNECTED,wetland,0.036,river network (primary),0.9474
